medida,dimensao,tipo_linha,competencia,ano,categoria,valor,valor_original,linha_fonte,source_id
Valor médio intern,Caráter atendimento,ano_publicado,,2019.0,Eletivo,,...,6,SIH01
Valor médio intern,Caráter atendimento,ano_publicado,,2019.0,Urgência,3328.26,"3328,26",6,SIH01
Valor médio intern,Caráter atendimento,ano_publicado,,2019.0,Outros ac trab,2975.54,"2975,54",6,SIH01
Valor médio intern,Caráter atendimento,ano_publicado,,2019.0,Outras caus ext,2144.02,"2144,02",6,SIH01
Valor médio intern,Caráter atendimento,ano_publicado,,2019.0,Total,3103.6,"3103,60",6,SIH01
Valor médio intern,Caráter atendimento,mensal,2019-12,2019.0,Eletivo,,...,7,SIH01
Valor médio intern,Caráter atendimento,mensal,2019-12,2019.0,Urgência,3328.26,"3328,26",7,SIH01
Valor médio intern,Caráter atendimento,mensal,2019-12,2019.0,Outros ac trab,2975.54,"2975,54",7,SIH01
Valor médio intern,Caráter atendimento,mensal,2019-12,2019.0,Outras caus ext,2144.02,"2144,02",7,SIH01
Valor médio intern,Caráter atendimento,mensal,2019-12,2019.0,Total,3103.6,"3103,60",7,SIH01
Valor médio intern,Caráter atendimento,ano_publicado,,2020.0,Eletivo,5471.0,"5471,00",8,SIH01
Valor médio intern,Caráter atendimento,ano_publicado,,2020.0,Urgência,3411.22,"3411,22",8,SIH01
Valor médio intern,Caráter atendimento,ano_publicado,,2020.0,Outros ac trab,920.89,"920,89",8,SIH01
Valor médio intern,Caráter atendimento,ano_publicado,,2020.0,Outras caus ext,1048.28,"1048,28",8,SIH01
Valor médio intern,Caráter atendimento,ano_publicado,,2020.0,Total,2902.87,"2902,87",8,SIH01
Valor médio intern,Caráter atendimento,mensal,2020-01,2020.0,Eletivo,,...,9,SIH01
Valor médio intern,Caráter atendimento,mensal,2020-01,2020.0,Urgência,2471.86,"2471,86",9,SIH01
Valor médio intern,Caráter atendimento,mensal,2020-01,2020.0,Outros ac trab,743.34,"743,34",9,SIH01
Valor médio intern,Caráter atendimento,mensal,2020-01,2020.0,Outras caus ext,1092.7,"1092,70",9,SIH01
Valor médio intern,Caráter atendimento,mensal,2020-01,2020.0,Total,2060.01,"2060,01",9,SIH01
Valor médio intern,Caráter atendimento,mensal,2020-02,2020.0,Eletivo,,...,10,SIH01
Valor médio intern,Caráter atendimento,mensal,2020-02,2020.0,Urgência,2278.33,"2278,33",10,SIH01
Valor médio intern,Caráter atendimento,mensal,2020-02,2020.0,Outros ac trab,765.21,"765,21",10,SIH01
Valor médio intern,Caráter atendimento,mensal,2020-02,2020.0,Outras caus ext,1288.54,"1288,54",10,SIH01
Valor médio intern,Caráter atendimento,mensal,2020-02,2020.0,Total,2044.54,"2044,54",10,SIH01
Valor médio intern,Caráter atendimento,mensal,2020-03,2020.0,Eletivo,,...,11,SIH01
Valor médio intern,Caráter atendimento,mensal,2020-03,2020.0,Urgência,2224.49,"2224,49",11,SIH01
Valor médio intern,Caráter atendimento,mensal,2020-03,2020.0,Outros ac trab,803.13,"803,13",11,SIH01
Valor médio intern,Caráter atendimento,mensal,2020-03,2020.0,Outras caus ext,1023.75,"1023,75",11,SIH01
Valor médio intern,Caráter atendimento,mensal,2020-03,2020.0,Total,1826.78,"1826,78",11,SIH01
Valor médio intern,Caráter atendimento,mensal,2020-04,2020.0,Eletivo,,...,12,SIH01
Valor médio intern,Caráter atendimento,mensal,2020-04,2020.0,Urgência,3978.1,"3978,10",12,SIH01
Valor médio intern,Caráter atendimento,mensal,2020-04,2020.0,Outros ac trab,795.59,"795,59",12,SIH01
Valor médio intern,Caráter atendimento,mensal,2020-04,2020.0,Outras caus ext,1108.38,"1108,38",12,SIH01
Valor médio intern,Caráter atendimento,mensal,2020-04,2020.0,Total,3474.94,"3474,94",12,SIH01
Valor médio intern,Caráter atendimento,mensal,2020-05,2020.0,Eletivo,,...,13,SIH01
Valor médio intern,Caráter atendimento,mensal,2020-05,2020.0,Urgência,4915.31,"4915,31",13,SIH01
Valor médio intern,Caráter atendimento,mensal,2020-05,2020.0,Outros ac trab,813.43,"813,43",13,SIH01
Valor médio intern,Caráter atendimento,mensal,2020-05,2020.0,Outras caus ext,938.78,"938,78",13,SIH01
Valor médio intern,Caráter atendimento,mensal,2020-05,2020.0,Total,4241.99,"4241,99",13,SIH01
Valor médio intern,Caráter atendimento,mensal,2020-06,2020.0,Eletivo,,...,14,SIH01
Valor médio intern,Caráter atendimento,mensal,2020-06,2020.0,Urgência,4848.27,"4848,27",14,SIH01
Valor médio intern,Caráter atendimento,mensal,2020-06,2020.0,Outros ac trab,933.08,"933,08",14,SIH01
Valor médio intern,Caráter atendimento,mensal,2020-06,2020.0,Outras caus ext,778.91,"778,91",14,SIH01
Valor médio intern,Caráter atendimento,mensal,2020-06,2020.0,Total,4044.99,"4044,99",14,SIH01
Valor médio intern,Caráter atendimento,mensal,2020-07,2020.0,Eletivo,,...,15,SIH01
Valor médio intern,Caráter atendimento,mensal,2020-07,2020.0,Urgência,3463.18,"3463,18",15,SIH01
Valor médio intern,Caráter atendimento,mensal,2020-07,2020.0,Outros ac trab,1022.13,"1022,13",15,SIH01
Valor médio intern,Caráter atendimento,mensal,2020-07,2020.0,Outras caus ext,1334.53,"1334,53",15,SIH01
Valor médio intern,Caráter atendimento,mensal,2020-07,2020.0,Total,3041.05,"3041,05",15,SIH01
Valor médio intern,Caráter atendimento,mensal,2020-08,2020.0,Eletivo,,...,16,SIH01
Valor médio intern,Caráter atendimento,mensal,2020-08,2020.0,Urgência,3394.0,"3394,00",16,SIH01
Valor médio intern,Caráter atendimento,mensal,2020-08,2020.0,Outros ac trab,1091.45,"1091,45",16,SIH01
Valor médio intern,Caráter atendimento,mensal,2020-08,2020.0,Outras caus ext,822.17,"822,17",16,SIH01
Valor médio intern,Caráter atendimento,mensal,2020-08,2020.0,Total,2718.57,"2718,57",16,SIH01
Valor médio intern,Caráter atendimento,mensal,2020-09,2020.0,Eletivo,6124.29,"6124,29",17,SIH01
Valor médio intern,Caráter atendimento,mensal,2020-09,2020.0,Urgência,2808.71,"2808,71",17,SIH01
Valor médio intern,Caráter atendimento,mensal,2020-09,2020.0,Outros ac trab,1253.33,"1253,33",17,SIH01
Valor médio intern,Caráter atendimento,mensal,2020-09,2020.0,Outras caus ext,814.34,"814,34",17,SIH01
Valor médio intern,Caráter atendimento,mensal,2020-09,2020.0,Total,2503.87,"2503,87",17,SIH01
Valor médio intern,Caráter atendimento,mensal,2020-10,2020.0,Eletivo,4817.71,"4817,71",18,SIH01
Valor médio intern,Caráter atendimento,mensal,2020-10,2020.0,Urgência,2318.09,"2318,09",18,SIH01
Valor médio intern,Caráter atendimento,mensal,2020-10,2020.0,Outros ac trab,912.44,"912,44",18,SIH01
Valor médio intern,Caráter atendimento,mensal,2020-10,2020.0,Outras caus ext,559.2,"559,20",18,SIH01
Valor médio intern,Caráter atendimento,mensal,2020-10,2020.0,Total,2252.21,"2252,21",18,SIH01
Valor médio intern,Caráter atendimento,mensal,2020-11,2020.0,Eletivo,,...,19,SIH01
Valor médio intern,Caráter atendimento,mensal,2020-11,2020.0,Urgência,3290.5,"3290,50",19,SIH01
Valor médio intern,Caráter atendimento,mensal,2020-11,2020.0,Outros ac trab,894.17,"894,17",19,SIH01
Valor médio intern,Caráter atendimento,mensal,2020-11,2020.0,Outras caus ext,1124.6,"1124,60",19,SIH01
Valor médio intern,Caráter atendimento,mensal,2020-11,2020.0,Total,2703.82,"2703,82",19,SIH01
Valor médio intern,Caráter atendimento,mensal,2020-12,2020.0,Eletivo,,...,20,SIH01
Valor médio intern,Caráter atendimento,mensal,2020-12,2020.0,Urgência,5147.44,"5147,44",20,SIH01
Valor médio intern,Caráter atendimento,mensal,2020-12,2020.0,Outros ac trab,1004.83,"1004,83",20,SIH01
Valor médio intern,Caráter atendimento,mensal,2020-12,2020.0,Outras caus ext,1117.27,"1117,27",20,SIH01
Valor médio intern,Caráter atendimento,mensal,2020-12,2020.0,Total,4102.58,"4102,58",20,SIH01
Valor médio intern,Caráter atendimento,ano_publicado,,2021.0,Eletivo,3734.86,"3734,86",21,SIH01
Valor médio intern,Caráter atendimento,ano_publicado,,2021.0,Urgência,4362.23,"4362,23",21,SIH01
Valor médio intern,Caráter atendimento,ano_publicado,,2021.0,Outros ac trab,1094.47,"1094,47",21,SIH01
Valor médio intern,Caráter atendimento,ano_publicado,,2021.0,Outras caus ext,1146.31,"1146,31",21,SIH01
Valor médio intern,Caráter atendimento,ano_publicado,,2021.0,Total,3910.45,"3910,45",21,SIH01
Valor médio intern,Caráter atendimento,mensal,2021-01,2021.0,Eletivo,,...,22,SIH01
Valor médio intern,Caráter atendimento,mensal,2021-01,2021.0,Urgência,4788.92,"4788,92",22,SIH01
Valor médio intern,Caráter atendimento,mensal,2021-01,2021.0,Outros ac trab,1001.02,"1001,02",22,SIH01
Valor médio intern,Caráter atendimento,mensal,2021-01,2021.0,Outras caus ext,1242.09,"1242,09",22,SIH01
Valor médio intern,Caráter atendimento,mensal,2021-01,2021.0,Total,4199.77,"4199,77",22,SIH01
Valor médio intern,Caráter atendimento,mensal,2021-02,2021.0,Eletivo,,...,23,SIH01
Valor médio intern,Caráter atendimento,mensal,2021-02,2021.0,Urgência,4938.45,"4938,45",23,SIH01
Valor médio intern,Caráter atendimento,mensal,2021-02,2021.0,Outros ac trab,852.79,"852,79",23,SIH01
Valor médio intern,Caráter atendimento,mensal,2021-02,2021.0,Outras caus ext,1140.11,"1140,11",23,SIH01
Valor médio intern,Caráter atendimento,mensal,2021-02,2021.0,Total,4350.55,"4350,55",23,SIH01
Valor médio intern,Caráter atendimento,mensal,2021-03,2021.0,Eletivo,,...,24,SIH01
Valor médio intern,Caráter atendimento,mensal,2021-03,2021.0,Urgência,5753.65,"5753,65",24,SIH01
Valor médio intern,Caráter atendimento,mensal,2021-03,2021.0,Outros ac trab,846.25,"846,25",24,SIH01
Valor médio intern,Caráter atendimento,mensal,2021-03,2021.0,Outras caus ext,1048.48,"1048,48",24,SIH01
Valor médio intern,Caráter atendimento,mensal,2021-03,2021.0,Total,4872.64,"4872,64",24,SIH01
Valor médio intern,Caráter atendimento,mensal,2021-04,2021.0,Eletivo,,...,25,SIH01
Valor médio intern,Caráter atendimento,mensal,2021-04,2021.0,Urgência,5243.39,"5243,39",25,SIH01
Valor médio intern,Caráter atendimento,mensal,2021-04,2021.0,Outros ac trab,1197.98,"1197,98",25,SIH01
Valor médio intern,Caráter atendimento,mensal,2021-04,2021.0,Outras caus ext,1274.84,"1274,84",25,SIH01
Valor médio intern,Caráter atendimento,mensal,2021-04,2021.0,Total,4683.53,"4683,53",25,SIH01
Valor médio intern,Caráter atendimento,mensal,2021-05,2021.0,Eletivo,,...,26,SIH01
Valor médio intern,Caráter atendimento,mensal,2021-05,2021.0,Urgência,6056.79,"6056,79",26,SIH01
Valor médio intern,Caráter atendimento,mensal,2021-05,2021.0,Outros ac trab,1192.67,"1192,67",26,SIH01
Valor médio intern,Caráter atendimento,mensal,2021-05,2021.0,Outras caus ext,1305.84,"1305,84",26,SIH01
Valor médio intern,Caráter atendimento,mensal,2021-05,2021.0,Total,5237.6,"5237,60",26,SIH01
Valor médio intern,Caráter atendimento,mensal,2021-06,2021.0,Eletivo,,...,27,SIH01
Valor médio intern,Caráter atendimento,mensal,2021-06,2021.0,Urgência,4920.08,"4920,08",27,SIH01
Valor médio intern,Caráter atendimento,mensal,2021-06,2021.0,Outros ac trab,1953.17,"1953,17",27,SIH01
Valor médio intern,Caráter atendimento,mensal,2021-06,2021.0,Outras caus ext,1245.74,"1245,74",27,SIH01
Valor médio intern,Caráter atendimento,mensal,2021-06,2021.0,Total,4381.56,"4381,56",27,SIH01
Valor médio intern,Caráter atendimento,mensal,2021-07,2021.0,Eletivo,7270.4,"7270,40",28,SIH01
Valor médio intern,Caráter atendimento,mensal,2021-07,2021.0,Urgência,4559.12,"4559,12",28,SIH01
Valor médio intern,Caráter atendimento,mensal,2021-07,2021.0,Outros ac trab,1213.2,"1213,20",28,SIH01
Valor médio intern,Caráter atendimento,mensal,2021-07,2021.0,Outras caus ext,1341.02,"1341,02",28,SIH01
Valor médio intern,Caráter atendimento,mensal,2021-07,2021.0,Total,4139.8,"4139,80",28,SIH01
Valor médio intern,Caráter atendimento,mensal,2021-08,2021.0,Eletivo,,...,29,SIH01
Valor médio intern,Caráter atendimento,mensal,2021-08,2021.0,Urgência,4206.67,"4206,67",29,SIH01
Valor médio intern,Caráter atendimento,mensal,2021-08,2021.0,Outros ac trab,984.52,"984,52",29,SIH01
Valor médio intern,Caráter atendimento,mensal,2021-08,2021.0,Outras caus ext,1122.75,"1122,75",29,SIH01
Valor médio intern,Caráter atendimento,mensal,2021-08,2021.0,Total,3700.22,"3700,22",29,SIH01
Valor médio intern,Caráter atendimento,mensal,2021-09,2021.0,Eletivo,,...,30,SIH01
Valor médio intern,Caráter atendimento,mensal,2021-09,2021.0,Urgência,3388.67,"3388,67",30,SIH01
Valor médio intern,Caráter atendimento,mensal,2021-09,2021.0,Outros ac trab,1060.28,"1060,28",30,SIH01
Valor médio intern,Caráter atendimento,mensal,2021-09,2021.0,Outras caus ext,1358.1,"1358,10",30,SIH01
Valor médio intern,Caráter atendimento,mensal,2021-09,2021.0,Total,3126.09,"3126,09",30,SIH01
Valor médio intern,Caráter atendimento,mensal,2021-10,2021.0,Eletivo,,...,31,SIH01
Valor médio intern,Caráter atendimento,mensal,2021-10,2021.0,Urgência,3271.86,"3271,86",31,SIH01
Valor médio intern,Caráter atendimento,mensal,2021-10,2021.0,Outros ac trab,1156.92,"1156,92",31,SIH01
Valor médio intern,Caráter atendimento,mensal,2021-10,2021.0,Outras caus ext,298.78,"298,78",31,SIH01
Valor médio intern,Caráter atendimento,mensal,2021-10,2021.0,Total,3242.64,"3242,64",31,SIH01
Valor médio intern,Caráter atendimento,mensal,2021-11,2021.0,Eletivo,,...,32,SIH01
Valor médio intern,Caráter atendimento,mensal,2021-11,2021.0,Urgência,3123.19,"3123,19",32,SIH01
Valor médio intern,Caráter atendimento,mensal,2021-11,2021.0,Outros ac trab,769.55,"769,55",32,SIH01
Valor médio intern,Caráter atendimento,mensal,2021-11,2021.0,Outras caus ext,746.51,"746,51",32,SIH01
Valor médio intern,Caráter atendimento,mensal,2021-11,2021.0,Total,2789.01,"2789,01",32,SIH01
Valor médio intern,Caráter atendimento,mensal,2021-12,2021.0,Eletivo,199.33,"199,33",33,SIH01
Valor médio intern,Caráter atendimento,mensal,2021-12,2021.0,Urgência,2592.22,"2592,22",33,SIH01
Valor médio intern,Caráter atendimento,mensal,2021-12,2021.0,Outros ac trab,1240.52,"1240,52",33,SIH01
Valor médio intern,Caráter atendimento,mensal,2021-12,2021.0,Outras caus ext,856.08,"856,08",33,SIH01
Valor médio intern,Caráter atendimento,mensal,2021-12,2021.0,Total,2368.65,"2368,65",33,SIH01
Valor médio intern,Caráter atendimento,ano_publicado,,2022.0,Eletivo,2206.09,"2206,09",34,SIH01
Valor médio intern,Caráter atendimento,ano_publicado,,2022.0,Urgência,2242.15,"2242,15",34,SIH01
Valor médio intern,Caráter atendimento,ano_publicado,,2022.0,Outros ac trab,1067.86,"1067,86",34,SIH01
Valor médio intern,Caráter atendimento,ano_publicado,,2022.0,Outras caus ext,1043.51,"1043,51",34,SIH01
Valor médio intern,Caráter atendimento,ano_publicado,,2022.0,Total,2102.34,"2102,34",34,SIH01
Valor médio intern,Caráter atendimento,mensal,2022-01,2022.0,Eletivo,414.04,"414,04",35,SIH01
Valor médio intern,Caráter atendimento,mensal,2022-01,2022.0,Urgência,3691.49,"3691,49",35,SIH01
Valor médio intern,Caráter atendimento,mensal,2022-01,2022.0,Outros ac trab,1051.99,"1051,99",35,SIH01
Valor médio intern,Caráter atendimento,mensal,2022-01,2022.0,Outras caus ext,575.78,"575,78",35,SIH01
Valor médio intern,Caráter atendimento,mensal,2022-01,2022.0,Total,3281.3,"3281,30",35,SIH01
Valor médio intern,Caráter atendimento,mensal,2022-02,2022.0,Eletivo,,...,36,SIH01
Valor médio intern,Caráter atendimento,mensal,2022-02,2022.0,Urgência,2822.28,"2822,28",36,SIH01
Valor médio intern,Caráter atendimento,mensal,2022-02,2022.0,Outros ac trab,1113.88,"1113,88",36,SIH01
Valor médio intern,Caráter atendimento,mensal,2022-02,2022.0,Outras caus ext,1056.05,"1056,05",36,SIH01
Valor médio intern,Caráter atendimento,mensal,2022-02,2022.0,Total,2608.05,"2608,05",36,SIH01
Valor médio intern,Caráter atendimento,mensal,2022-03,2022.0,Eletivo,,...,37,SIH01
Valor médio intern,Caráter atendimento,mensal,2022-03,2022.0,Urgência,2253.96,"2253,96",37,SIH01
Valor médio intern,Caráter atendimento,mensal,2022-03,2022.0,Outros ac trab,1061.12,"1061,12",37,SIH01
Valor médio intern,Caráter atendimento,mensal,2022-03,2022.0,Outras caus ext,1321.63,"1321,63",37,SIH01
Valor médio intern,Caráter atendimento,mensal,2022-03,2022.0,Total,2086.68,"2086,68",37,SIH01
Valor médio intern,Caráter atendimento,mensal,2022-04,2022.0,Eletivo,,...,38,SIH01
Valor médio intern,Caráter atendimento,mensal,2022-04,2022.0,Urgência,2477.25,"2477,25",38,SIH01
Valor médio intern,Caráter atendimento,mensal,2022-04,2022.0,Outros ac trab,996.5,"996,50",38,SIH01
Valor médio intern,Caráter atendimento,mensal,2022-04,2022.0,Outras caus ext,1358.65,"1358,65",38,SIH01
Valor médio intern,Caráter atendimento,mensal,2022-04,2022.0,Total,2303.33,"2303,33",38,SIH01
Valor médio intern,Caráter atendimento,mensal,2022-05,2022.0,Eletivo,1674.8,"1674,80",39,SIH01
Valor médio intern,Caráter atendimento,mensal,2022-05,2022.0,Urgência,2454.98,"2454,98",39,SIH01
Valor médio intern,Caráter atendimento,mensal,2022-05,2022.0,Outros ac trab,1035.51,"1035,51",39,SIH01
Valor médio intern,Caráter atendimento,mensal,2022-05,2022.0,Outras caus ext,814.79,"814,79",39,SIH01
Valor médio intern,Caráter atendimento,mensal,2022-05,2022.0,Total,2234.49,"2234,49",39,SIH01
Valor médio intern,Caráter atendimento,mensal,2022-06,2022.0,Eletivo,1272.55,"1272,55",40,SIH01
Valor médio intern,Caráter atendimento,mensal,2022-06,2022.0,Urgência,1976.02,"1976,02",40,SIH01
Valor médio intern,Caráter atendimento,mensal,2022-06,2022.0,Outros ac trab,1098.07,"1098,07",40,SIH01
Valor médio intern,Caráter atendimento,mensal,2022-06,2022.0,Outras caus ext,947.99,"947,99",40,SIH01
Valor médio intern,Caráter atendimento,mensal,2022-06,2022.0,Total,1843.82,"1843,82",40,SIH01
Valor médio intern,Caráter atendimento,mensal,2022-07,2022.0,Eletivo,,...,41,SIH01
Valor médio intern,Caráter atendimento,mensal,2022-07,2022.0,Urgência,1661.35,"1661,35",41,SIH01
Valor médio intern,Caráter atendimento,mensal,2022-07,2022.0,Outros ac trab,1170.49,"1170,49",41,SIH01
Valor médio intern,Caráter atendimento,mensal,2022-07,2022.0,Outras caus ext,1167.18,"1167,18",41,SIH01
Valor médio intern,Caráter atendimento,mensal,2022-07,2022.0,Total,1595.5,"1595,50",41,SIH01
Valor médio intern,Caráter atendimento,mensal,2022-08,2022.0,Eletivo,4930.88,"4930,88",42,SIH01
Valor médio intern,Caráter atendimento,mensal,2022-08,2022.0,Urgência,1642.15,"1642,15",42,SIH01
Valor médio intern,Caráter atendimento,mensal,2022-08,2022.0,Outros ac trab,1109.09,"1109,09",42,SIH01
Valor médio intern,Caráter atendimento,mensal,2022-08,2022.0,Outras caus ext,1346.34,"1346,34",42,SIH01
Valor médio intern,Caráter atendimento,mensal,2022-08,2022.0,Total,1631.66,"1631,66",42,SIH01
Valor médio intern,Caráter atendimento,mensal,2022-09,2022.0,Eletivo,1607.93,"1607,93",43,SIH01
Valor médio intern,Caráter atendimento,mensal,2022-09,2022.0,Urgência,2122.14,"2122,14",43,SIH01
Valor médio intern,Caráter atendimento,mensal,2022-09,2022.0,Outros ac trab,1075.45,"1075,45",43,SIH01
Valor médio intern,Caráter atendimento,mensal,2022-09,2022.0,Outras caus ext,1035.16,"1035,16",43,SIH01
Valor médio intern,Caráter atendimento,mensal,2022-09,2022.0,Total,1988.69,"1988,69",43,SIH01
Valor médio intern,Caráter atendimento,mensal,2022-10,2022.0,Eletivo,1851.6,"1851,60",44,SIH01
Valor médio intern,Caráter atendimento,mensal,2022-10,2022.0,Urgência,1625.5,"1625,50",44,SIH01
Valor médio intern,Caráter atendimento,mensal,2022-10,2022.0,Outros ac trab,1031.12,"1031,12",44,SIH01
Valor médio intern,Caráter atendimento,mensal,2022-10,2022.0,Outras caus ext,1569.07,"1569,07",44,SIH01
Valor médio intern,Caráter atendimento,mensal,2022-10,2022.0,Total,1628.46,"1628,46",44,SIH01
Valor médio intern,Caráter atendimento,mensal,2022-11,2022.0,Eletivo,2091.87,"2091,87",45,SIH01
Valor médio intern,Caráter atendimento,mensal,2022-11,2022.0,Urgência,1913.91,"1913,91",45,SIH01
Valor médio intern,Caráter atendimento,mensal,2022-11,2022.0,Outros ac trab,810.36,"810,36",45,SIH01
Valor médio intern,Caráter atendimento,mensal,2022-11,2022.0,Outras caus ext,741.2,"741,20",45,SIH01
Valor médio intern,Caráter atendimento,mensal,2022-11,2022.0,Total,1899.52,"1899,52",45,SIH01
Valor médio intern,Caráter atendimento,mensal,2022-12,2022.0,Eletivo,1329.05,"1329,05",46,SIH01
Valor médio intern,Caráter atendimento,mensal,2022-12,2022.0,Urgência,2207.62,"2207,62",46,SIH01
Valor médio intern,Caráter atendimento,mensal,2022-12,2022.0,Outros ac trab,976.42,"976,42",46,SIH01
Valor médio intern,Caráter atendimento,mensal,2022-12,2022.0,Outras caus ext,530.85,"530,85",46,SIH01
Valor médio intern,Caráter atendimento,mensal,2022-12,2022.0,Total,2041.27,"2041,27",46,SIH01
Valor médio intern,Caráter atendimento,ano_publicado,,2023.0,Eletivo,917.39,"917,39",47,SIH01
Valor médio intern,Caráter atendimento,ano_publicado,,2023.0,Urgência,2215.36,"2215,36",47,SIH01
Valor médio intern,Caráter atendimento,ano_publicado,,2023.0,Outros ac trab,1224.32,"1224,32",47,SIH01
Valor médio intern,Caráter atendimento,ano_publicado,,2023.0,Outras caus ext,1183.6,"1183,60",47,SIH01
Valor médio intern,Caráter atendimento,ano_publicado,,2023.0,Total,2079.63,"2079,63",47,SIH01
Valor médio intern,Caráter atendimento,mensal,2023-01,2023.0,Eletivo,,...,48,SIH01
Valor médio intern,Caráter atendimento,mensal,2023-01,2023.0,Urgência,1704.38,"1704,38",48,SIH01
Valor médio intern,Caráter atendimento,mensal,2023-01,2023.0,Outros ac trab,1408.57,"1408,57",48,SIH01
Valor médio intern,Caráter atendimento,mensal,2023-01,2023.0,Outras caus ext,1416.19,"1416,19",48,SIH01
Valor médio intern,Caráter atendimento,mensal,2023-01,2023.0,Total,1675.73,"1675,73",48,SIH01
Valor médio intern,Caráter atendimento,mensal,2023-02,2023.0,Eletivo,,...,49,SIH01
Valor médio intern,Caráter atendimento,mensal,2023-02,2023.0,Urgência,2117.46,"2117,46",49,SIH01
Valor médio intern,Caráter atendimento,mensal,2023-02,2023.0,Outros ac trab,1201.6,"1201,60",49,SIH01
Valor médio intern,Caráter atendimento,mensal,2023-02,2023.0,Outras caus ext,1092.21,"1092,21",49,SIH01
Valor médio intern,Caráter atendimento,mensal,2023-02,2023.0,Total,1979.78,"1979,78",49,SIH01
Valor médio intern,Caráter atendimento,mensal,2023-03,2023.0,Eletivo,,...,50,SIH01
Valor médio intern,Caráter atendimento,mensal,2023-03,2023.0,Urgência,1770.53,"1770,53",50,SIH01
Valor médio intern,Caráter atendimento,mensal,2023-03,2023.0,Outros ac trab,1085.29,"1085,29",50,SIH01
Valor médio intern,Caráter atendimento,mensal,2023-03,2023.0,Outras caus ext,1060.88,"1060,88",50,SIH01
Valor médio intern,Caráter atendimento,mensal,2023-03,2023.0,Total,1622.14,"1622,14",50,SIH01
Valor médio intern,Caráter atendimento,mensal,2023-04,2023.0,Eletivo,332.22,"332,22",51,SIH01
Valor médio intern,Caráter atendimento,mensal,2023-04,2023.0,Urgência,2057.76,"2057,76",51,SIH01
Valor médio intern,Caráter atendimento,mensal,2023-04,2023.0,Outros ac trab,3703.44,"3703,44",51,SIH01
Valor médio intern,Caráter atendimento,mensal,2023-04,2023.0,Outras caus ext,5674.55,"5674,55",51,SIH01
Valor médio intern,Caráter atendimento,mensal,2023-04,2023.0,Total,2092.39,"2092,39",51,SIH01
Valor médio intern,Caráter atendimento,mensal,2023-05,2023.0,Eletivo,,...,52,SIH01
Valor médio intern,Caráter atendimento,mensal,2023-05,2023.0,Urgência,2897.64,"2897,64",52,SIH01
Valor médio intern,Caráter atendimento,mensal,2023-05,2023.0,Outros ac trab,622.43,"622,43",52,SIH01
Valor médio intern,Caráter atendimento,mensal,2023-05,2023.0,Outras caus ext,1437.48,"1437,48",52,SIH01
Valor médio intern,Caráter atendimento,mensal,2023-05,2023.0,Total,2847.32,"2847,32",52,SIH01
Valor médio intern,Caráter atendimento,mensal,2023-06,2023.0,Eletivo,,...,53,SIH01
Valor médio intern,Caráter atendimento,mensal,2023-06,2023.0,Urgência,2557.38,"2557,38",53,SIH01
Valor médio intern,Caráter atendimento,mensal,2023-06,2023.0,Outros ac trab,1158.18,"1158,18",53,SIH01
Valor médio intern,Caráter atendimento,mensal,2023-06,2023.0,Outras caus ext,1230.0,"1230,00",53,SIH01
Valor médio intern,Caráter atendimento,mensal,2023-06,2023.0,Total,2312.1,"2312,10",53,SIH01
Valor médio intern,Caráter atendimento,mensal,2023-07,2023.0,Eletivo,1057.51,"1057,51",54,SIH01
Valor médio intern,Caráter atendimento,mensal,2023-07,2023.0,Urgência,1624.97,"1624,97",54,SIH01
Valor médio intern,Caráter atendimento,mensal,2023-07,2023.0,Outros ac trab,1396.36,"1396,36",54,SIH01
Valor médio intern,Caráter atendimento,mensal,2023-07,2023.0,Outras caus ext,941.01,"941,01",54,SIH01
Valor médio intern,Caráter atendimento,mensal,2023-07,2023.0,Total,1559.61,"1559,61",54,SIH01
Valor médio intern,Caráter atendimento,mensal,2023-08,2023.0,Eletivo,,...,55,SIH01
Valor médio intern,Caráter atendimento,mensal,2023-08,2023.0,Urgência,2383.26,"2383,26",55,SIH01
Valor médio intern,Caráter atendimento,mensal,2023-08,2023.0,Outros ac trab,1227.01,"1227,01",55,SIH01
Valor médio intern,Caráter atendimento,mensal,2023-08,2023.0,Outras caus ext,1109.98,"1109,98",55,SIH01
Valor médio intern,Caráter atendimento,mensal,2023-08,2023.0,Total,2218.54,"2218,54",55,SIH01
Valor médio intern,Caráter atendimento,mensal,2023-09,2023.0,Eletivo,,...,56,SIH01
Valor médio intern,Caráter atendimento,mensal,2023-09,2023.0,Urgência,2491.53,"2491,53",56,SIH01
Valor médio intern,Caráter atendimento,mensal,2023-09,2023.0,Outros ac trab,1217.2,"1217,20",56,SIH01
Valor médio intern,Caráter atendimento,mensal,2023-09,2023.0,Outras caus ext,1229.86,"1229,86",56,SIH01
Valor médio intern,Caráter atendimento,mensal,2023-09,2023.0,Total,2227.29,"2227,29",56,SIH01
Valor médio intern,Caráter atendimento,mensal,2023-10,2023.0,Eletivo,,...,57,SIH01
Valor médio intern,Caráter atendimento,mensal,2023-10,2023.0,Urgência,2300.7,"2300,70",57,SIH01
Valor médio intern,Caráter atendimento,mensal,2023-10,2023.0,Outros ac trab,1254.41,"1254,41",57,SIH01
Valor médio intern,Caráter atendimento,mensal,2023-10,2023.0,Outras caus ext,1127.73,"1127,73",57,SIH01
Valor médio intern,Caráter atendimento,mensal,2023-10,2023.0,Total,2069.78,"2069,78",57,SIH01
Valor médio intern,Caráter atendimento,mensal,2023-11,2023.0,Eletivo,,...,58,SIH01
Valor médio intern,Caráter atendimento,mensal,2023-11,2023.0,Urgência,2694.92,"2694,92",58,SIH01
Valor médio intern,Caráter atendimento,mensal,2023-11,2023.0,Outros ac trab,1128.46,"1128,46",58,SIH01
Valor médio intern,Caráter atendimento,mensal,2023-11,2023.0,Outras caus ext,1290.23,"1290,23",58,SIH01
Valor médio intern,Caráter atendimento,mensal,2023-11,2023.0,Total,2519.87,"2519,87",58,SIH01
Valor médio intern,Caráter atendimento,mensal,2023-12,2023.0,Eletivo,999.81,"999,81",59,SIH01
Valor médio intern,Caráter atendimento,mensal,2023-12,2023.0,Urgência,2234.36,"2234,36",59,SIH01
Valor médio intern,Caráter atendimento,mensal,2023-12,2023.0,Outros ac trab,1137.46,"1137,46",59,SIH01
Valor médio intern,Caráter atendimento,mensal,2023-12,2023.0,Outras caus ext,753.48,"753,48",59,SIH01
Valor médio intern,Caráter atendimento,mensal,2023-12,2023.0,Total,2132.01,"2132,01",59,SIH01
Valor médio intern,Caráter atendimento,ano_publicado,,2024.0,Eletivo,629.53,"629,53",60,SIH01
Valor médio intern,Caráter atendimento,ano_publicado,,2024.0,Urgência,1853.13,"1853,13",60,SIH01
Valor médio intern,Caráter atendimento,ano_publicado,,2024.0,Outros ac trab,1077.41,"1077,41",60,SIH01
Valor médio intern,Caráter atendimento,ano_publicado,,2024.0,Outras caus ext,749.02,"749,02",60,SIH01
Valor médio intern,Caráter atendimento,ano_publicado,,2024.0,Total,1765.92,"1765,92",60,SIH01
Valor médio intern,Caráter atendimento,mensal,2024-01,2024.0,Eletivo,,...,61,SIH01
Valor médio intern,Caráter atendimento,mensal,2024-01,2024.0,Urgência,2470.38,"2470,38",61,SIH01
Valor médio intern,Caráter atendimento,mensal,2024-01,2024.0,Outros ac trab,1288.67,"1288,67",61,SIH01
Valor médio intern,Caráter atendimento,mensal,2024-01,2024.0,Outras caus ext,2273.56,"2273,56",61,SIH01
Valor médio intern,Caráter atendimento,mensal,2024-01,2024.0,Total,2400.58,"2400,58",61,SIH01
Valor médio intern,Caráter atendimento,mensal,2024-02,2024.0,Eletivo,635.0,"635,00",62,SIH01
Valor médio intern,Caráter atendimento,mensal,2024-02,2024.0,Urgência,2334.01,"2334,01",62,SIH01
Valor médio intern,Caráter atendimento,mensal,2024-02,2024.0,Outros ac trab,1091.24,"1091,24",62,SIH01
Valor médio intern,Caráter atendimento,mensal,2024-02,2024.0,Outras caus ext,886.05,"886,05",62,SIH01
Valor médio intern,Caráter atendimento,mensal,2024-02,2024.0,Total,2110.58,"2110,58",62,SIH01
Valor médio intern,Caráter atendimento,mensal,2024-03,2024.0,Eletivo,635.0,"635,00",63,SIH01
Valor médio intern,Caráter atendimento,mensal,2024-03,2024.0,Urgência,1587.55,"1587,55",63,SIH01
Valor médio intern,Caráter atendimento,mensal,2024-03,2024.0,Outros ac trab,788.97,"788,97",63,SIH01
Valor médio intern,Caráter atendimento,mensal,2024-03,2024.0,Outras caus ext,564.96,"564,96",63,SIH01
Valor médio intern,Caráter atendimento,mensal,2024-03,2024.0,Total,1453.93,"1453,93",63,SIH01
Valor médio intern,Caráter atendimento,mensal,2024-04,2024.0,Eletivo,,...,64,SIH01
Valor médio intern,Caráter atendimento,mensal,2024-04,2024.0,Urgência,1652.47,"1652,47",64,SIH01
Valor médio intern,Caráter atendimento,mensal,2024-04,2024.0,Outros ac trab,920.5,"920,50",64,SIH01
Valor médio intern,Caráter atendimento,mensal,2024-04,2024.0,Outras caus ext,800.85,"800,85",64,SIH01
Valor médio intern,Caráter atendimento,mensal,2024-04,2024.0,Total,1542.14,"1542,14",64,SIH01
Valor médio intern,Caráter atendimento,mensal,2024-05,2024.0,Eletivo,,...,65,SIH01
Valor médio intern,Caráter atendimento,mensal,2024-05,2024.0,Urgência,2033.63,"2033,63",65,SIH01
Valor médio intern,Caráter atendimento,mensal,2024-05,2024.0,Outros ac trab,1064.43,"1064,43",65,SIH01
Valor médio intern,Caráter atendimento,mensal,2024-05,2024.0,Outras caus ext,693.0,"693,00",65,SIH01
Valor médio intern,Caráter atendimento,mensal,2024-05,2024.0,Total,1835.91,"1835,91",65,SIH01
Valor médio intern,Caráter atendimento,mensal,2024-06,2024.0,Eletivo,,...,66,SIH01
Valor médio intern,Caráter atendimento,mensal,2024-06,2024.0,Urgência,1984.52,"1984,52",66,SIH01
Valor médio intern,Caráter atendimento,mensal,2024-06,2024.0,Outros ac trab,775.86,"775,86",66,SIH01
Valor médio intern,Caráter atendimento,mensal,2024-06,2024.0,Outras caus ext,695.86,"695,86",66,SIH01
Valor médio intern,Caráter atendimento,mensal,2024-06,2024.0,Total,1823.01,"1823,01",66,SIH01
Valor médio intern,Caráter atendimento,mensal,2024-07,2024.0,Eletivo,,...,67,SIH01
Valor médio intern,Caráter atendimento,mensal,2024-07,2024.0,Urgência,1639.11,"1639,11",67,SIH01
Valor médio intern,Caráter atendimento,mensal,2024-07,2024.0,Outros ac trab,1009.15,"1009,15",67,SIH01
Valor médio intern,Caráter atendimento,mensal,2024-07,2024.0,Outras caus ext,560.49,"560,49",67,SIH01
Valor médio intern,Caráter atendimento,mensal,2024-07,2024.0,Total,1469.22,"1469,22",67,SIH01
Valor médio intern,Caráter atendimento,mensal,2024-08,2024.0,Eletivo,40.38,"40,38",68,SIH01
Valor médio intern,Caráter atendimento,mensal,2024-08,2024.0,Urgência,2160.83,"2160,83",68,SIH01
Valor médio intern,Caráter atendimento,mensal,2024-08,2024.0,Outros ac trab,1468.33,"1468,33",68,SIH01
Valor médio intern,Caráter atendimento,mensal,2024-08,2024.0,Outras caus ext,914.71,"914,71",68,SIH01
Valor médio intern,Caráter atendimento,mensal,2024-08,2024.0,Total,2143.33,"2143,33",68,SIH01
Valor médio intern,Caráter atendimento,mensal,2024-09,2024.0,Eletivo,,...,69,SIH01
Valor médio intern,Caráter atendimento,mensal,2024-09,2024.0,Urgência,1562.71,"1562,71",69,SIH01
Valor médio intern,Caráter atendimento,mensal,2024-09,2024.0,Outros ac trab,1994.64,"1994,64",69,SIH01
Valor médio intern,Caráter atendimento,mensal,2024-09,2024.0,Outras caus ext,,...,69,SIH01
Valor médio intern,Caráter atendimento,mensal,2024-09,2024.0,Total,1566.55,"1566,55",69,SIH01
Valor médio intern,Caráter atendimento,mensal,2024-10,2024.0,Eletivo,1207.74,"1207,74",70,SIH01
Valor médio intern,Caráter atendimento,mensal,2024-10,2024.0,Urgência,1751.29,"1751,29",70,SIH01
Valor médio intern,Caráter atendimento,mensal,2024-10,2024.0,Outros ac trab,1079.12,"1079,12",70,SIH01
Valor médio intern,Caráter atendimento,mensal,2024-10,2024.0,Outras caus ext,,...,70,SIH01
Valor médio intern,Caráter atendimento,mensal,2024-10,2024.0,Total,1734.07,"1734,07",70,SIH01
Valor médio intern,Caráter atendimento,mensal,2024-11,2024.0,Eletivo,,...,71,SIH01
Valor médio intern,Caráter atendimento,mensal,2024-11,2024.0,Urgência,1636.54,"1636,54",71,SIH01
Valor médio intern,Caráter atendimento,mensal,2024-11,2024.0,Outros ac trab,2221.2,"2221,20",71,SIH01
Valor médio intern,Caráter atendimento,mensal,2024-11,2024.0,Outras caus ext,,...,71,SIH01
Valor médio intern,Caráter atendimento,mensal,2024-11,2024.0,Total,1648.67,"1648,67",71,SIH01
Valor médio intern,Caráter atendimento,mensal,2024-12,2024.0,Eletivo,,...,72,SIH01
Valor médio intern,Caráter atendimento,mensal,2024-12,2024.0,Urgência,1592.68,"1592,68",72,SIH01
Valor médio intern,Caráter atendimento,mensal,2024-12,2024.0,Outros ac trab,973.51,"973,51",72,SIH01
Valor médio intern,Caráter atendimento,mensal,2024-12,2024.0,Outras caus ext,,...,72,SIH01
Valor médio intern,Caráter atendimento,mensal,2024-12,2024.0,Total,1574.33,"1574,33",72,SIH01
Valor médio intern,Caráter atendimento,ano_publicado,,2025.0,Eletivo,5546.05,"5546,05",73,SIH01
Valor médio intern,Caráter atendimento,ano_publicado,,2025.0,Urgência,1858.68,"1858,68",73,SIH01
Valor médio intern,Caráter atendimento,ano_publicado,,2025.0,Outros ac trab,867.59,"867,59",73,SIH01
Valor médio intern,Caráter atendimento,ano_publicado,,2025.0,Outras caus ext,1974.39,"1974,39",73,SIH01
Valor médio intern,Caráter atendimento,ano_publicado,,2025.0,Total,1932.53,"1932,53",73,SIH01
Valor médio intern,Caráter atendimento,mensal,2025-01,2025.0,Eletivo,2336.46,"2336,46",74,SIH01
Valor médio intern,Caráter atendimento,mensal,2025-01,2025.0,Urgência,1853.49,"1853,49",74,SIH01
Valor médio intern,Caráter atendimento,mensal,2025-01,2025.0,Outros ac trab,1193.69,"1193,69",74,SIH01
Valor médio intern,Caráter atendimento,mensal,2025-01,2025.0,Outras caus ext,,...,74,SIH01
Valor médio intern,Caráter atendimento,mensal,2025-01,2025.0,Total,1844.81,"1844,81",74,SIH01
Valor médio intern,Caráter atendimento,mensal,2025-02,2025.0,Eletivo,3842.5,"3842,50",75,SIH01
Valor médio intern,Caráter atendimento,mensal,2025-02,2025.0,Urgência,1604.69,"1604,69",75,SIH01
Valor médio intern,Caráter atendimento,mensal,2025-02,2025.0,Outros ac trab,1281.42,"1281,42",75,SIH01
Valor médio intern,Caráter atendimento,mensal,2025-02,2025.0,Outras caus ext,,...,75,SIH01
Valor médio intern,Caráter atendimento,mensal,2025-02,2025.0,Total,1690.64,"1690,64",75,SIH01
Valor médio intern,Caráter atendimento,mensal,2025-03,2025.0,Eletivo,4652.76,"4652,76",76,SIH01
Valor médio intern,Caráter atendimento,mensal,2025-03,2025.0,Urgência,2199.77,"2199,77",76,SIH01
Valor médio intern,Caráter atendimento,mensal,2025-03,2025.0,Outros ac trab,898.74,"898,74",76,SIH01
Valor médio intern,Caráter atendimento,mensal,2025-03,2025.0,Outras caus ext,,...,76,SIH01
Valor médio intern,Caráter atendimento,mensal,2025-03,2025.0,Total,2278.8,"2278,80",76,SIH01
Valor médio intern,Caráter atendimento,mensal,2025-04,2025.0,Eletivo,5655.03,"5655,03",77,SIH01
Valor médio intern,Caráter atendimento,mensal,2025-04,2025.0,Urgência,1874.75,"1874,75",77,SIH01
Valor médio intern,Caráter atendimento,mensal,2025-04,2025.0,Outros ac trab,779.44,"779,44",77,SIH01
Valor médio intern,Caráter atendimento,mensal,2025-04,2025.0,Outras caus ext,,...,77,SIH01
Valor médio intern,Caráter atendimento,mensal,2025-04,2025.0,Total,2038.03,"2038,03",77,SIH01
Valor médio intern,Caráter atendimento,mensal,2025-05,2025.0,Eletivo,5327.06,"5327,06",78,SIH01
Valor médio intern,Caráter atendimento,mensal,2025-05,2025.0,Urgência,2047.97,"2047,97",78,SIH01
Valor médio intern,Caráter atendimento,mensal,2025-05,2025.0,Outros ac trab,1179.51,"1179,51",78,SIH01
Valor médio intern,Caráter atendimento,mensal,2025-05,2025.0,Outras caus ext,4411.56,"4411,56",78,SIH01
Valor médio intern,Caráter atendimento,mensal,2025-05,2025.0,Total,2138.43,"2138,43",78,SIH01
Valor médio intern,Caráter atendimento,mensal,2025-06,2025.0,Eletivo,575.08,"575,08",79,SIH01
Valor médio intern,Caráter atendimento,mensal,2025-06,2025.0,Urgência,1949.4,"1949,40",79,SIH01
Valor médio intern,Caráter atendimento,mensal,2025-06,2025.0,Outros ac trab,912.8,"912,80",79,SIH01
Valor médio intern,Caráter atendimento,mensal,2025-06,2025.0,Outras caus ext,1562.72,"1562,72",79,SIH01
Valor médio intern,Caráter atendimento,mensal,2025-06,2025.0,Total,1901.39,"1901,39",79,SIH01
Valor médio intern,Caráter atendimento,mensal,2025-07,2025.0,Eletivo,,...,80,SIH01
Valor médio intern,Caráter atendimento,mensal,2025-07,2025.0,Urgência,1521.46,"1521,46",80,SIH01
Valor médio intern,Caráter atendimento,mensal,2025-07,2025.0,Outros ac trab,737.44,"737,44",80,SIH01
Valor médio intern,Caráter atendimento,mensal,2025-07,2025.0,Outras caus ext,3539.62,"3539,62",80,SIH01
Valor médio intern,Caráter atendimento,mensal,2025-07,2025.0,Total,1506.85,"1506,85",80,SIH01
Valor médio intern,Caráter atendimento,mensal,2025-08,2025.0,Eletivo,,...,81,SIH01
Valor médio intern,Caráter atendimento,mensal,2025-08,2025.0,Urgência,1395.11,"1395,11",81,SIH01
Valor médio intern,Caráter atendimento,mensal,2025-08,2025.0,Outros ac trab,804.44,"804,44",81,SIH01
Valor médio intern,Caráter atendimento,mensal,2025-08,2025.0,Outras caus ext,1562.4,"1562,40",81,SIH01
Valor médio intern,Caráter atendimento,mensal,2025-08,2025.0,Total,1375.38,"1375,38",81,SIH01
Valor médio intern,Caráter atendimento,mensal,2025-09,2025.0,Eletivo,7887.73,"7887,73",82,SIH01
Valor médio intern,Caráter atendimento,mensal,2025-09,2025.0,Urgência,2031.6,"2031,60",82,SIH01
Valor médio intern,Caráter atendimento,mensal,2025-09,2025.0,Outros ac trab,1122.53,"1122,53",82,SIH01
Valor médio intern,Caráter atendimento,mensal,2025-09,2025.0,Outras caus ext,1165.35,"1165,35",82,SIH01
Valor médio intern,Caráter atendimento,mensal,2025-09,2025.0,Total,2135.78,"2135,78",82,SIH01
Valor médio intern,Caráter atendimento,mensal,2025-10,2025.0,Eletivo,6787.4,"6787,40",83,SIH01
Valor médio intern,Caráter atendimento,mensal,2025-10,2025.0,Urgência,1923.67,"1923,67",83,SIH01
Valor médio intern,Caráter atendimento,mensal,2025-10,2025.0,Outros ac trab,685.82,"685,82",83,SIH01
Valor médio intern,Caráter atendimento,mensal,2025-10,2025.0,Outras caus ext,989.86,"989,86",83,SIH01
Valor médio intern,Caráter atendimento,mensal,2025-10,2025.0,Total,2101.41,"2101,41",83,SIH01
Valor médio intern,Caráter atendimento,mensal,2025-11,2025.0,Eletivo,6266.03,"6266,03",84,SIH01
Valor médio intern,Caráter atendimento,mensal,2025-11,2025.0,Urgência,1809.04,"1809,04",84,SIH01
Valor médio intern,Caráter atendimento,mensal,2025-11,2025.0,Outros ac trab,866.65,"866,65",84,SIH01
Valor médio intern,Caráter atendimento,mensal,2025-11,2025.0,Outras caus ext,2014.33,"2014,33",84,SIH01
Valor médio intern,Caráter atendimento,mensal,2025-11,2025.0,Total,1948.07,"1948,07",84,SIH01
Valor médio intern,Caráter atendimento,mensal,2025-12,2025.0,Eletivo,6239.85,"6239,85",85,SIH01
Valor médio intern,Caráter atendimento,mensal,2025-12,2025.0,Urgência,1973.07,"1973,07",85,SIH01
Valor médio intern,Caráter atendimento,mensal,2025-12,2025.0,Outros ac trab,611.88,"611,88",85,SIH01
Valor médio intern,Caráter atendimento,mensal,2025-12,2025.0,Outras caus ext,3897.82,"3897,82",85,SIH01
Valor médio intern,Caráter atendimento,mensal,2025-12,2025.0,Total,2060.52,"2060,52",85,SIH01
Valor médio intern,Caráter atendimento,ano_publicado,,2026.0,Eletivo,6143.94,"6143,94",86,SIH01
Valor médio intern,Caráter atendimento,ano_publicado,,2026.0,Urgência,1933.6,"1933,60",86,SIH01
Valor médio intern,Caráter atendimento,ano_publicado,,2026.0,Outros ac trab,773.85,"773,85",86,SIH01
Valor médio intern,Caráter atendimento,ano_publicado,,2026.0,Outras caus ext,1421.47,"1421,47",86,SIH01
Valor médio intern,Caráter atendimento,ano_publicado,,2026.0,Total,1949.19,"1949,19",86,SIH01
Valor médio intern,Caráter atendimento,mensal,2026-01,2026.0,Eletivo,5849.25,"5849,25",87,SIH01
Valor médio intern,Caráter atendimento,mensal,2026-01,2026.0,Urgência,2014.03,"2014,03",87,SIH01
Valor médio intern,Caráter atendimento,mensal,2026-01,2026.0,Outros ac trab,651.43,"651,43",87,SIH01
Valor médio intern,Caráter atendimento,mensal,2026-01,2026.0,Outras caus ext,1173.18,"1173,18",87,SIH01
Valor médio intern,Caráter atendimento,mensal,2026-01,2026.0,Total,1997.63,"1997,63",87,SIH01
Valor médio intern,Caráter atendimento,mensal,2026-02,2026.0,Eletivo,5339.27,"5339,27",88,SIH01
Valor médio intern,Caráter atendimento,mensal,2026-02,2026.0,Urgência,1723.93,"1723,93",88,SIH01
Valor médio intern,Caráter atendimento,mensal,2026-02,2026.0,Outros ac trab,950.97,"950,97",88,SIH01
Valor médio intern,Caráter atendimento,mensal,2026-02,2026.0,Outras caus ext,1463.98,"1463,98",88,SIH01
Valor médio intern,Caráter atendimento,mensal,2026-02,2026.0,Total,1781.59,"1781,59",88,SIH01
Valor médio intern,Caráter atendimento,mensal,2026-03,2026.0,Eletivo,8497.8,"8497,80",89,SIH01
Valor médio intern,Caráter atendimento,mensal,2026-03,2026.0,Urgência,1963.0,"1963,00",89,SIH01
Valor médio intern,Caráter atendimento,mensal,2026-03,2026.0,Outros ac trab,640.63,"640,63",89,SIH01
Valor médio intern,Caráter atendimento,mensal,2026-03,2026.0,Outras caus ext,1928.42,"1928,42",89,SIH01
Valor médio intern,Caráter atendimento,mensal,2026-03,2026.0,Total,2000.47,"2000,47",89,SIH01
Valor médio intern,Caráter atendimento,mensal,2026-04,2026.0,Eletivo,592.49,"592,49",90,SIH01
Valor médio intern,Caráter atendimento,mensal,2026-04,2026.0,Urgência,1982.34,"1982,34",90,SIH01
Valor médio intern,Caráter atendimento,mensal,2026-04,2026.0,Outros ac trab,794.75,"794,75",90,SIH01
Valor médio intern,Caráter atendimento,mensal,2026-04,2026.0,Outras caus ext,1261.98,"1261,98",90,SIH01
Valor médio intern,Caráter atendimento,mensal,2026-04,2026.0,Total,1880.99,"1880,99",90,SIH01
Valor médio intern,Caráter atendimento,mensal,2026-05,2026.0,Eletivo,7377.75,"7377,75",91,SIH01
Valor médio intern,Caráter atendimento,mensal,2026-05,2026.0,Urgência,2000.1,"2000,10",91,SIH01
Valor médio intern,Caráter atendimento,mensal,2026-05,2026.0,Outros ac trab,794.01,"794,01",91,SIH01
Valor médio intern,Caráter atendimento,mensal,2026-05,2026.0,Outras caus ext,773.14,"773,14",91,SIH01
Valor médio intern,Caráter atendimento,mensal,2026-05,2026.0,Total,1996.49,"1996,49",91,SIH01
Valor médio intern,Caráter atendimento,mensal,2026-06,2026.0,Eletivo,6683.03,"6683,03",92,SIH01
Valor médio intern,Caráter atendimento,mensal,2026-06,2026.0,Urgência,2082.2,"2082,20",92,SIH01
Valor médio intern,Caráter atendimento,mensal,2026-06,2026.0,Outros ac trab,767.93,"767,93",92,SIH01
Valor médio intern,Caráter atendimento,mensal,2026-06,2026.0,Outras caus ext,1061.05,"1061,05",92,SIH01
Valor médio intern,Caráter atendimento,mensal,2026-06,2026.0,Total,2175.31,"2175,31",92,SIH01
Valor médio intern,Caráter atendimento,mensal,2026-07,2026.0,Eletivo,5229.13,"5229,13",93,SIH01
Valor médio intern,Caráter atendimento,mensal,2026-07,2026.0,Urgência,1731.46,"1731,46",93,SIH01
Valor médio intern,Caráter atendimento,mensal,2026-07,2026.0,Outros ac trab,833.41,"833,41",93,SIH01
Valor médio intern,Caráter atendimento,mensal,2026-07,2026.0,Outras caus ext,2721.66,"2721,66",93,SIH01
Valor médio intern,Caráter atendimento,mensal,2026-07,2026.0,Total,1786.98,"1786,98",93,SIH01
Valor médio intern,Caráter atendimento,total_publicado,,,Eletivo,5014.01,"5014,01",94,SIH01
Valor médio intern,Caráter atendimento,total_publicado,,,Urgência,2572.43,"2572,43",94,SIH01
Valor médio intern,Caráter atendimento,total_publicado,,,Outros ac trab,1014.57,"1014,57",94,SIH01
Valor médio intern,Caráter atendimento,total_publicado,,,Outras caus ext,1075.49,"1075,49",94,SIH01
Valor médio intern,Caráter atendimento,total_publicado,,,Total,2411.0,"2411,00",94,SIH01
Taxa mortalidade,Caráter atendimento,ano_publicado,,2019.0,Eletivo,,...,6,SIH02
Taxa mortalidade,Caráter atendimento,ano_publicado,,2019.0,Urgência,10.85,"10,85",6,SIH02
Taxa mortalidade,Caráter atendimento,ano_publicado,,2019.0,Outros ac trab,,-,6,SIH02
Taxa mortalidade,Caráter atendimento,ano_publicado,,2019.0,Outras caus ext,,-,6,SIH02
Taxa mortalidade,Caráter atendimento,ano_publicado,,2019.0,Total,8.38,"8,38",6,SIH02
Taxa mortalidade,Caráter atendimento,mensal,2019-12,2019.0,Eletivo,,...,7,SIH02
Taxa mortalidade,Caráter atendimento,mensal,2019-12,2019.0,Urgência,10.85,"10,85",7,SIH02
Taxa mortalidade,Caráter atendimento,mensal,2019-12,2019.0,Outros ac trab,,-,7,SIH02
Taxa mortalidade,Caráter atendimento,mensal,2019-12,2019.0,Outras caus ext,,-,7,SIH02
Taxa mortalidade,Caráter atendimento,mensal,2019-12,2019.0,Total,8.38,"8,38",7,SIH02
Taxa mortalidade,Caráter atendimento,ano_publicado,,2020.0,Eletivo,,-,8,SIH02
Taxa mortalidade,Caráter atendimento,ano_publicado,,2020.0,Urgência,17.08,"17,08",8,SIH02
Taxa mortalidade,Caráter atendimento,ano_publicado,,2020.0,Outros ac trab,0.34,"0,34",8,SIH02
Taxa mortalidade,Caráter atendimento,ano_publicado,,2020.0,Outras caus ext,0.97,"0,97",8,SIH02
Taxa mortalidade,Caráter atendimento,ano_publicado,,2020.0,Total,13.62,"13,62",8,SIH02
Taxa mortalidade,Caráter atendimento,mensal,2020-01,2020.0,Eletivo,,...,9,SIH02
Taxa mortalidade,Caráter atendimento,mensal,2020-01,2020.0,Urgência,10.86,"10,86",9,SIH02
Taxa mortalidade,Caráter atendimento,mensal,2020-01,2020.0,Outros ac trab,,-,9,SIH02
Taxa mortalidade,Caráter atendimento,mensal,2020-01,2020.0,Outras caus ext,2.04,"2,04",9,SIH02
Taxa mortalidade,Caráter atendimento,mensal,2020-01,2020.0,Total,8.24,"8,24",9,SIH02
Taxa mortalidade,Caráter atendimento,mensal,2020-02,2020.0,Eletivo,,...,10,SIH02
Taxa mortalidade,Caráter atendimento,mensal,2020-02,2020.0,Urgência,10.76,"10,76",10,SIH02
Taxa mortalidade,Caráter atendimento,mensal,2020-02,2020.0,Outros ac trab,,-,10,SIH02
Taxa mortalidade,Caráter atendimento,mensal,2020-02,2020.0,Outras caus ext,0.71,"0,71",10,SIH02
Taxa mortalidade,Caráter atendimento,mensal,2020-02,2020.0,Total,8.61,"8,61",10,SIH02
Taxa mortalidade,Caráter atendimento,mensal,2020-03,2020.0,Eletivo,,...,11,SIH02
Taxa mortalidade,Caráter atendimento,mensal,2020-03,2020.0,Urgência,11.3,"11,30",11,SIH02
Taxa mortalidade,Caráter atendimento,mensal,2020-03,2020.0,Outros ac trab,,-,11,SIH02
Taxa mortalidade,Caráter atendimento,mensal,2020-03,2020.0,Outras caus ext,0.58,"0,58",11,SIH02
Taxa mortalidade,Caráter atendimento,mensal,2020-03,2020.0,Total,7.85,"7,85",11,SIH02
Taxa mortalidade,Caráter atendimento,mensal,2020-04,2020.0,Eletivo,,...,12,SIH02
Taxa mortalidade,Caráter atendimento,mensal,2020-04,2020.0,Urgência,27.36,"27,36",12,SIH02
Taxa mortalidade,Caráter atendimento,mensal,2020-04,2020.0,Outros ac trab,,-,12,SIH02
Taxa mortalidade,Caráter atendimento,mensal,2020-04,2020.0,Outras caus ext,,-,12,SIH02
Taxa mortalidade,Caráter atendimento,mensal,2020-04,2020.0,Total,22.73,"22,73",12,SIH02
Taxa mortalidade,Caráter atendimento,mensal,2020-05,2020.0,Eletivo,,...,13,SIH02
Taxa mortalidade,Caráter atendimento,mensal,2020-05,2020.0,Urgência,31.53,"31,53",13,SIH02
Taxa mortalidade,Caráter atendimento,mensal,2020-05,2020.0,Outros ac trab,,-,13,SIH02
Taxa mortalidade,Caráter atendimento,mensal,2020-05,2020.0,Outras caus ext,,-,13,SIH02
Taxa mortalidade,Caráter atendimento,mensal,2020-05,2020.0,Total,26.26,"26,26",13,SIH02
Taxa mortalidade,Caráter atendimento,mensal,2020-06,2020.0,Eletivo,,...,14,SIH02
Taxa mortalidade,Caráter atendimento,mensal,2020-06,2020.0,Urgência,20.44,"20,44",14,SIH02
Taxa mortalidade,Caráter atendimento,mensal,2020-06,2020.0,Outros ac trab,,-,14,SIH02
Taxa mortalidade,Caráter atendimento,mensal,2020-06,2020.0,Outras caus ext,0.97,"0,97",14,SIH02
Taxa mortalidade,Caráter atendimento,mensal,2020-06,2020.0,Total,16.49,"16,49",14,SIH02
Taxa mortalidade,Caráter atendimento,mensal,2020-07,2020.0,Eletivo,,...,15,SIH02
Taxa mortalidade,Caráter atendimento,mensal,2020-07,2020.0,Urgência,15.55,"15,55",15,SIH02
Taxa mortalidade,Caráter atendimento,mensal,2020-07,2020.0,Outros ac trab,,-,15,SIH02
Taxa mortalidade,Caráter atendimento,mensal,2020-07,2020.0,Outras caus ext,0.95,"0,95",15,SIH02
Taxa mortalidade,Caráter atendimento,mensal,2020-07,2020.0,Total,12.72,"12,72",15,SIH02
Taxa mortalidade,Caráter atendimento,mensal,2020-08,2020.0,Eletivo,,...,16,SIH02
Taxa mortalidade,Caráter atendimento,mensal,2020-08,2020.0,Urgência,14.69,"14,69",16,SIH02
Taxa mortalidade,Caráter atendimento,mensal,2020-08,2020.0,Outros ac trab,,-,16,SIH02
Taxa mortalidade,Caráter atendimento,mensal,2020-08,2020.0,Outras caus ext,1.72,"1,72",16,SIH02
Taxa mortalidade,Caráter atendimento,mensal,2020-08,2020.0,Total,11.01,"11,01",16,SIH02
Taxa mortalidade,Caráter atendimento,mensal,2020-09,2020.0,Eletivo,,-,17,SIH02
Taxa mortalidade,Caráter atendimento,mensal,2020-09,2020.0,Urgência,12.46,"12,46",17,SIH02
Taxa mortalidade,Caráter atendimento,mensal,2020-09,2020.0,Outros ac trab,5.13,"5,13",17,SIH02
Taxa mortalidade,Caráter atendimento,mensal,2020-09,2020.0,Outras caus ext,2.17,"2,17",17,SIH02
Taxa mortalidade,Caráter atendimento,mensal,2020-09,2020.0,Total,10.89,"10,89",17,SIH02
Taxa mortalidade,Caráter atendimento,mensal,2020-10,2020.0,Eletivo,,-,18,SIH02
Taxa mortalidade,Caráter atendimento,mensal,2020-10,2020.0,Urgência,15.6,"15,60",18,SIH02
Taxa mortalidade,Caráter atendimento,mensal,2020-10,2020.0,Outros ac trab,,-,18,SIH02
Taxa mortalidade,Caráter atendimento,mensal,2020-10,2020.0,Outras caus ext,,-,18,SIH02
Taxa mortalidade,Caráter atendimento,mensal,2020-10,2020.0,Total,14.89,"14,89",18,SIH02
Taxa mortalidade,Caráter atendimento,mensal,2020-11,2020.0,Eletivo,,...,19,SIH02
Taxa mortalidade,Caráter atendimento,mensal,2020-11,2020.0,Urgência,16.03,"16,03",19,SIH02
Taxa mortalidade,Caráter atendimento,mensal,2020-11,2020.0,Outros ac trab,,-,19,SIH02
Taxa mortalidade,Caráter atendimento,mensal,2020-11,2020.0,Outras caus ext,,-,19,SIH02
Taxa mortalidade,Caráter atendimento,mensal,2020-11,2020.0,Total,11.85,"11,85",19,SIH02
Taxa mortalidade,Caráter atendimento,mensal,2020-12,2020.0,Eletivo,,...,20,SIH02
Taxa mortalidade,Caráter atendimento,mensal,2020-12,2020.0,Urgência,18.91,"18,91",20,SIH02
Taxa mortalidade,Caráter atendimento,mensal,2020-12,2020.0,Outros ac trab,,-,20,SIH02
Taxa mortalidade,Caráter atendimento,mensal,2020-12,2020.0,Outras caus ext,0.79,"0,79",20,SIH02
Taxa mortalidade,Caráter atendimento,mensal,2020-12,2020.0,Total,14.18,"14,18",20,SIH02
Taxa mortalidade,Caráter atendimento,ano_publicado,,2021.0,Eletivo,,-,21,SIH02
Taxa mortalidade,Caráter atendimento,ano_publicado,,2021.0,Urgência,13.67,"13,67",21,SIH02
Taxa mortalidade,Caráter atendimento,ano_publicado,,2021.0,Outros ac trab,0.46,"0,46",21,SIH02
Taxa mortalidade,Caráter atendimento,ano_publicado,,2021.0,Outras caus ext,0.87,"0,87",21,SIH02
Taxa mortalidade,Caráter atendimento,ano_publicado,,2021.0,Total,11.86,"11,86",21,SIH02
Taxa mortalidade,Caráter atendimento,mensal,2021-01,2021.0,Eletivo,,...,22,SIH02
Taxa mortalidade,Caráter atendimento,mensal,2021-01,2021.0,Urgência,17.99,"17,99",22,SIH02
Taxa mortalidade,Caráter atendimento,mensal,2021-01,2021.0,Outros ac trab,1.61,"1,61",22,SIH02
Taxa mortalidade,Caráter atendimento,mensal,2021-01,2021.0,Outras caus ext,2.94,"2,94",22,SIH02
Taxa mortalidade,Caráter atendimento,mensal,2021-01,2021.0,Total,15.47,"15,47",22,SIH02
Taxa mortalidade,Caráter atendimento,mensal,2021-02,2021.0,Eletivo,,...,23,SIH02
Taxa mortalidade,Caráter atendimento,mensal,2021-02,2021.0,Urgência,15.15,"15,15",23,SIH02
Taxa mortalidade,Caráter atendimento,mensal,2021-02,2021.0,Outros ac trab,,-,23,SIH02
Taxa mortalidade,Caráter atendimento,mensal,2021-02,2021.0,Outras caus ext,,-,23,SIH02
Taxa mortalidade,Caráter atendimento,mensal,2021-02,2021.0,Total,12.86,"12,86",23,SIH02
Taxa mortalidade,Caráter atendimento,mensal,2021-03,2021.0,Eletivo,,...,24,SIH02
Taxa mortalidade,Caráter atendimento,mensal,2021-03,2021.0,Urgência,17.65,"17,65",24,SIH02
Taxa mortalidade,Caráter atendimento,mensal,2021-03,2021.0,Outros ac trab,,-,24,SIH02
Taxa mortalidade,Caráter atendimento,mensal,2021-03,2021.0,Outras caus ext,,-,24,SIH02
Taxa mortalidade,Caráter atendimento,mensal,2021-03,2021.0,Total,14.4,"14,40",24,SIH02
Taxa mortalidade,Caráter atendimento,mensal,2021-04,2021.0,Eletivo,,...,25,SIH02
Taxa mortalidade,Caráter atendimento,mensal,2021-04,2021.0,Urgência,16.59,"16,59",25,SIH02
Taxa mortalidade,Caráter atendimento,mensal,2021-04,2021.0,Outros ac trab,2.56,"2,56",25,SIH02
Taxa mortalidade,Caráter atendimento,mensal,2021-04,2021.0,Outras caus ext,,-,25,SIH02
Taxa mortalidade,Caráter atendimento,mensal,2021-04,2021.0,Total,14.4,"14,40",25,SIH02
Taxa mortalidade,Caráter atendimento,mensal,2021-05,2021.0,Eletivo,,...,26,SIH02
Taxa mortalidade,Caráter atendimento,mensal,2021-05,2021.0,Urgência,17.26,"17,26",26,SIH02
Taxa mortalidade,Caráter atendimento,mensal,2021-05,2021.0,Outros ac trab,,-,26,SIH02
Taxa mortalidade,Caráter atendimento,mensal,2021-05,2021.0,Outras caus ext,2.56,"2,56",26,SIH02
Taxa mortalidade,Caráter atendimento,mensal,2021-05,2021.0,Total,14.6,"14,60",26,SIH02
Taxa mortalidade,Caráter atendimento,mensal,2021-06,2021.0,Eletivo,,...,27,SIH02
Taxa mortalidade,Caráter atendimento,mensal,2021-06,2021.0,Urgência,17.48,"17,48",27,SIH02
Taxa mortalidade,Caráter atendimento,mensal,2021-06,2021.0,Outros ac trab,,-,27,SIH02
Taxa mortalidade,Caráter atendimento,mensal,2021-06,2021.0,Outras caus ext,,-,27,SIH02
Taxa mortalidade,Caráter atendimento,mensal,2021-06,2021.0,Total,14.77,"14,77",27,SIH02
Taxa mortalidade,Caráter atendimento,mensal,2021-07,2021.0,Eletivo,,-,28,SIH02
Taxa mortalidade,Caráter atendimento,mensal,2021-07,2021.0,Urgência,12.02,"12,02",28,SIH02
Taxa mortalidade,Caráter atendimento,mensal,2021-07,2021.0,Outros ac trab,,-,28,SIH02
Taxa mortalidade,Caráter atendimento,mensal,2021-07,2021.0,Outras caus ext,,-,28,SIH02
Taxa mortalidade,Caráter atendimento,mensal,2021-07,2021.0,Total,10.45,"10,45",28,SIH02
Taxa mortalidade,Caráter atendimento,mensal,2021-08,2021.0,Eletivo,,...,29,SIH02
Taxa mortalidade,Caráter atendimento,mensal,2021-08,2021.0,Urgência,12.44,"12,44",29,SIH02
Taxa mortalidade,Caráter atendimento,mensal,2021-08,2021.0,Outros ac trab,,-,29,SIH02
Taxa mortalidade,Caráter atendimento,mensal,2021-08,2021.0,Outras caus ext,2.53,"2,53",29,SIH02
Taxa mortalidade,Caráter atendimento,mensal,2021-08,2021.0,Total,10.71,"10,71",29,SIH02
Taxa mortalidade,Caráter atendimento,mensal,2021-09,2021.0,Eletivo,,...,30,SIH02
Taxa mortalidade,Caráter atendimento,mensal,2021-09,2021.0,Urgência,10.1,"10,10",30,SIH02
Taxa mortalidade,Caráter atendimento,mensal,2021-09,2021.0,Outros ac trab,,-,30,SIH02
Taxa mortalidade,Caráter atendimento,mensal,2021-09,2021.0,Outras caus ext,,-,30,SIH02
Taxa mortalidade,Caráter atendimento,mensal,2021-09,2021.0,Total,8.86,"8,86",30,SIH02
Taxa mortalidade,Caráter atendimento,mensal,2021-10,2021.0,Eletivo,,...,31,SIH02
Taxa mortalidade,Caráter atendimento,mensal,2021-10,2021.0,Urgência,7.89,"7,89",31,SIH02
Taxa mortalidade,Caráter atendimento,mensal,2021-10,2021.0,Outros ac trab,,-,31,SIH02
Taxa mortalidade,Caráter atendimento,mensal,2021-10,2021.0,Outras caus ext,,-,31,SIH02
Taxa mortalidade,Caráter atendimento,mensal,2021-10,2021.0,Total,7.8,"7,80",31,SIH02
Taxa mortalidade,Caráter atendimento,mensal,2021-11,2021.0,Eletivo,,...,32,SIH02
Taxa mortalidade,Caráter atendimento,mensal,2021-11,2021.0,Urgência,9.34,"9,34",32,SIH02
Taxa mortalidade,Caráter atendimento,mensal,2021-11,2021.0,Outros ac trab,,-,32,SIH02
Taxa mortalidade,Caráter atendimento,mensal,2021-11,2021.0,Outras caus ext,,-,32,SIH02
Taxa mortalidade,Caráter atendimento,mensal,2021-11,2021.0,Total,8.02,"8,02",32,SIH02
Taxa mortalidade,Caráter atendimento,mensal,2021-12,2021.0,Eletivo,,-,33,SIH02
Taxa mortalidade,Caráter atendimento,mensal,2021-12,2021.0,Urgência,11.27,"11,27",33,SIH02
Taxa mortalidade,Caráter atendimento,mensal,2021-12,2021.0,Outros ac trab,,-,33,SIH02
Taxa mortalidade,Caráter atendimento,mensal,2021-12,2021.0,Outras caus ext,1.35,"1,35",33,SIH02
Taxa mortalidade,Caráter atendimento,mensal,2021-12,2021.0,Total,9.84,"9,84",33,SIH02
Taxa mortalidade,Caráter atendimento,ano_publicado,,2022.0,Eletivo,2.35,"2,35",34,SIH02
Taxa mortalidade,Caráter atendimento,ano_publicado,,2022.0,Urgência,9.26,"9,26",34,SIH02
Taxa mortalidade,Caráter atendimento,ano_publicado,,2022.0,Outros ac trab,,-,34,SIH02
Taxa mortalidade,Caráter atendimento,ano_publicado,,2022.0,Outras caus ext,0.32,"0,32",34,SIH02
Taxa mortalidade,Caráter atendimento,ano_publicado,,2022.0,Total,8.13,"8,13",34,SIH02
Taxa mortalidade,Caráter atendimento,mensal,2022-01,2022.0,Eletivo,,-,35,SIH02
Taxa mortalidade,Caráter atendimento,mensal,2022-01,2022.0,Urgência,10.8,"10,80",35,SIH02
Taxa mortalidade,Caráter atendimento,mensal,2022-01,2022.0,Outros ac trab,,-,35,SIH02
Taxa mortalidade,Caráter atendimento,mensal,2022-01,2022.0,Outras caus ext,,-,35,SIH02
Taxa mortalidade,Caráter atendimento,mensal,2022-01,2022.0,Total,9.29,"9,29",35,SIH02
Taxa mortalidade,Caráter atendimento,mensal,2022-02,2022.0,Eletivo,,...,36,SIH02
Taxa mortalidade,Caráter atendimento,mensal,2022-02,2022.0,Urgência,8.42,"8,42",36,SIH02
Taxa mortalidade,Caráter atendimento,mensal,2022-02,2022.0,Outros ac trab,,-,36,SIH02
Taxa mortalidade,Caráter atendimento,mensal,2022-02,2022.0,Outras caus ext,,-,36,SIH02
Taxa mortalidade,Caráter atendimento,mensal,2022-02,2022.0,Total,7.39,"7,39",36,SIH02
Taxa mortalidade,Caráter atendimento,mensal,2022-03,2022.0,Eletivo,,...,37,SIH02
Taxa mortalidade,Caráter atendimento,mensal,2022-03,2022.0,Urgência,8.11,"8,11",37,SIH02
Taxa mortalidade,Caráter atendimento,mensal,2022-03,2022.0,Outros ac trab,,-,37,SIH02
Taxa mortalidade,Caráter atendimento,mensal,2022-03,2022.0,Outras caus ext,,-,37,SIH02
Taxa mortalidade,Caráter atendimento,mensal,2022-03,2022.0,Total,6.79,"6,79",37,SIH02
Taxa mortalidade,Caráter atendimento,mensal,2022-04,2022.0,Eletivo,,...,38,SIH02
Taxa mortalidade,Caráter atendimento,mensal,2022-04,2022.0,Urgência,9.59,"9,59",38,SIH02
Taxa mortalidade,Caráter atendimento,mensal,2022-04,2022.0,Outros ac trab,,-,38,SIH02
Taxa mortalidade,Caráter atendimento,mensal,2022-04,2022.0,Outras caus ext,,-,38,SIH02
Taxa mortalidade,Caráter atendimento,mensal,2022-04,2022.0,Total,8.26,"8,26",38,SIH02
Taxa mortalidade,Caráter atendimento,mensal,2022-05,2022.0,Eletivo,50.0,"50,00",39,SIH02
Taxa mortalidade,Caráter atendimento,mensal,2022-05,2022.0,Urgência,8.76,"8,76",39,SIH02
Taxa mortalidade,Caráter atendimento,mensal,2022-05,2022.0,Outros ac trab,,-,39,SIH02
Taxa mortalidade,Caráter atendimento,mensal,2022-05,2022.0,Outras caus ext,,-,39,SIH02
Taxa mortalidade,Caráter atendimento,mensal,2022-05,2022.0,Total,7.65,"7,65",39,SIH02
Taxa mortalidade,Caráter atendimento,mensal,2022-06,2022.0,Eletivo,20.0,"20,00",40,SIH02
Taxa mortalidade,Caráter atendimento,mensal,2022-06,2022.0,Urgência,8.99,"8,99",40,SIH02
Taxa mortalidade,Caráter atendimento,mensal,2022-06,2022.0,Outros ac trab,,-,40,SIH02
Taxa mortalidade,Caráter atendimento,mensal,2022-06,2022.0,Outras caus ext,,-,40,SIH02
Taxa mortalidade,Caráter atendimento,mensal,2022-06,2022.0,Total,7.88,"7,88",40,SIH02
Taxa mortalidade,Caráter atendimento,mensal,2022-07,2022.0,Eletivo,,...,41,SIH02
Taxa mortalidade,Caráter atendimento,mensal,2022-07,2022.0,Urgência,12.66,"12,66",41,SIH02
Taxa mortalidade,Caráter atendimento,mensal,2022-07,2022.0,Outros ac trab,,-,41,SIH02
Taxa mortalidade,Caráter atendimento,mensal,2022-07,2022.0,Outras caus ext,1.75,"1,75",41,SIH02
Taxa mortalidade,Caráter atendimento,mensal,2022-07,2022.0,Total,11.1,"11,10",41,SIH02
Taxa mortalidade,Caráter atendimento,mensal,2022-08,2022.0,Eletivo,,-,42,SIH02
Taxa mortalidade,Caráter atendimento,mensal,2022-08,2022.0,Urgência,11.74,"11,74",42,SIH02
Taxa mortalidade,Caráter atendimento,mensal,2022-08,2022.0,Outros ac trab,,-,42,SIH02
Taxa mortalidade,Caráter atendimento,mensal,2022-08,2022.0,Outras caus ext,1.23,"1,23",42,SIH02
Taxa mortalidade,Caráter atendimento,mensal,2022-08,2022.0,Total,9.61,"9,61",42,SIH02
Taxa mortalidade,Caráter atendimento,mensal,2022-09,2022.0,Eletivo,,-,43,SIH02
Taxa mortalidade,Caráter atendimento,mensal,2022-09,2022.0,Urgência,8.55,"8,55",43,SIH02
Taxa mortalidade,Caráter atendimento,mensal,2022-09,2022.0,Outros ac trab,,-,43,SIH02
Taxa mortalidade,Caráter atendimento,mensal,2022-09,2022.0,Outras caus ext,,-,43,SIH02
Taxa mortalidade,Caráter atendimento,mensal,2022-09,2022.0,Total,7.36,"7,36",43,SIH02
Taxa mortalidade,Caráter atendimento,mensal,2022-10,2022.0,Eletivo,,-,44,SIH02
Taxa mortalidade,Caráter atendimento,mensal,2022-10,2022.0,Urgência,7.67,"7,67",44,SIH02
Taxa mortalidade,Caráter atendimento,mensal,2022-10,2022.0,Outros ac trab,,-,44,SIH02
Taxa mortalidade,Caráter atendimento,mensal,2022-10,2022.0,Outras caus ext,,-,44,SIH02
Taxa mortalidade,Caráter atendimento,mensal,2022-10,2022.0,Total,7.37,"7,37",44,SIH02
Taxa mortalidade,Caráter atendimento,mensal,2022-11,2022.0,Eletivo,,-,45,SIH02
Taxa mortalidade,Caráter atendimento,mensal,2022-11,2022.0,Urgência,7.64,"7,64",45,SIH02
Taxa mortalidade,Caráter atendimento,mensal,2022-11,2022.0,Outros ac trab,,-,45,SIH02
Taxa mortalidade,Caráter atendimento,mensal,2022-11,2022.0,Outras caus ext,,-,45,SIH02
Taxa mortalidade,Caráter atendimento,mensal,2022-11,2022.0,Total,7.31,"7,31",45,SIH02
Taxa mortalidade,Caráter atendimento,mensal,2022-12,2022.0,Eletivo,,-,46,SIH02
Taxa mortalidade,Caráter atendimento,mensal,2022-12,2022.0,Urgência,7.49,"7,49",46,SIH02
Taxa mortalidade,Caráter atendimento,mensal,2022-12,2022.0,Outros ac trab,,-,46,SIH02
Taxa mortalidade,Caráter atendimento,mensal,2022-12,2022.0,Outras caus ext,,-,46,SIH02
Taxa mortalidade,Caráter atendimento,mensal,2022-12,2022.0,Total,6.62,"6,62",46,SIH02
Taxa mortalidade,Caráter atendimento,ano_publicado,,2023.0,Eletivo,,-,47,SIH02
Taxa mortalidade,Caráter atendimento,ano_publicado,,2023.0,Urgência,8.58,"8,58",47,SIH02
Taxa mortalidade,Caráter atendimento,ano_publicado,,2023.0,Outros ac trab,0.23,"0,23",47,SIH02
Taxa mortalidade,Caráter atendimento,ano_publicado,,2023.0,Outras caus ext,0.66,"0,66",47,SIH02
Taxa mortalidade,Caráter atendimento,ano_publicado,,2023.0,Total,7.5,"7,50",47,SIH02
Taxa mortalidade,Caráter atendimento,mensal,2023-01,2023.0,Eletivo,,...,48,SIH02
Taxa mortalidade,Caráter atendimento,mensal,2023-01,2023.0,Urgência,7.74,"7,74",48,SIH02
Taxa mortalidade,Caráter atendimento,mensal,2023-01,2023.0,Outros ac trab,,-,48,SIH02
Taxa mortalidade,Caráter atendimento,mensal,2023-01,2023.0,Outras caus ext,2.17,"2,17",48,SIH02
Taxa mortalidade,Caráter atendimento,mensal,2023-01,2023.0,Total,7.11,"7,11",48,SIH02
Taxa mortalidade,Caráter atendimento,mensal,2023-02,2023.0,Eletivo,,...,49,SIH02
Taxa mortalidade,Caráter atendimento,mensal,2023-02,2023.0,Urgência,9.86,"9,86",49,SIH02
Taxa mortalidade,Caráter atendimento,mensal,2023-02,2023.0,Outros ac trab,,-,49,SIH02
Taxa mortalidade,Caráter atendimento,mensal,2023-02,2023.0,Outras caus ext,,-,49,SIH02
Taxa mortalidade,Caráter atendimento,mensal,2023-02,2023.0,Total,8.47,"8,47",49,SIH02
Taxa mortalidade,Caráter atendimento,mensal,2023-03,2023.0,Eletivo,,...,50,SIH02
Taxa mortalidade,Caráter atendimento,mensal,2023-03,2023.0,Urgência,11.86,"11,86",50,SIH02
Taxa mortalidade,Caráter atendimento,mensal,2023-03,2023.0,Outros ac trab,,-,50,SIH02
Taxa mortalidade,Caráter atendimento,mensal,2023-03,2023.0,Outras caus ext,,-,50,SIH02
Taxa mortalidade,Caráter atendimento,mensal,2023-03,2023.0,Total,9.35,"9,35",50,SIH02
Taxa mortalidade,Caráter atendimento,mensal,2023-04,2023.0,Eletivo,,-,51,SIH02
Taxa mortalidade,Caráter atendimento,mensal,2023-04,2023.0,Urgência,8.38,"8,38",51,SIH02
Taxa mortalidade,Caráter atendimento,mensal,2023-04,2023.0,Outros ac trab,,-,51,SIH02
Taxa mortalidade,Caráter atendimento,mensal,2023-04,2023.0,Outras caus ext,,-,51,SIH02
Taxa mortalidade,Caráter atendimento,mensal,2023-04,2023.0,Total,8.24,"8,24",51,SIH02
Taxa mortalidade,Caráter atendimento,mensal,2023-05,2023.0,Eletivo,,...,52,SIH02
Taxa mortalidade,Caráter atendimento,mensal,2023-05,2023.0,Urgência,9.09,"9,09",52,SIH02
Taxa mortalidade,Caráter atendimento,mensal,2023-05,2023.0,Outros ac trab,,-,52,SIH02
Taxa mortalidade,Caráter atendimento,mensal,2023-05,2023.0,Outras caus ext,,-,52,SIH02
Taxa mortalidade,Caráter atendimento,mensal,2023-05,2023.0,Total,8.82,"8,82",52,SIH02
Taxa mortalidade,Caráter atendimento,mensal,2023-06,2023.0,Eletivo,,...,53,SIH02
Taxa mortalidade,Caráter atendimento,mensal,2023-06,2023.0,Urgência,9.47,"9,47",53,SIH02
Taxa mortalidade,Caráter atendimento,mensal,2023-06,2023.0,Outros ac trab,,-,53,SIH02
Taxa mortalidade,Caráter atendimento,mensal,2023-06,2023.0,Outras caus ext,1.47,"1,47",53,SIH02
Taxa mortalidade,Caráter atendimento,mensal,2023-06,2023.0,Total,7.92,"7,92",53,SIH02
Taxa mortalidade,Caráter atendimento,mensal,2023-07,2023.0,Eletivo,,-,54,SIH02
Taxa mortalidade,Caráter atendimento,mensal,2023-07,2023.0,Urgência,8.22,"8,22",54,SIH02
Taxa mortalidade,Caráter atendimento,mensal,2023-07,2023.0,Outros ac trab,,-,54,SIH02
Taxa mortalidade,Caráter atendimento,mensal,2023-07,2023.0,Outras caus ext,,-,54,SIH02
Taxa mortalidade,Caráter atendimento,mensal,2023-07,2023.0,Total,7.26,"7,26",54,SIH02
Taxa mortalidade,Caráter atendimento,mensal,2023-08,2023.0,Eletivo,,...,55,SIH02
Taxa mortalidade,Caráter atendimento,mensal,2023-08,2023.0,Urgência,9.54,"9,54",55,SIH02
Taxa mortalidade,Caráter atendimento,mensal,2023-08,2023.0,Outros ac trab,,-,55,SIH02
Taxa mortalidade,Caráter atendimento,mensal,2023-08,2023.0,Outras caus ext,1.69,"1,69",55,SIH02
Taxa mortalidade,Caráter atendimento,mensal,2023-08,2023.0,Total,8.38,"8,38",55,SIH02
Taxa mortalidade,Caráter atendimento,mensal,2023-09,2023.0,Eletivo,,...,56,SIH02
Taxa mortalidade,Caráter atendimento,mensal,2023-09,2023.0,Urgência,7.16,"7,16",56,SIH02
Taxa mortalidade,Caráter atendimento,mensal,2023-09,2023.0,Outros ac trab,,-,56,SIH02
Taxa mortalidade,Caráter atendimento,mensal,2023-09,2023.0,Outras caus ext,,-,56,SIH02
Taxa mortalidade,Caráter atendimento,mensal,2023-09,2023.0,Total,5.66,"5,66",56,SIH02
Taxa mortalidade,Caráter atendimento,mensal,2023-10,2023.0,Eletivo,,...,57,SIH02
Taxa mortalidade,Caráter atendimento,mensal,2023-10,2023.0,Urgência,8.24,"8,24",57,SIH02
Taxa mortalidade,Caráter atendimento,mensal,2023-10,2023.0,Outros ac trab,,-,57,SIH02
Taxa mortalidade,Caráter atendimento,mensal,2023-10,2023.0,Outras caus ext,1.41,"1,41",57,SIH02
Taxa mortalidade,Caráter atendimento,mensal,2023-10,2023.0,Total,6.67,"6,67",57,SIH02
Taxa mortalidade,Caráter atendimento,mensal,2023-11,2023.0,Eletivo,,...,58,SIH02
Taxa mortalidade,Caráter atendimento,mensal,2023-11,2023.0,Urgência,8.6,"8,60",58,SIH02
Taxa mortalidade,Caráter atendimento,mensal,2023-11,2023.0,Outros ac trab,3.85,"3,85",58,SIH02
Taxa mortalidade,Caráter atendimento,mensal,2023-11,2023.0,Outras caus ext,,-,58,SIH02
Taxa mortalidade,Caráter atendimento,mensal,2023-11,2023.0,Total,7.72,"7,72",58,SIH02
Taxa mortalidade,Caráter atendimento,mensal,2023-12,2023.0,Eletivo,,-,59,SIH02
Taxa mortalidade,Caráter atendimento,mensal,2023-12,2023.0,Urgência,5.5,"5,50",59,SIH02
Taxa mortalidade,Caráter atendimento,mensal,2023-12,2023.0,Outros ac trab,,-,59,SIH02
Taxa mortalidade,Caráter atendimento,mensal,2023-12,2023.0,Outras caus ext,,-,59,SIH02
Taxa mortalidade,Caráter atendimento,mensal,2023-12,2023.0,Total,5.04,"5,04",59,SIH02
Taxa mortalidade,Caráter atendimento,ano_publicado,,2024.0,Eletivo,,-,60,SIH02
Taxa mortalidade,Caráter atendimento,ano_publicado,,2024.0,Urgência,6.66,"6,66",60,SIH02
Taxa mortalidade,Caráter atendimento,ano_publicado,,2024.0,Outros ac trab,0.25,"0,25",60,SIH02
Taxa mortalidade,Caráter atendimento,ano_publicado,,2024.0,Outras caus ext,1.09,"1,09",60,SIH02
Taxa mortalidade,Caráter atendimento,ano_publicado,,2024.0,Total,6.11,"6,11",60,SIH02
Taxa mortalidade,Caráter atendimento,mensal,2024-01,2024.0,Eletivo,,...,61,SIH02
Taxa mortalidade,Caráter atendimento,mensal,2024-01,2024.0,Urgência,6.73,"6,73",61,SIH02
Taxa mortalidade,Caráter atendimento,mensal,2024-01,2024.0,Outros ac trab,,-,61,SIH02
Taxa mortalidade,Caráter atendimento,mensal,2024-01,2024.0,Outras caus ext,5.56,"5,56",61,SIH02
Taxa mortalidade,Caráter atendimento,mensal,2024-01,2024.0,Total,6.33,"6,33",61,SIH02
Taxa mortalidade,Caráter atendimento,mensal,2024-02,2024.0,Eletivo,,-,62,SIH02
Taxa mortalidade,Caráter atendimento,mensal,2024-02,2024.0,Urgência,9.07,"9,07",62,SIH02
Taxa mortalidade,Caráter atendimento,mensal,2024-02,2024.0,Outros ac trab,,-,62,SIH02
Taxa mortalidade,Caráter atendimento,mensal,2024-02,2024.0,Outras caus ext,1.59,"1,59",62,SIH02
Taxa mortalidade,Caráter atendimento,mensal,2024-02,2024.0,Total,7.77,"7,77",62,SIH02
Taxa mortalidade,Caráter atendimento,mensal,2024-03,2024.0,Eletivo,,-,63,SIH02
Taxa mortalidade,Caráter atendimento,mensal,2024-03,2024.0,Urgência,8.36,"8,36",63,SIH02
Taxa mortalidade,Caráter atendimento,mensal,2024-03,2024.0,Outros ac trab,,-,63,SIH02
Taxa mortalidade,Caráter atendimento,mensal,2024-03,2024.0,Outras caus ext,,-,63,SIH02
Taxa mortalidade,Caráter atendimento,mensal,2024-03,2024.0,Total,7.18,"7,18",63,SIH02
Taxa mortalidade,Caráter atendimento,mensal,2024-04,2024.0,Eletivo,,...,64,SIH02
Taxa mortalidade,Caráter atendimento,mensal,2024-04,2024.0,Urgência,6.69,"6,69",64,SIH02
Taxa mortalidade,Caráter atendimento,mensal,2024-04,2024.0,Outros ac trab,,-,64,SIH02
Taxa mortalidade,Caráter atendimento,mensal,2024-04,2024.0,Outras caus ext,,-,64,SIH02
Taxa mortalidade,Caráter atendimento,mensal,2024-04,2024.0,Total,5.75,"5,75",64,SIH02
Taxa mortalidade,Caráter atendimento,mensal,2024-05,2024.0,Eletivo,,...,65,SIH02
Taxa mortalidade,Caráter atendimento,mensal,2024-05,2024.0,Urgência,7.18,"7,18",65,SIH02
Taxa mortalidade,Caráter atendimento,mensal,2024-05,2024.0,Outros ac trab,,-,65,SIH02
Taxa mortalidade,Caráter atendimento,mensal,2024-05,2024.0,Outras caus ext,,-,65,SIH02
Taxa mortalidade,Caráter atendimento,mensal,2024-05,2024.0,Total,5.96,"5,96",65,SIH02
Taxa mortalidade,Caráter atendimento,mensal,2024-06,2024.0,Eletivo,,...,66,SIH02
Taxa mortalidade,Caráter atendimento,mensal,2024-06,2024.0,Urgência,5.91,"5,91",66,SIH02
Taxa mortalidade,Caráter atendimento,mensal,2024-06,2024.0,Outros ac trab,,-,66,SIH02
Taxa mortalidade,Caráter atendimento,mensal,2024-06,2024.0,Outras caus ext,3.03,"3,03",66,SIH02
Taxa mortalidade,Caráter atendimento,mensal,2024-06,2024.0,Total,5.4,"5,40",66,SIH02
Taxa mortalidade,Caráter atendimento,mensal,2024-07,2024.0,Eletivo,,...,67,SIH02
Taxa mortalidade,Caráter atendimento,mensal,2024-07,2024.0,Urgência,6.57,"6,57",67,SIH02
Taxa mortalidade,Caráter atendimento,mensal,2024-07,2024.0,Outros ac trab,1.69,"1,69",67,SIH02
Taxa mortalidade,Caráter atendimento,mensal,2024-07,2024.0,Outras caus ext,0.99,"0,99",67,SIH02
Taxa mortalidade,Caráter atendimento,mensal,2024-07,2024.0,Total,5.58,"5,58",67,SIH02
Taxa mortalidade,Caráter atendimento,mensal,2024-08,2024.0,Eletivo,,-,68,SIH02
Taxa mortalidade,Caráter atendimento,mensal,2024-08,2024.0,Urgência,6.42,"6,42",68,SIH02
Taxa mortalidade,Caráter atendimento,mensal,2024-08,2024.0,Outros ac trab,,-,68,SIH02
Taxa mortalidade,Caráter atendimento,mensal,2024-08,2024.0,Outras caus ext,,-,68,SIH02
Taxa mortalidade,Caráter atendimento,mensal,2024-08,2024.0,Total,6.3,"6,30",68,SIH02
Taxa mortalidade,Caráter atendimento,mensal,2024-09,2024.0,Eletivo,,...,69,SIH02
Taxa mortalidade,Caráter atendimento,mensal,2024-09,2024.0,Urgência,5.9,"5,90",69,SIH02
Taxa mortalidade,Caráter atendimento,mensal,2024-09,2024.0,Outros ac trab,,-,69,SIH02
Taxa mortalidade,Caráter atendimento,mensal,2024-09,2024.0,Outras caus ext,,...,69,SIH02
Taxa mortalidade,Caráter atendimento,mensal,2024-09,2024.0,Total,5.84,"5,84",69,SIH02
Taxa mortalidade,Caráter atendimento,mensal,2024-10,2024.0,Eletivo,,-,70,SIH02
Taxa mortalidade,Caráter atendimento,mensal,2024-10,2024.0,Urgência,6.63,"6,63",70,SIH02
Taxa mortalidade,Caráter atendimento,mensal,2024-10,2024.0,Outros ac trab,,-,70,SIH02
Taxa mortalidade,Caráter atendimento,mensal,2024-10,2024.0,Outras caus ext,,...,70,SIH02
Taxa mortalidade,Caráter atendimento,mensal,2024-10,2024.0,Total,6.46,"6,46",70,SIH02
Taxa mortalidade,Caráter atendimento,mensal,2024-11,2024.0,Eletivo,,...,71,SIH02
Taxa mortalidade,Caráter atendimento,mensal,2024-11,2024.0,Urgência,4.64,"4,64",71,SIH02
Taxa mortalidade,Caráter atendimento,mensal,2024-11,2024.0,Outros ac trab,,-,71,SIH02
Taxa mortalidade,Caráter atendimento,mensal,2024-11,2024.0,Outras caus ext,,...,71,SIH02
Taxa mortalidade,Caráter atendimento,mensal,2024-11,2024.0,Total,4.54,"4,54",71,SIH02
Taxa mortalidade,Caráter atendimento,mensal,2024-12,2024.0,Eletivo,,...,72,SIH02
Taxa mortalidade,Caráter atendimento,mensal,2024-12,2024.0,Urgência,6.91,"6,91",72,SIH02
Taxa mortalidade,Caráter atendimento,mensal,2024-12,2024.0,Outros ac trab,,-,72,SIH02
Taxa mortalidade,Caráter atendimento,mensal,2024-12,2024.0,Outras caus ext,,...,72,SIH02
Taxa mortalidade,Caráter atendimento,mensal,2024-12,2024.0,Total,6.7,"6,70",72,SIH02
Taxa mortalidade,Caráter atendimento,ano_publicado,,2025.0,Eletivo,0.36,"0,36",73,SIH02
Taxa mortalidade,Caráter atendimento,ano_publicado,,2025.0,Urgência,6.52,"6,52",73,SIH02
Taxa mortalidade,Caráter atendimento,ano_publicado,,2025.0,Outros ac trab,0.28,"0,28",73,SIH02
Taxa mortalidade,Caráter atendimento,ano_publicado,,2025.0,Outras caus ext,2.94,"2,94",73,SIH02
Taxa mortalidade,Caráter atendimento,ano_publicado,,2025.0,Total,6.06,"6,06",73,SIH02
Taxa mortalidade,Caráter atendimento,mensal,2025-01,2025.0,Eletivo,,-,74,SIH02
Taxa mortalidade,Caráter atendimento,mensal,2025-01,2025.0,Urgência,4.74,"4,74",74,SIH02
Taxa mortalidade,Caráter atendimento,mensal,2025-01,2025.0,Outros ac trab,,-,74,SIH02
Taxa mortalidade,Caráter atendimento,mensal,2025-01,2025.0,Outras caus ext,,...,74,SIH02
Taxa mortalidade,Caráter atendimento,mensal,2025-01,2025.0,Total,4.57,"4,57",74,SIH02
Taxa mortalidade,Caráter atendimento,mensal,2025-02,2025.0,Eletivo,,-,75,SIH02
Taxa mortalidade,Caráter atendimento,mensal,2025-02,2025.0,Urgência,6.27,"6,27",75,SIH02
Taxa mortalidade,Caráter atendimento,mensal,2025-02,2025.0,Outros ac trab,,-,75,SIH02
Taxa mortalidade,Caráter atendimento,mensal,2025-02,2025.0,Outras caus ext,,...,75,SIH02
Taxa mortalidade,Caráter atendimento,mensal,2025-02,2025.0,Total,5.88,"5,88",75,SIH02
Taxa mortalidade,Caráter atendimento,mensal,2025-03,2025.0,Eletivo,,-,76,SIH02
Taxa mortalidade,Caráter atendimento,mensal,2025-03,2025.0,Urgência,6.06,"6,06",76,SIH02
Taxa mortalidade,Caráter atendimento,mensal,2025-03,2025.0,Outros ac trab,,-,76,SIH02
Taxa mortalidade,Caráter atendimento,mensal,2025-03,2025.0,Outras caus ext,,...,76,SIH02
Taxa mortalidade,Caráter atendimento,mensal,2025-03,2025.0,Total,5.61,"5,61",76,SIH02
Taxa mortalidade,Caráter atendimento,mensal,2025-04,2025.0,Eletivo,,-,77,SIH02
Taxa mortalidade,Caráter atendimento,mensal,2025-04,2025.0,Urgência,6.35,"6,35",77,SIH02
Taxa mortalidade,Caráter atendimento,mensal,2025-04,2025.0,Outros ac trab,,-,77,SIH02
Taxa mortalidade,Caráter atendimento,mensal,2025-04,2025.0,Outras caus ext,,...,77,SIH02
Taxa mortalidade,Caráter atendimento,mensal,2025-04,2025.0,Total,5.93,"5,93",77,SIH02
Taxa mortalidade,Caráter atendimento,mensal,2025-05,2025.0,Eletivo,,-,78,SIH02
Taxa mortalidade,Caráter atendimento,mensal,2025-05,2025.0,Urgência,6.08,"6,08",78,SIH02
Taxa mortalidade,Caráter atendimento,mensal,2025-05,2025.0,Outros ac trab,,-,78,SIH02
Taxa mortalidade,Caráter atendimento,mensal,2025-05,2025.0,Outras caus ext,,-,78,SIH02
Taxa mortalidade,Caráter atendimento,mensal,2025-05,2025.0,Total,5.8,"5,80",78,SIH02
Taxa mortalidade,Caráter atendimento,mensal,2025-06,2025.0,Eletivo,100.0,"100,00",79,SIH02
Taxa mortalidade,Caráter atendimento,mensal,2025-06,2025.0,Urgência,7.57,"7,57",79,SIH02
Taxa mortalidade,Caráter atendimento,mensal,2025-06,2025.0,Outros ac trab,,-,79,SIH02
Taxa mortalidade,Caráter atendimento,mensal,2025-06,2025.0,Outras caus ext,,-,79,SIH02
Taxa mortalidade,Caráter atendimento,mensal,2025-06,2025.0,Total,7.34,"7,34",79,SIH02
Taxa mortalidade,Caráter atendimento,mensal,2025-07,2025.0,Eletivo,,...,80,SIH02
Taxa mortalidade,Caráter atendimento,mensal,2025-07,2025.0,Urgência,7.53,"7,53",80,SIH02
Taxa mortalidade,Caráter atendimento,mensal,2025-07,2025.0,Outros ac trab,,-,80,SIH02
Taxa mortalidade,Caráter atendimento,mensal,2025-07,2025.0,Outras caus ext,,-,80,SIH02
Taxa mortalidade,Caráter atendimento,mensal,2025-07,2025.0,Total,7.34,"7,34",80,SIH02
Taxa mortalidade,Caráter atendimento,mensal,2025-08,2025.0,Eletivo,,...,81,SIH02
Taxa mortalidade,Caráter atendimento,mensal,2025-08,2025.0,Urgência,6.65,"6,65",81,SIH02
Taxa mortalidade,Caráter atendimento,mensal,2025-08,2025.0,Outros ac trab,4.17,"4,17",81,SIH02
Taxa mortalidade,Caráter atendimento,mensal,2025-08,2025.0,Outras caus ext,,-,81,SIH02
Taxa mortalidade,Caráter atendimento,mensal,2025-08,2025.0,Total,6.51,"6,51",81,SIH02
Taxa mortalidade,Caráter atendimento,mensal,2025-09,2025.0,Eletivo,,-,82,SIH02
Taxa mortalidade,Caráter atendimento,mensal,2025-09,2025.0,Urgência,9.02,"9,02",82,SIH02
Taxa mortalidade,Caráter atendimento,mensal,2025-09,2025.0,Outros ac trab,,-,82,SIH02
Taxa mortalidade,Caráter atendimento,mensal,2025-09,2025.0,Outras caus ext,,-,82,SIH02
Taxa mortalidade,Caráter atendimento,mensal,2025-09,2025.0,Total,8.29,"8,29",82,SIH02
Taxa mortalidade,Caráter atendimento,mensal,2025-10,2025.0,Eletivo,,-,83,SIH02
Taxa mortalidade,Caráter atendimento,mensal,2025-10,2025.0,Urgência,6.57,"6,57",83,SIH02
Taxa mortalidade,Caráter atendimento,mensal,2025-10,2025.0,Outros ac trab,,-,83,SIH02
Taxa mortalidade,Caráter atendimento,mensal,2025-10,2025.0,Outras caus ext,,-,83,SIH02
Taxa mortalidade,Caráter atendimento,mensal,2025-10,2025.0,Total,5.69,"5,69",83,SIH02
Taxa mortalidade,Caráter atendimento,mensal,2025-11,2025.0,Eletivo,,-,84,SIH02
Taxa mortalidade,Caráter atendimento,mensal,2025-11,2025.0,Urgência,6.1,"6,10",84,SIH02
Taxa mortalidade,Caráter atendimento,mensal,2025-11,2025.0,Outros ac trab,,-,84,SIH02
Taxa mortalidade,Caráter atendimento,mensal,2025-11,2025.0,Outras caus ext,20.0,"20,00",84,SIH02
Taxa mortalidade,Caráter atendimento,mensal,2025-11,2025.0,Total,5.29,"5,29",84,SIH02
Taxa mortalidade,Caráter atendimento,mensal,2025-12,2025.0,Eletivo,,-,85,SIH02
Taxa mortalidade,Caráter atendimento,mensal,2025-12,2025.0,Urgência,6.18,"6,18",85,SIH02
Taxa mortalidade,Caráter atendimento,mensal,2025-12,2025.0,Outros ac trab,,-,85,SIH02
Taxa mortalidade,Caráter atendimento,mensal,2025-12,2025.0,Outras caus ext,,-,85,SIH02
Taxa mortalidade,Caráter atendimento,mensal,2025-12,2025.0,Total,5.34,"5,34",85,SIH02
Taxa mortalidade,Caráter atendimento,ano_publicado,,2026.0,Eletivo,,-,86,SIH02
Taxa mortalidade,Caráter atendimento,ano_publicado,,2026.0,Urgência,6.93,"6,93",86,SIH02
Taxa mortalidade,Caráter atendimento,ano_publicado,,2026.0,Outros ac trab,1.16,"1,16",86,SIH02
Taxa mortalidade,Caráter atendimento,ano_publicado,,2026.0,Outras caus ext,1.64,"1,64",86,SIH02
Taxa mortalidade,Caráter atendimento,ano_publicado,,2026.0,Total,6.28,"6,28",86,SIH02
Taxa mortalidade,Caráter atendimento,mensal,2026-01,2026.0,Eletivo,,-,87,SIH02
Taxa mortalidade,Caráter atendimento,mensal,2026-01,2026.0,Urgência,8.65,"8,65",87,SIH02
Taxa mortalidade,Caráter atendimento,mensal,2026-01,2026.0,Outros ac trab,,-,87,SIH02
Taxa mortalidade,Caráter atendimento,mensal,2026-01,2026.0,Outras caus ext,10.0,"10,00",87,SIH02
Taxa mortalidade,Caráter atendimento,mensal,2026-01,2026.0,Total,7.56,"7,56",87,SIH02
Taxa mortalidade,Caráter atendimento,mensal,2026-02,2026.0,Eletivo,,-,88,SIH02
Taxa mortalidade,Caráter atendimento,mensal,2026-02,2026.0,Urgência,6.38,"6,38",88,SIH02
Taxa mortalidade,Caráter atendimento,mensal,2026-02,2026.0,Outros ac trab,1.96,"1,96",88,SIH02
Taxa mortalidade,Caráter atendimento,mensal,2026-02,2026.0,Outras caus ext,,-,88,SIH02
Taxa mortalidade,Caráter atendimento,mensal,2026-02,2026.0,Total,5.7,"5,70",88,SIH02
Taxa mortalidade,Caráter atendimento,mensal,2026-03,2026.0,Eletivo,,-,89,SIH02
Taxa mortalidade,Caráter atendimento,mensal,2026-03,2026.0,Urgência,4.18,"4,18",89,SIH02
Taxa mortalidade,Caráter atendimento,mensal,2026-03,2026.0,Outros ac trab,,-,89,SIH02
Taxa mortalidade,Caráter atendimento,mensal,2026-03,2026.0,Outras caus ext,,-,89,SIH02
Taxa mortalidade,Caráter atendimento,mensal,2026-03,2026.0,Total,3.74,"3,74",89,SIH02
Taxa mortalidade,Caráter atendimento,mensal,2026-04,2026.0,Eletivo,,-,90,SIH02
Taxa mortalidade,Caráter atendimento,mensal,2026-04,2026.0,Urgência,6.54,"6,54",90,SIH02
Taxa mortalidade,Caráter atendimento,mensal,2026-04,2026.0,Outros ac trab,3.92,"3,92",90,SIH02
Taxa mortalidade,Caráter atendimento,mensal,2026-04,2026.0,Outras caus ext,,-,90,SIH02
Taxa mortalidade,Caráter atendimento,mensal,2026-04,2026.0,Total,6.24,"6,24",90,SIH02
Taxa mortalidade,Caráter atendimento,mensal,2026-05,2026.0,Eletivo,,-,91,SIH02
Taxa mortalidade,Caráter atendimento,mensal,2026-05,2026.0,Urgência,8.33,"8,33",91,SIH02
Taxa mortalidade,Caráter atendimento,mensal,2026-05,2026.0,Outros ac trab,2.44,"2,44",91,SIH02
Taxa mortalidade,Caráter atendimento,mensal,2026-05,2026.0,Outras caus ext,,-,91,SIH02
Taxa mortalidade,Caráter atendimento,mensal,2026-05,2026.0,Total,7.75,"7,75",91,SIH02
Taxa mortalidade,Caráter atendimento,mensal,2026-06,2026.0,Eletivo,,-,92,SIH02
Taxa mortalidade,Caráter atendimento,mensal,2026-06,2026.0,Urgência,6.53,"6,53",92,SIH02
Taxa mortalidade,Caráter atendimento,mensal,2026-06,2026.0,Outros ac trab,,-,92,SIH02
Taxa mortalidade,Caráter atendimento,mensal,2026-06,2026.0,Outras caus ext,,-,92,SIH02
Taxa mortalidade,Caráter atendimento,mensal,2026-06,2026.0,Total,5.96,"5,96",92,SIH02
Taxa mortalidade,Caráter atendimento,mensal,2026-07,2026.0,Eletivo,,-,93,SIH02
Taxa mortalidade,Caráter atendimento,mensal,2026-07,2026.0,Urgência,7.68,"7,68",93,SIH02
Taxa mortalidade,Caráter atendimento,mensal,2026-07,2026.0,Outros ac trab,,-,93,SIH02
Taxa mortalidade,Caráter atendimento,mensal,2026-07,2026.0,Outras caus ext,,-,93,SIH02
Taxa mortalidade,Caráter atendimento,mensal,2026-07,2026.0,Total,6.75,"6,75",93,SIH02
Taxa mortalidade,Caráter atendimento,total_publicado,,,Eletivo,0.61,"0,61",94,SIH02
Taxa mortalidade,Caráter atendimento,total_publicado,,,Urgência,9.86,"9,86",94,SIH02
Taxa mortalidade,Caráter atendimento,total_publicado,,,Outros ac trab,0.37,"0,37",94,SIH02
Taxa mortalidade,Caráter atendimento,total_publicado,,,Outras caus ext,0.83,"0,83",94,SIH02
Taxa mortalidade,Caráter atendimento,total_publicado,,,Total,8.68,"8,68",94,SIH02
AIH aprovadas,Subgrupo proced.,ano_publicado,,2019.0,0201 Coleta de material,,-,6,SIH03
AIH aprovadas,Subgrupo proced.,ano_publicado,,2019.0,0301 Consultas / Atendimentos / Acompanhamentos,,-,6,SIH03
AIH aprovadas,Subgrupo proced.,ano_publicado,,2019.0,0303 Tratamentos clinicos (outras especialidades),70.0,70,6,SIH03
AIH aprovadas,Subgrupo proced.,ano_publicado,,2019.0,0304 Tratamento em oncologia,4.0,4,6,SIH03
AIH aprovadas,Subgrupo proced.,ano_publicado,,2019.0,0305 Tratamento em nefrologia,10.0,10,6,SIH03
AIH aprovadas,Subgrupo proced.,ano_publicado,,2019.0,"0308 Tratamento de lesoes, envenenamentos e outros, decorrentes de causas externas",5.0,5,6,SIH03
AIH aprovadas,Subgrupo proced.,ano_publicado,,2019.0,0310 Parto e nascimento,,-,6,SIH03
AIH aprovadas,Subgrupo proced.,ano_publicado,,2019.0,"0401 Pequenas cirurgias e cirurgias de pele, tecido subcutaneo e mucosa",,-,6,SIH03
AIH aprovadas,Subgrupo proced.,ano_publicado,,2019.0,0402 Cirurgia de glandulas endocrinas,,-,6,SIH03
AIH aprovadas,Subgrupo proced.,ano_publicado,,2019.0,0403 Cirurgia do sistema nervoso central e periferico,,-,6,SIH03
AIH aprovadas,Subgrupo proced.,ano_publicado,,2019.0,"0404 Cirurgia das vias aereas superiores, da face, da cabeca e do pescoco",,-,6,SIH03
AIH aprovadas,Subgrupo proced.,ano_publicado,,2019.0,0406 Cirurgia do aparelho circulatorio,13.0,13,6,SIH03
AIH aprovadas,Subgrupo proced.,ano_publicado,,2019.0,"0407 Cirurgia do aparelho digestivo, orgaos anexos e parede abdominal",3.0,3,6,SIH03
AIH aprovadas,Subgrupo proced.,ano_publicado,,2019.0,0408 Cirurgia do sistema osteomuscular,35.0,35,6,SIH03
AIH aprovadas,Subgrupo proced.,ano_publicado,,2019.0,0409 Cirurgia do aparelho geniturinario,,-,6,SIH03
AIH aprovadas,Subgrupo proced.,ano_publicado,,2019.0,0410 Cirurgia de mama,,-,6,SIH03
AIH aprovadas,Subgrupo proced.,ano_publicado,,2019.0,0412 Cirurgia toracica,,-,6,SIH03
AIH aprovadas,Subgrupo proced.,ano_publicado,,2019.0,0413 Cirurgia reparadora,,-,6,SIH03
AIH aprovadas,Subgrupo proced.,ano_publicado,,2019.0,0415 Outras cirurgias,27.0,27,6,SIH03
AIH aprovadas,Subgrupo proced.,ano_publicado,,2019.0,0503 Acoes relacionadas a doacao de orgaos e tecidos para transplante,,-,6,SIH03
AIH aprovadas,Subgrupo proced.,ano_publicado,,2019.0,Total,167.0,167,6,SIH03
AIH aprovadas,Subgrupo proced.,mensal,2019-12,2019.0,0201 Coleta de material,,-,7,SIH03
AIH aprovadas,Subgrupo proced.,mensal,2019-12,2019.0,0301 Consultas / Atendimentos / Acompanhamentos,,-,7,SIH03
AIH aprovadas,Subgrupo proced.,mensal,2019-12,2019.0,0303 Tratamentos clinicos (outras especialidades),70.0,70,7,SIH03
AIH aprovadas,Subgrupo proced.,mensal,2019-12,2019.0,0304 Tratamento em oncologia,4.0,4,7,SIH03
AIH aprovadas,Subgrupo proced.,mensal,2019-12,2019.0,0305 Tratamento em nefrologia,10.0,10,7,SIH03
AIH aprovadas,Subgrupo proced.,mensal,2019-12,2019.0,"0308 Tratamento de lesoes, envenenamentos e outros, decorrentes de causas externas",5.0,5,7,SIH03
AIH aprovadas,Subgrupo proced.,mensal,2019-12,2019.0,0310 Parto e nascimento,,-,7,SIH03
AIH aprovadas,Subgrupo proced.,mensal,2019-12,2019.0,"0401 Pequenas cirurgias e cirurgias de pele, tecido subcutaneo e mucosa",,-,7,SIH03
AIH aprovadas,Subgrupo proced.,mensal,2019-12,2019.0,0402 Cirurgia de glandulas endocrinas,,-,7,SIH03
AIH aprovadas,Subgrupo proced.,mensal,2019-12,2019.0,0403 Cirurgia do sistema nervoso central e periferico,,-,7,SIH03
AIH aprovadas,Subgrupo proced.,mensal,2019-12,2019.0,"0404 Cirurgia das vias aereas superiores, da face, da cabeca e do pescoco",,-,7,SIH03
AIH aprovadas,Subgrupo proced.,mensal,2019-12,2019.0,0406 Cirurgia do aparelho circulatorio,13.0,13,7,SIH03
AIH aprovadas,Subgrupo proced.,mensal,2019-12,2019.0,"0407 Cirurgia do aparelho digestivo, orgaos anexos e parede abdominal",3.0,3,7,SIH03
AIH aprovadas,Subgrupo proced.,mensal,2019-12,2019.0,0408 Cirurgia do sistema osteomuscular,35.0,35,7,SIH03
AIH aprovadas,Subgrupo proced.,mensal,2019-12,2019.0,0409 Cirurgia do aparelho geniturinario,,-,7,SIH03
AIH aprovadas,Subgrupo proced.,mensal,2019-12,2019.0,0410 Cirurgia de mama,,-,7,SIH03
AIH aprovadas,Subgrupo proced.,mensal,2019-12,2019.0,0412 Cirurgia toracica,,-,7,SIH03
AIH aprovadas,Subgrupo proced.,mensal,2019-12,2019.0,0413 Cirurgia reparadora,,-,7,SIH03
AIH aprovadas,Subgrupo proced.,mensal,2019-12,2019.0,0415 Outras cirurgias,27.0,27,7,SIH03
AIH aprovadas,Subgrupo proced.,mensal,2019-12,2019.0,0503 Acoes relacionadas a doacao de orgaos e tecidos para transplante,,-,7,SIH03
AIH aprovadas,Subgrupo proced.,mensal,2019-12,2019.0,Total,167.0,167,7,SIH03
AIH aprovadas,Subgrupo proced.,ano_publicado,,2020.0,0201 Coleta de material,1.0,1,8,SIH03
AIH aprovadas,Subgrupo proced.,ano_publicado,,2020.0,0301 Consultas / Atendimentos / Acompanhamentos,118.0,118,8,SIH03
AIH aprovadas,Subgrupo proced.,ano_publicado,,2020.0,0303 Tratamentos clinicos (outras especialidades),3817.0,3817,8,SIH03
AIH aprovadas,Subgrupo proced.,ano_publicado,,2020.0,0304 Tratamento em oncologia,65.0,65,8,SIH03
AIH aprovadas,Subgrupo proced.,ano_publicado,,2020.0,0305 Tratamento em nefrologia,260.0,260,8,SIH03
AIH aprovadas,Subgrupo proced.,ano_publicado,,2020.0,"0308 Tratamento de lesoes, envenenamentos e outros, decorrentes de causas externas",632.0,632,8,SIH03
AIH aprovadas,Subgrupo proced.,ano_publicado,,2020.0,0310 Parto e nascimento,,-,8,SIH03
AIH aprovadas,Subgrupo proced.,ano_publicado,,2020.0,"0401 Pequenas cirurgias e cirurgias de pele, tecido subcutaneo e mucosa",28.0,28,8,SIH03
AIH aprovadas,Subgrupo proced.,ano_publicado,,2020.0,0402 Cirurgia de glandulas endocrinas,,-,8,SIH03
AIH aprovadas,Subgrupo proced.,ano_publicado,,2020.0,0403 Cirurgia do sistema nervoso central e periferico,3.0,3,8,SIH03
AIH aprovadas,Subgrupo proced.,ano_publicado,,2020.0,"0404 Cirurgia das vias aereas superiores, da face, da cabeca e do pescoco",1.0,1,8,SIH03
AIH aprovadas,Subgrupo proced.,ano_publicado,,2020.0,0406 Cirurgia do aparelho circulatorio,551.0,551,8,SIH03
AIH aprovadas,Subgrupo proced.,ano_publicado,,2020.0,"0407 Cirurgia do aparelho digestivo, orgaos anexos e parede abdominal",49.0,49,8,SIH03
AIH aprovadas,Subgrupo proced.,ano_publicado,,2020.0,0408 Cirurgia do sistema osteomuscular,2398.0,2398,8,SIH03
AIH aprovadas,Subgrupo proced.,ano_publicado,,2020.0,0409 Cirurgia do aparelho geniturinario,10.0,10,8,SIH03
AIH aprovadas,Subgrupo proced.,ano_publicado,,2020.0,0410 Cirurgia de mama,,-,8,SIH03
AIH aprovadas,Subgrupo proced.,ano_publicado,,2020.0,0412 Cirurgia toracica,95.0,95,8,SIH03
AIH aprovadas,Subgrupo proced.,ano_publicado,,2020.0,0413 Cirurgia reparadora,4.0,4,8,SIH03
AIH aprovadas,Subgrupo proced.,ano_publicado,,2020.0,0415 Outras cirurgias,1107.0,1107,8,SIH03
AIH aprovadas,Subgrupo proced.,ano_publicado,,2020.0,0503 Acoes relacionadas a doacao de orgaos e tecidos para transplante,,-,8,SIH03
AIH aprovadas,Subgrupo proced.,ano_publicado,,2020.0,Total,9139.0,9139,8,SIH03
AIH aprovadas,Subgrupo proced.,mensal,2020-01,2020.0,0201 Coleta de material,,-,9,SIH03
AIH aprovadas,Subgrupo proced.,mensal,2020-01,2020.0,0301 Consultas / Atendimentos / Acompanhamentos,18.0,18,9,SIH03
AIH aprovadas,Subgrupo proced.,mensal,2020-01,2020.0,0303 Tratamentos clinicos (outras especialidades),298.0,298,9,SIH03
AIH aprovadas,Subgrupo proced.,mensal,2020-01,2020.0,0304 Tratamento em oncologia,11.0,11,9,SIH03
AIH aprovadas,Subgrupo proced.,mensal,2020-01,2020.0,0305 Tratamento em nefrologia,35.0,35,9,SIH03
AIH aprovadas,Subgrupo proced.,mensal,2020-01,2020.0,"0308 Tratamento de lesoes, envenenamentos e outros, decorrentes de causas externas",69.0,69,9,SIH03
AIH aprovadas,Subgrupo proced.,mensal,2020-01,2020.0,0310 Parto e nascimento,,-,9,SIH03
AIH aprovadas,Subgrupo proced.,mensal,2020-01,2020.0,"0401 Pequenas cirurgias e cirurgias de pele, tecido subcutaneo e mucosa",3.0,3,9,SIH03
AIH aprovadas,Subgrupo proced.,mensal,2020-01,2020.0,0402 Cirurgia de glandulas endocrinas,,-,9,SIH03
AIH aprovadas,Subgrupo proced.,mensal,2020-01,2020.0,0403 Cirurgia do sistema nervoso central e periferico,,-,9,SIH03
AIH aprovadas,Subgrupo proced.,mensal,2020-01,2020.0,"0404 Cirurgia das vias aereas superiores, da face, da cabeca e do pescoco",,-,9,SIH03
AIH aprovadas,Subgrupo proced.,mensal,2020-01,2020.0,0406 Cirurgia do aparelho circulatorio,60.0,60,9,SIH03
AIH aprovadas,Subgrupo proced.,mensal,2020-01,2020.0,"0407 Cirurgia do aparelho digestivo, orgaos anexos e parede abdominal",5.0,5,9,SIH03
AIH aprovadas,Subgrupo proced.,mensal,2020-01,2020.0,0408 Cirurgia do sistema osteomuscular,258.0,258,9,SIH03
AIH aprovadas,Subgrupo proced.,mensal,2020-01,2020.0,0409 Cirurgia do aparelho geniturinario,2.0,2,9,SIH03
AIH aprovadas,Subgrupo proced.,mensal,2020-01,2020.0,0410 Cirurgia de mama,,-,9,SIH03
AIH aprovadas,Subgrupo proced.,mensal,2020-01,2020.0,0412 Cirurgia toracica,15.0,15,9,SIH03
AIH aprovadas,Subgrupo proced.,mensal,2020-01,2020.0,0413 Cirurgia reparadora,,-,9,SIH03
AIH aprovadas,Subgrupo proced.,mensal,2020-01,2020.0,0415 Outras cirurgias,88.0,88,9,SIH03
AIH aprovadas,Subgrupo proced.,mensal,2020-01,2020.0,0503 Acoes relacionadas a doacao de orgaos e tecidos para transplante,,-,9,SIH03
AIH aprovadas,Subgrupo proced.,mensal,2020-01,2020.0,Total,862.0,862,9,SIH03
AIH aprovadas,Subgrupo proced.,mensal,2020-02,2020.0,0201 Coleta de material,,-,10,SIH03
AIH aprovadas,Subgrupo proced.,mensal,2020-02,2020.0,0301 Consultas / Atendimentos / Acompanhamentos,23.0,23,10,SIH03
AIH aprovadas,Subgrupo proced.,mensal,2020-02,2020.0,0303 Tratamentos clinicos (outras especialidades),332.0,332,10,SIH03
AIH aprovadas,Subgrupo proced.,mensal,2020-02,2020.0,0304 Tratamento em oncologia,9.0,9,10,SIH03
AIH aprovadas,Subgrupo proced.,mensal,2020-02,2020.0,0305 Tratamento em nefrologia,36.0,36,10,SIH03
AIH aprovadas,Subgrupo proced.,mensal,2020-02,2020.0,"0308 Tratamento de lesoes, envenenamentos e outros, decorrentes de causas externas",46.0,46,10,SIH03
AIH aprovadas,Subgrupo proced.,mensal,2020-02,2020.0,0310 Parto e nascimento,,-,10,SIH03
AIH aprovadas,Subgrupo proced.,mensal,2020-02,2020.0,"0401 Pequenas cirurgias e cirurgias de pele, tecido subcutaneo e mucosa",2.0,2,10,SIH03
AIH aprovadas,Subgrupo proced.,mensal,2020-02,2020.0,0402 Cirurgia de glandulas endocrinas,,-,10,SIH03
AIH aprovadas,Subgrupo proced.,mensal,2020-02,2020.0,0403 Cirurgia do sistema nervoso central e periferico,,-,10,SIH03
AIH aprovadas,Subgrupo proced.,mensal,2020-02,2020.0,"0404 Cirurgia das vias aereas superiores, da face, da cabeca e do pescoco",1.0,1,10,SIH03
AIH aprovadas,Subgrupo proced.,mensal,2020-02,2020.0,0406 Cirurgia do aparelho circulatorio,54.0,54,10,SIH03
AIH aprovadas,Subgrupo proced.,mensal,2020-02,2020.0,"0407 Cirurgia do aparelho digestivo, orgaos anexos e parede abdominal",6.0,6,10,SIH03
AIH aprovadas,Subgrupo proced.,mensal,2020-02,2020.0,0408 Cirurgia do sistema osteomuscular,249.0,249,10,SIH03
AIH aprovadas,Subgrupo proced.,mensal,2020-02,2020.0,0409 Cirurgia do aparelho geniturinario,,-,10,SIH03
AIH aprovadas,Subgrupo proced.,mensal,2020-02,2020.0,0410 Cirurgia de mama,,-,10,SIH03
AIH aprovadas,Subgrupo proced.,mensal,2020-02,2020.0,0412 Cirurgia toracica,8.0,8,10,SIH03
AIH aprovadas,Subgrupo proced.,mensal,2020-02,2020.0,0413 Cirurgia reparadora,2.0,2,10,SIH03
AIH aprovadas,Subgrupo proced.,mensal,2020-02,2020.0,0415 Outras cirurgias,103.0,103,10,SIH03
AIH aprovadas,Subgrupo proced.,mensal,2020-02,2020.0,0503 Acoes relacionadas a doacao de orgaos e tecidos para transplante,,-,10,SIH03
AIH aprovadas,Subgrupo proced.,mensal,2020-02,2020.0,Total,871.0,871,10,SIH03
AIH aprovadas,Subgrupo proced.,mensal,2020-03,2020.0,0201 Coleta de material,,-,11,SIH03
AIH aprovadas,Subgrupo proced.,mensal,2020-03,2020.0,0301 Consultas / Atendimentos / Acompanhamentos,10.0,10,11,SIH03
AIH aprovadas,Subgrupo proced.,mensal,2020-03,2020.0,0303 Tratamentos clinicos (outras especialidades),238.0,238,11,SIH03
AIH aprovadas,Subgrupo proced.,mensal,2020-03,2020.0,0304 Tratamento em oncologia,5.0,5,11,SIH03
AIH aprovadas,Subgrupo proced.,mensal,2020-03,2020.0,0305 Tratamento em nefrologia,20.0,20,11,SIH03
AIH aprovadas,Subgrupo proced.,mensal,2020-03,2020.0,"0308 Tratamento de lesoes, envenenamentos e outros, decorrentes de causas externas",55.0,55,11,SIH03
AIH aprovadas,Subgrupo proced.,mensal,2020-03,2020.0,0310 Parto e nascimento,,-,11,SIH03
AIH aprovadas,Subgrupo proced.,mensal,2020-03,2020.0,"0401 Pequenas cirurgias e cirurgias de pele, tecido subcutaneo e mucosa",,-,11,SIH03
AIH aprovadas,Subgrupo proced.,mensal,2020-03,2020.0,0402 Cirurgia de glandulas endocrinas,,-,11,SIH03
AIH aprovadas,Subgrupo proced.,mensal,2020-03,2020.0,0403 Cirurgia do sistema nervoso central e periferico,,-,11,SIH03
AIH aprovadas,Subgrupo proced.,mensal,2020-03,2020.0,"0404 Cirurgia das vias aereas superiores, da face, da cabeca e do pescoco",,-,11,SIH03
AIH aprovadas,Subgrupo proced.,mensal,2020-03,2020.0,0406 Cirurgia do aparelho circulatorio,57.0,57,11,SIH03
AIH aprovadas,Subgrupo proced.,mensal,2020-03,2020.0,"0407 Cirurgia do aparelho digestivo, orgaos anexos e parede abdominal",6.0,6,11,SIH03
AIH aprovadas,Subgrupo proced.,mensal,2020-03,2020.0,0408 Cirurgia do sistema osteomuscular,223.0,223,11,SIH03
AIH aprovadas,Subgrupo proced.,mensal,2020-03,2020.0,0409 Cirurgia do aparelho geniturinario,1.0,1,11,SIH03
AIH aprovadas,Subgrupo proced.,mensal,2020-03,2020.0,0410 Cirurgia de mama,,-,11,SIH03
AIH aprovadas,Subgrupo proced.,mensal,2020-03,2020.0,0412 Cirurgia toracica,7.0,7,11,SIH03
AIH aprovadas,Subgrupo proced.,mensal,2020-03,2020.0,0413 Cirurgia reparadora,,-,11,SIH03
AIH aprovadas,Subgrupo proced.,mensal,2020-03,2020.0,0415 Outras cirurgias,79.0,79,11,SIH03
AIH aprovadas,Subgrupo proced.,mensal,2020-03,2020.0,0503 Acoes relacionadas a doacao de orgaos e tecidos para transplante,,-,11,SIH03
AIH aprovadas,Subgrupo proced.,mensal,2020-03,2020.0,Total,701.0,701,11,SIH03
AIH aprovadas,Subgrupo proced.,mensal,2020-04,2020.0,0201 Coleta de material,,-,12,SIH03
AIH aprovadas,Subgrupo proced.,mensal,2020-04,2020.0,0301 Consultas / Atendimentos / Acompanhamentos,1.0,1,12,SIH03
AIH aprovadas,Subgrupo proced.,mensal,2020-04,2020.0,0303 Tratamentos clinicos (outras especialidades),313.0,313,12,SIH03
AIH aprovadas,Subgrupo proced.,mensal,2020-04,2020.0,0304 Tratamento em oncologia,4.0,4,12,SIH03
AIH aprovadas,Subgrupo proced.,mensal,2020-04,2020.0,0305 Tratamento em nefrologia,29.0,29,12,SIH03
AIH aprovadas,Subgrupo proced.,mensal,2020-04,2020.0,"0308 Tratamento de lesoes, envenenamentos e outros, decorrentes de causas externas",46.0,46,12,SIH03
AIH aprovadas,Subgrupo proced.,mensal,2020-04,2020.0,0310 Parto e nascimento,,-,12,SIH03
AIH aprovadas,Subgrupo proced.,mensal,2020-04,2020.0,"0401 Pequenas cirurgias e cirurgias de pele, tecido subcutaneo e mucosa",3.0,3,12,SIH03
AIH aprovadas,Subgrupo proced.,mensal,2020-04,2020.0,0402 Cirurgia de glandulas endocrinas,,-,12,SIH03
AIH aprovadas,Subgrupo proced.,mensal,2020-04,2020.0,0403 Cirurgia do sistema nervoso central e periferico,,-,12,SIH03
AIH aprovadas,Subgrupo proced.,mensal,2020-04,2020.0,"0404 Cirurgia das vias aereas superiores, da face, da cabeca e do pescoco",,-,12,SIH03
AIH aprovadas,Subgrupo proced.,mensal,2020-04,2020.0,0406 Cirurgia do aparelho circulatorio,24.0,24,12,SIH03
AIH aprovadas,Subgrupo proced.,mensal,2020-04,2020.0,"0407 Cirurgia do aparelho digestivo, orgaos anexos e parede abdominal",5.0,5,12,SIH03
AIH aprovadas,Subgrupo proced.,mensal,2020-04,2020.0,0408 Cirurgia do sistema osteomuscular,158.0,158,12,SIH03
AIH aprovadas,Subgrupo proced.,mensal,2020-04,2020.0,0409 Cirurgia do aparelho geniturinario,3.0,3,12,SIH03
AIH aprovadas,Subgrupo proced.,mensal,2020-04,2020.0,0410 Cirurgia de mama,,-,12,SIH03
AIH aprovadas,Subgrupo proced.,mensal,2020-04,2020.0,0412 Cirurgia toracica,16.0,16,12,SIH03
AIH aprovadas,Subgrupo proced.,mensal,2020-04,2020.0,0413 Cirurgia reparadora,,-,12,SIH03
AIH aprovadas,Subgrupo proced.,mensal,2020-04,2020.0,0415 Outras cirurgias,49.0,49,12,SIH03
AIH aprovadas,Subgrupo proced.,mensal,2020-04,2020.0,0503 Acoes relacionadas a doacao de orgaos e tecidos para transplante,,-,12,SIH03
AIH aprovadas,Subgrupo proced.,mensal,2020-04,2020.0,Total,651.0,651,12,SIH03
AIH aprovadas,Subgrupo proced.,mensal,2020-05,2020.0,0201 Coleta de material,,-,13,SIH03
AIH aprovadas,Subgrupo proced.,mensal,2020-05,2020.0,0301 Consultas / Atendimentos / Acompanhamentos,,-,13,SIH03
AIH aprovadas,Subgrupo proced.,mensal,2020-05,2020.0,0303 Tratamentos clinicos (outras especialidades),412.0,412,13,SIH03
AIH aprovadas,Subgrupo proced.,mensal,2020-05,2020.0,0304 Tratamento em oncologia,3.0,3,13,SIH03
AIH aprovadas,Subgrupo proced.,mensal,2020-05,2020.0,0305 Tratamento em nefrologia,21.0,21,13,SIH03
AIH aprovadas,Subgrupo proced.,mensal,2020-05,2020.0,"0308 Tratamento de lesoes, envenenamentos e outros, decorrentes de causas externas",56.0,56,13,SIH03
AIH aprovadas,Subgrupo proced.,mensal,2020-05,2020.0,0310 Parto e nascimento,,-,13,SIH03
AIH aprovadas,Subgrupo proced.,mensal,2020-05,2020.0,"0401 Pequenas cirurgias e cirurgias de pele, tecido subcutaneo e mucosa",1.0,1,13,SIH03
AIH aprovadas,Subgrupo proced.,mensal,2020-05,2020.0,0402 Cirurgia de glandulas endocrinas,,-,13,SIH03
AIH aprovadas,Subgrupo proced.,mensal,2020-05,2020.0,0403 Cirurgia do sistema nervoso central e periferico,,-,13,SIH03
AIH aprovadas,Subgrupo proced.,mensal,2020-05,2020.0,"0404 Cirurgia das vias aereas superiores, da face, da cabeca e do pescoco",,-,13,SIH03
AIH aprovadas,Subgrupo proced.,mensal,2020-05,2020.0,0406 Cirurgia do aparelho circulatorio,34.0,34,13,SIH03
AIH aprovadas,Subgrupo proced.,mensal,2020-05,2020.0,"0407 Cirurgia do aparelho digestivo, orgaos anexos e parede abdominal",1.0,1,13,SIH03
AIH aprovadas,Subgrupo proced.,mensal,2020-05,2020.0,0408 Cirurgia do sistema osteomuscular,145.0,145,13,SIH03
AIH aprovadas,Subgrupo proced.,mensal,2020-05,2020.0,0409 Cirurgia do aparelho geniturinario,,-,13,SIH03
AIH aprovadas,Subgrupo proced.,mensal,2020-05,2020.0,0410 Cirurgia de mama,,-,13,SIH03
AIH aprovadas,Subgrupo proced.,mensal,2020-05,2020.0,0412 Cirurgia toracica,6.0,6,13,SIH03
AIH aprovadas,Subgrupo proced.,mensal,2020-05,2020.0,0413 Cirurgia reparadora,1.0,1,13,SIH03
AIH aprovadas,Subgrupo proced.,mensal,2020-05,2020.0,0415 Outras cirurgias,74.0,74,13,SIH03
AIH aprovadas,Subgrupo proced.,mensal,2020-05,2020.0,0503 Acoes relacionadas a doacao de orgaos e tecidos para transplante,,-,13,SIH03
AIH aprovadas,Subgrupo proced.,mensal,2020-05,2020.0,Total,754.0,754,13,SIH03
AIH aprovadas,Subgrupo proced.,mensal,2020-06,2020.0,0201 Coleta de material,,-,14,SIH03
AIH aprovadas,Subgrupo proced.,mensal,2020-06,2020.0,0301 Consultas / Atendimentos / Acompanhamentos,4.0,4,14,SIH03
AIH aprovadas,Subgrupo proced.,mensal,2020-06,2020.0,0303 Tratamentos clinicos (outras especialidades),337.0,337,14,SIH03
AIH aprovadas,Subgrupo proced.,mensal,2020-06,2020.0,0304 Tratamento em oncologia,5.0,5,14,SIH03
AIH aprovadas,Subgrupo proced.,mensal,2020-06,2020.0,0305 Tratamento em nefrologia,14.0,14,14,SIH03
AIH aprovadas,Subgrupo proced.,mensal,2020-06,2020.0,"0308 Tratamento de lesoes, envenenamentos e outros, decorrentes de causas externas",75.0,75,14,SIH03
AIH aprovadas,Subgrupo proced.,mensal,2020-06,2020.0,0310 Parto e nascimento,,-,14,SIH03
AIH aprovadas,Subgrupo proced.,mensal,2020-06,2020.0,"0401 Pequenas cirurgias e cirurgias de pele, tecido subcutaneo e mucosa",3.0,3,14,SIH03
AIH aprovadas,Subgrupo proced.,mensal,2020-06,2020.0,0402 Cirurgia de glandulas endocrinas,,-,14,SIH03
AIH aprovadas,Subgrupo proced.,mensal,2020-06,2020.0,0403 Cirurgia do sistema nervoso central e periferico,,-,14,SIH03
AIH aprovadas,Subgrupo proced.,mensal,2020-06,2020.0,"0404 Cirurgia das vias aereas superiores, da face, da cabeca e do pescoco",,-,14,SIH03
AIH aprovadas,Subgrupo proced.,mensal,2020-06,2020.0,0406 Cirurgia do aparelho circulatorio,47.0,47,14,SIH03
AIH aprovadas,Subgrupo proced.,mensal,2020-06,2020.0,"0407 Cirurgia do aparelho digestivo, orgaos anexos e parede abdominal",6.0,6,14,SIH03
AIH aprovadas,Subgrupo proced.,mensal,2020-06,2020.0,0408 Cirurgia do sistema osteomuscular,165.0,165,14,SIH03
AIH aprovadas,Subgrupo proced.,mensal,2020-06,2020.0,0409 Cirurgia do aparelho geniturinario,1.0,1,14,SIH03
AIH aprovadas,Subgrupo proced.,mensal,2020-06,2020.0,0410 Cirurgia de mama,,-,14,SIH03
AIH aprovadas,Subgrupo proced.,mensal,2020-06,2020.0,0412 Cirurgia toracica,10.0,10,14,SIH03
AIH aprovadas,Subgrupo proced.,mensal,2020-06,2020.0,0413 Cirurgia reparadora,,-,14,SIH03
AIH aprovadas,Subgrupo proced.,mensal,2020-06,2020.0,0415 Outras cirurgias,79.0,79,14,SIH03
AIH aprovadas,Subgrupo proced.,mensal,2020-06,2020.0,0503 Acoes relacionadas a doacao de orgaos e tecidos para transplante,,-,14,SIH03
AIH aprovadas,Subgrupo proced.,mensal,2020-06,2020.0,Total,746.0,746,14,SIH03
AIH aprovadas,Subgrupo proced.,mensal,2020-07,2020.0,0201 Coleta de material,,-,15,SIH03
AIH aprovadas,Subgrupo proced.,mensal,2020-07,2020.0,0301 Consultas / Atendimentos / Acompanhamentos,6.0,6,15,SIH03
AIH aprovadas,Subgrupo proced.,mensal,2020-07,2020.0,0303 Tratamentos clinicos (outras especialidades),373.0,373,15,SIH03
AIH aprovadas,Subgrupo proced.,mensal,2020-07,2020.0,0304 Tratamento em oncologia,8.0,8,15,SIH03
AIH aprovadas,Subgrupo proced.,mensal,2020-07,2020.0,0305 Tratamento em nefrologia,15.0,15,15,SIH03
AIH aprovadas,Subgrupo proced.,mensal,2020-07,2020.0,"0308 Tratamento de lesoes, envenenamentos e outros, decorrentes de causas externas",42.0,42,15,SIH03
AIH aprovadas,Subgrupo proced.,mensal,2020-07,2020.0,0310 Parto e nascimento,,-,15,SIH03
AIH aprovadas,Subgrupo proced.,mensal,2020-07,2020.0,"0401 Pequenas cirurgias e cirurgias de pele, tecido subcutaneo e mucosa",2.0,2,15,SIH03
AIH aprovadas,Subgrupo proced.,mensal,2020-07,2020.0,0402 Cirurgia de glandulas endocrinas,,-,15,SIH03
AIH aprovadas,Subgrupo proced.,mensal,2020-07,2020.0,0403 Cirurgia do sistema nervoso central e periferico,,-,15,SIH03
AIH aprovadas,Subgrupo proced.,mensal,2020-07,2020.0,"0404 Cirurgia das vias aereas superiores, da face, da cabeca e do pescoco",,-,15,SIH03
AIH aprovadas,Subgrupo proced.,mensal,2020-07,2020.0,0406 Cirurgia do aparelho circulatorio,39.0,39,15,SIH03
AIH aprovadas,Subgrupo proced.,mensal,2020-07,2020.0,"0407 Cirurgia do aparelho digestivo, orgaos anexos e parede abdominal",,-,15,SIH03
AIH aprovadas,Subgrupo proced.,mensal,2020-07,2020.0,0408 Cirurgia do sistema osteomuscular,175.0,175,15,SIH03
AIH aprovadas,Subgrupo proced.,mensal,2020-07,2020.0,0409 Cirurgia do aparelho geniturinario,,-,15,SIH03
AIH aprovadas,Subgrupo proced.,mensal,2020-07,2020.0,0410 Cirurgia de mama,,-,15,SIH03
AIH aprovadas,Subgrupo proced.,mensal,2020-07,2020.0,0412 Cirurgia toracica,9.0,9,15,SIH03
AIH aprovadas,Subgrupo proced.,mensal,2020-07,2020.0,0413 Cirurgia reparadora,,-,15,SIH03
AIH aprovadas,Subgrupo proced.,mensal,2020-07,2020.0,0415 Outras cirurgias,86.0,86,15,SIH03
AIH aprovadas,Subgrupo proced.,mensal,2020-07,2020.0,0503 Acoes relacionadas a doacao de orgaos e tecidos para transplante,,-,15,SIH03
AIH aprovadas,Subgrupo proced.,mensal,2020-07,2020.0,Total,755.0,755,15,SIH03
AIH aprovadas,Subgrupo proced.,mensal,2020-08,2020.0,0201 Coleta de material,,-,16,SIH03
AIH aprovadas,Subgrupo proced.,mensal,2020-08,2020.0,0301 Consultas / Atendimentos / Acompanhamentos,18.0,18,16,SIH03
AIH aprovadas,Subgrupo proced.,mensal,2020-08,2020.0,0303 Tratamentos clinicos (outras especialidades),226.0,226,16,SIH03
AIH aprovadas,Subgrupo proced.,mensal,2020-08,2020.0,0304 Tratamento em oncologia,4.0,4,16,SIH03
AIH aprovadas,Subgrupo proced.,mensal,2020-08,2020.0,0305 Tratamento em nefrologia,12.0,12,16,SIH03
AIH aprovadas,Subgrupo proced.,mensal,2020-08,2020.0,"0308 Tratamento de lesoes, envenenamentos e outros, decorrentes de causas externas",59.0,59,16,SIH03
AIH aprovadas,Subgrupo proced.,mensal,2020-08,2020.0,0310 Parto e nascimento,,-,16,SIH03
AIH aprovadas,Subgrupo proced.,mensal,2020-08,2020.0,"0401 Pequenas cirurgias e cirurgias de pele, tecido subcutaneo e mucosa",1.0,1,16,SIH03
AIH aprovadas,Subgrupo proced.,mensal,2020-08,2020.0,0402 Cirurgia de glandulas endocrinas,,-,16,SIH03
AIH aprovadas,Subgrupo proced.,mensal,2020-08,2020.0,0403 Cirurgia do sistema nervoso central e periferico,2.0,2,16,SIH03
AIH aprovadas,Subgrupo proced.,mensal,2020-08,2020.0,"0404 Cirurgia das vias aereas superiores, da face, da cabeca e do pescoco",,-,16,SIH03
AIH aprovadas,Subgrupo proced.,mensal,2020-08,2020.0,0406 Cirurgia do aparelho circulatorio,41.0,41,16,SIH03
AIH aprovadas,Subgrupo proced.,mensal,2020-08,2020.0,"0407 Cirurgia do aparelho digestivo, orgaos anexos e parede abdominal",4.0,4,16,SIH03
AIH aprovadas,Subgrupo proced.,mensal,2020-08,2020.0,0408 Cirurgia do sistema osteomuscular,158.0,158,16,SIH03
AIH aprovadas,Subgrupo proced.,mensal,2020-08,2020.0,0409 Cirurgia do aparelho geniturinario,,-,16,SIH03
AIH aprovadas,Subgrupo proced.,mensal,2020-08,2020.0,0410 Cirurgia de mama,,-,16,SIH03
AIH aprovadas,Subgrupo proced.,mensal,2020-08,2020.0,0412 Cirurgia toracica,6.0,6,16,SIH03
AIH aprovadas,Subgrupo proced.,mensal,2020-08,2020.0,0413 Cirurgia reparadora,,-,16,SIH03
AIH aprovadas,Subgrupo proced.,mensal,2020-08,2020.0,0415 Outras cirurgias,105.0,105,16,SIH03
AIH aprovadas,Subgrupo proced.,mensal,2020-08,2020.0,0503 Acoes relacionadas a doacao de orgaos e tecidos para transplante,,-,16,SIH03
AIH aprovadas,Subgrupo proced.,mensal,2020-08,2020.0,Total,636.0,636,16,SIH03
AIH aprovadas,Subgrupo proced.,mensal,2020-09,2020.0,0201 Coleta de material,1.0,1,17,SIH03
AIH aprovadas,Subgrupo proced.,mensal,2020-09,2020.0,0301 Consultas / Atendimentos / Acompanhamentos,21.0,21,17,SIH03
AIH aprovadas,Subgrupo proced.,mensal,2020-09,2020.0,0303 Tratamentos clinicos (outras especialidades),275.0,275,17,SIH03
AIH aprovadas,Subgrupo proced.,mensal,2020-09,2020.0,0304 Tratamento em oncologia,5.0,5,17,SIH03
AIH aprovadas,Subgrupo proced.,mensal,2020-09,2020.0,0305 Tratamento em nefrologia,20.0,20,17,SIH03
AIH aprovadas,Subgrupo proced.,mensal,2020-09,2020.0,"0308 Tratamento de lesoes, envenenamentos e outros, decorrentes de causas externas",49.0,49,17,SIH03
AIH aprovadas,Subgrupo proced.,mensal,2020-09,2020.0,0310 Parto e nascimento,,-,17,SIH03
AIH aprovadas,Subgrupo proced.,mensal,2020-09,2020.0,"0401 Pequenas cirurgias e cirurgias de pele, tecido subcutaneo e mucosa",3.0,3,17,SIH03
AIH aprovadas,Subgrupo proced.,mensal,2020-09,2020.0,0402 Cirurgia de glandulas endocrinas,,-,17,SIH03
AIH aprovadas,Subgrupo proced.,mensal,2020-09,2020.0,0403 Cirurgia do sistema nervoso central e periferico,1.0,1,17,SIH03
AIH aprovadas,Subgrupo proced.,mensal,2020-09,2020.0,"0404 Cirurgia das vias aereas superiores, da face, da cabeca e do pescoco",,-,17,SIH03
AIH aprovadas,Subgrupo proced.,mensal,2020-09,2020.0,0406 Cirurgia do aparelho circulatorio,61.0,61,17,SIH03
AIH aprovadas,Subgrupo proced.,mensal,2020-09,2020.0,"0407 Cirurgia do aparelho digestivo, orgaos anexos e parede abdominal",6.0,6,17,SIH03
AIH aprovadas,Subgrupo proced.,mensal,2020-09,2020.0,0408 Cirurgia do sistema osteomuscular,232.0,232,17,SIH03
AIH aprovadas,Subgrupo proced.,mensal,2020-09,2020.0,0409 Cirurgia do aparelho geniturinario,,-,17,SIH03
AIH aprovadas,Subgrupo proced.,mensal,2020-09,2020.0,0410 Cirurgia de mama,,-,17,SIH03
AIH aprovadas,Subgrupo proced.,mensal,2020-09,2020.0,0412 Cirurgia toracica,3.0,3,17,SIH03
AIH aprovadas,Subgrupo proced.,mensal,2020-09,2020.0,0413 Cirurgia reparadora,,-,17,SIH03
AIH aprovadas,Subgrupo proced.,mensal,2020-09,2020.0,0415 Outras cirurgias,113.0,113,17,SIH03
AIH aprovadas,Subgrupo proced.,mensal,2020-09,2020.0,0503 Acoes relacionadas a doacao de orgaos e tecidos para transplante,,-,17,SIH03
AIH aprovadas,Subgrupo proced.,mensal,2020-09,2020.0,Total,790.0,790,17,SIH03
AIH aprovadas,Subgrupo proced.,mensal,2020-10,2020.0,0201 Coleta de material,,-,18,SIH03
AIH aprovadas,Subgrupo proced.,mensal,2020-10,2020.0,0301 Consultas / Atendimentos / Acompanhamentos,6.0,6,18,SIH03
AIH aprovadas,Subgrupo proced.,mensal,2020-10,2020.0,0303 Tratamentos clinicos (outras especialidades),321.0,321,18,SIH03
AIH aprovadas,Subgrupo proced.,mensal,2020-10,2020.0,0304 Tratamento em oncologia,4.0,4,18,SIH03
AIH aprovadas,Subgrupo proced.,mensal,2020-10,2020.0,0305 Tratamento em nefrologia,16.0,16,18,SIH03
AIH aprovadas,Subgrupo proced.,mensal,2020-10,2020.0,"0308 Tratamento de lesoes, envenenamentos e outros, decorrentes de causas externas",45.0,45,18,SIH03
AIH aprovadas,Subgrupo proced.,mensal,2020-10,2020.0,0310 Parto e nascimento,,-,18,SIH03
AIH aprovadas,Subgrupo proced.,mensal,2020-10,2020.0,"0401 Pequenas cirurgias e cirurgias de pele, tecido subcutaneo e mucosa",5.0,5,18,SIH03
AIH aprovadas,Subgrupo proced.,mensal,2020-10,2020.0,0402 Cirurgia de glandulas endocrinas,,-,18,SIH03
AIH aprovadas,Subgrupo proced.,mensal,2020-10,2020.0,0403 Cirurgia do sistema nervoso central e periferico,,-,18,SIH03
AIH aprovadas,Subgrupo proced.,mensal,2020-10,2020.0,"0404 Cirurgia das vias aereas superiores, da face, da cabeca e do pescoco",,-,18,SIH03
AIH aprovadas,Subgrupo proced.,mensal,2020-10,2020.0,0406 Cirurgia do aparelho circulatorio,57.0,57,18,SIH03
AIH aprovadas,Subgrupo proced.,mensal,2020-10,2020.0,"0407 Cirurgia do aparelho digestivo, orgaos anexos e parede abdominal",4.0,4,18,SIH03
AIH aprovadas,Subgrupo proced.,mensal,2020-10,2020.0,0408 Cirurgia do sistema osteomuscular,199.0,199,18,SIH03
AIH aprovadas,Subgrupo proced.,mensal,2020-10,2020.0,0409 Cirurgia do aparelho geniturinario,,-,18,SIH03
AIH aprovadas,Subgrupo proced.,mensal,2020-10,2020.0,0410 Cirurgia de mama,,-,18,SIH03
AIH aprovadas,Subgrupo proced.,mensal,2020-10,2020.0,0412 Cirurgia toracica,3.0,3,18,SIH03
AIH aprovadas,Subgrupo proced.,mensal,2020-10,2020.0,0413 Cirurgia reparadora,,-,18,SIH03
AIH aprovadas,Subgrupo proced.,mensal,2020-10,2020.0,0415 Outras cirurgias,92.0,92,18,SIH03
AIH aprovadas,Subgrupo proced.,mensal,2020-10,2020.0,0503 Acoes relacionadas a doacao de orgaos e tecidos para transplante,,-,18,SIH03
AIH aprovadas,Subgrupo proced.,mensal,2020-10,2020.0,Total,752.0,752,18,SIH03
AIH aprovadas,Subgrupo proced.,mensal,2020-11,2020.0,0201 Coleta de material,,-,19,SIH03
AIH aprovadas,Subgrupo proced.,mensal,2020-11,2020.0,0301 Consultas / Atendimentos / Acompanhamentos,11.0,11,19,SIH03
AIH aprovadas,Subgrupo proced.,mensal,2020-11,2020.0,0303 Tratamentos clinicos (outras especialidades),364.0,364,19,SIH03
AIH aprovadas,Subgrupo proced.,mensal,2020-11,2020.0,0304 Tratamento em oncologia,5.0,5,19,SIH03
AIH aprovadas,Subgrupo proced.,mensal,2020-11,2020.0,0305 Tratamento em nefrologia,23.0,23,19,SIH03
AIH aprovadas,Subgrupo proced.,mensal,2020-11,2020.0,"0308 Tratamento de lesoes, envenenamentos e outros, decorrentes de causas externas",41.0,41,19,SIH03
AIH aprovadas,Subgrupo proced.,mensal,2020-11,2020.0,0310 Parto e nascimento,,-,19,SIH03
AIH aprovadas,Subgrupo proced.,mensal,2020-11,2020.0,"0401 Pequenas cirurgias e cirurgias de pele, tecido subcutaneo e mucosa",2.0,2,19,SIH03
AIH aprovadas,Subgrupo proced.,mensal,2020-11,2020.0,0402 Cirurgia de glandulas endocrinas,,-,19,SIH03
AIH aprovadas,Subgrupo proced.,mensal,2020-11,2020.0,0403 Cirurgia do sistema nervoso central e periferico,,-,19,SIH03
AIH aprovadas,Subgrupo proced.,mensal,2020-11,2020.0,"0404 Cirurgia das vias aereas superiores, da face, da cabeca e do pescoco",,-,19,SIH03
AIH aprovadas,Subgrupo proced.,mensal,2020-11,2020.0,0406 Cirurgia do aparelho circulatorio,43.0,43,19,SIH03
AIH aprovadas,Subgrupo proced.,mensal,2020-11,2020.0,"0407 Cirurgia do aparelho digestivo, orgaos anexos e parede abdominal",4.0,4,19,SIH03
AIH aprovadas,Subgrupo proced.,mensal,2020-11,2020.0,0408 Cirurgia do sistema osteomuscular,208.0,208,19,SIH03
AIH aprovadas,Subgrupo proced.,mensal,2020-11,2020.0,0409 Cirurgia do aparelho geniturinario,3.0,3,19,SIH03
AIH aprovadas,Subgrupo proced.,mensal,2020-11,2020.0,0410 Cirurgia de mama,,-,19,SIH03
AIH aprovadas,Subgrupo proced.,mensal,2020-11,2020.0,0412 Cirurgia toracica,9.0,9,19,SIH03
AIH aprovadas,Subgrupo proced.,mensal,2020-11,2020.0,0413 Cirurgia reparadora,1.0,1,19,SIH03
AIH aprovadas,Subgrupo proced.,mensal,2020-11,2020.0,0415 Outras cirurgias,96.0,96,19,SIH03
AIH aprovadas,Subgrupo proced.,mensal,2020-11,2020.0,0503 Acoes relacionadas a doacao de orgaos e tecidos para transplante,,-,19,SIH03
AIH aprovadas,Subgrupo proced.,mensal,2020-11,2020.0,Total,810.0,810,19,SIH03
AIH aprovadas,Subgrupo proced.,mensal,2020-12,2020.0,0201 Coleta de material,,-,20,SIH03
AIH aprovadas,Subgrupo proced.,mensal,2020-12,2020.0,0301 Consultas / Atendimentos / Acompanhamentos,,-,20,SIH03
AIH aprovadas,Subgrupo proced.,mensal,2020-12,2020.0,0303 Tratamentos clinicos (outras especialidades),328.0,328,20,SIH03
AIH aprovadas,Subgrupo proced.,mensal,2020-12,2020.0,0304 Tratamento em oncologia,2.0,2,20,SIH03
AIH aprovadas,Subgrupo proced.,mensal,2020-12,2020.0,0305 Tratamento em nefrologia,19.0,19,20,SIH03
AIH aprovadas,Subgrupo proced.,mensal,2020-12,2020.0,"0308 Tratamento de lesoes, envenenamentos e outros, decorrentes de causas externas",49.0,49,20,SIH03
AIH aprovadas,Subgrupo proced.,mensal,2020-12,2020.0,0310 Parto e nascimento,,-,20,SIH03
AIH aprovadas,Subgrupo proced.,mensal,2020-12,2020.0,"0401 Pequenas cirurgias e cirurgias de pele, tecido subcutaneo e mucosa",3.0,3,20,SIH03
AIH aprovadas,Subgrupo proced.,mensal,2020-12,2020.0,0402 Cirurgia de glandulas endocrinas,,-,20,SIH03
AIH aprovadas,Subgrupo proced.,mensal,2020-12,2020.0,0403 Cirurgia do sistema nervoso central e periferico,,-,20,SIH03
AIH aprovadas,Subgrupo proced.,mensal,2020-12,2020.0,"0404 Cirurgia das vias aereas superiores, da face, da cabeca e do pescoco",,-,20,SIH03
AIH aprovadas,Subgrupo proced.,mensal,2020-12,2020.0,0406 Cirurgia do aparelho circulatorio,34.0,34,20,SIH03
AIH aprovadas,Subgrupo proced.,mensal,2020-12,2020.0,"0407 Cirurgia do aparelho digestivo, orgaos anexos e parede abdominal",2.0,2,20,SIH03
AIH aprovadas,Subgrupo proced.,mensal,2020-12,2020.0,0408 Cirurgia do sistema osteomuscular,228.0,228,20,SIH03
AIH aprovadas,Subgrupo proced.,mensal,2020-12,2020.0,0409 Cirurgia do aparelho geniturinario,,-,20,SIH03
AIH aprovadas,Subgrupo proced.,mensal,2020-12,2020.0,0410 Cirurgia de mama,,-,20,SIH03
AIH aprovadas,Subgrupo proced.,mensal,2020-12,2020.0,0412 Cirurgia toracica,3.0,3,20,SIH03
AIH aprovadas,Subgrupo proced.,mensal,2020-12,2020.0,0413 Cirurgia reparadora,,-,20,SIH03
AIH aprovadas,Subgrupo proced.,mensal,2020-12,2020.0,0415 Outras cirurgias,143.0,143,20,SIH03
AIH aprovadas,Subgrupo proced.,mensal,2020-12,2020.0,0503 Acoes relacionadas a doacao de orgaos e tecidos para transplante,,-,20,SIH03
AIH aprovadas,Subgrupo proced.,mensal,2020-12,2020.0,Total,811.0,811,20,SIH03
AIH aprovadas,Subgrupo proced.,ano_publicado,,2021.0,0201 Coleta de material,,-,21,SIH03
AIH aprovadas,Subgrupo proced.,ano_publicado,,2021.0,0301 Consultas / Atendimentos / Acompanhamentos,2.0,2,21,SIH03
AIH aprovadas,Subgrupo proced.,ano_publicado,,2021.0,0303 Tratamentos clinicos (outras especialidades),3608.0,3608,21,SIH03
AIH aprovadas,Subgrupo proced.,ano_publicado,,2021.0,0304 Tratamento em oncologia,26.0,26,21,SIH03
AIH aprovadas,Subgrupo proced.,ano_publicado,,2021.0,0305 Tratamento em nefrologia,289.0,289,21,SIH03
AIH aprovadas,Subgrupo proced.,ano_publicado,,2021.0,"0308 Tratamento de lesoes, envenenamentos e outros, decorrentes de causas externas",340.0,340,21,SIH03
AIH aprovadas,Subgrupo proced.,ano_publicado,,2021.0,0310 Parto e nascimento,,-,21,SIH03
AIH aprovadas,Subgrupo proced.,ano_publicado,,2021.0,"0401 Pequenas cirurgias e cirurgias de pele, tecido subcutaneo e mucosa",36.0,36,21,SIH03
AIH aprovadas,Subgrupo proced.,ano_publicado,,2021.0,0402 Cirurgia de glandulas endocrinas,,-,21,SIH03
AIH aprovadas,Subgrupo proced.,ano_publicado,,2021.0,0403 Cirurgia do sistema nervoso central e periferico,4.0,4,21,SIH03
AIH aprovadas,Subgrupo proced.,ano_publicado,,2021.0,"0404 Cirurgia das vias aereas superiores, da face, da cabeca e do pescoco",,-,21,SIH03
AIH aprovadas,Subgrupo proced.,ano_publicado,,2021.0,0406 Cirurgia do aparelho circulatorio,609.0,609,21,SIH03
AIH aprovadas,Subgrupo proced.,ano_publicado,,2021.0,"0407 Cirurgia do aparelho digestivo, orgaos anexos e parede abdominal",62.0,62,21,SIH03
AIH aprovadas,Subgrupo proced.,ano_publicado,,2021.0,0408 Cirurgia do sistema osteomuscular,2458.0,2458,21,SIH03
AIH aprovadas,Subgrupo proced.,ano_publicado,,2021.0,0409 Cirurgia do aparelho geniturinario,9.0,9,21,SIH03
AIH aprovadas,Subgrupo proced.,ano_publicado,,2021.0,0410 Cirurgia de mama,,-,21,SIH03
AIH aprovadas,Subgrupo proced.,ano_publicado,,2021.0,0412 Cirurgia toracica,80.0,80,21,SIH03
AIH aprovadas,Subgrupo proced.,ano_publicado,,2021.0,0413 Cirurgia reparadora,16.0,16,21,SIH03
AIH aprovadas,Subgrupo proced.,ano_publicado,,2021.0,0415 Outras cirurgias,1326.0,1326,21,SIH03
AIH aprovadas,Subgrupo proced.,ano_publicado,,2021.0,0503 Acoes relacionadas a doacao de orgaos e tecidos para transplante,,-,21,SIH03
AIH aprovadas,Subgrupo proced.,ano_publicado,,2021.0,Total,8865.0,8865,21,SIH03
AIH aprovadas,Subgrupo proced.,mensal,2021-01,2021.0,0201 Coleta de material,,-,22,SIH03
AIH aprovadas,Subgrupo proced.,mensal,2021-01,2021.0,0301 Consultas / Atendimentos / Acompanhamentos,,-,22,SIH03
AIH aprovadas,Subgrupo proced.,mensal,2021-01,2021.0,0303 Tratamentos clinicos (outras especialidades),374.0,374,22,SIH03
AIH aprovadas,Subgrupo proced.,mensal,2021-01,2021.0,0304 Tratamento em oncologia,3.0,3,22,SIH03
AIH aprovadas,Subgrupo proced.,mensal,2021-01,2021.0,0305 Tratamento em nefrologia,28.0,28,22,SIH03
AIH aprovadas,Subgrupo proced.,mensal,2021-01,2021.0,"0308 Tratamento de lesoes, envenenamentos e outros, decorrentes de causas externas",34.0,34,22,SIH03
AIH aprovadas,Subgrupo proced.,mensal,2021-01,2021.0,0310 Parto e nascimento,,-,22,SIH03
AIH aprovadas,Subgrupo proced.,mensal,2021-01,2021.0,"0401 Pequenas cirurgias e cirurgias de pele, tecido subcutaneo e mucosa",4.0,4,22,SIH03
AIH aprovadas,Subgrupo proced.,mensal,2021-01,2021.0,0402 Cirurgia de glandulas endocrinas,,-,22,SIH03
AIH aprovadas,Subgrupo proced.,mensal,2021-01,2021.0,0403 Cirurgia do sistema nervoso central e periferico,1.0,1,22,SIH03
AIH aprovadas,Subgrupo proced.,mensal,2021-01,2021.0,"0404 Cirurgia das vias aereas superiores, da face, da cabeca e do pescoco",,-,22,SIH03
AIH aprovadas,Subgrupo proced.,mensal,2021-01,2021.0,0406 Cirurgia do aparelho circulatorio,32.0,32,22,SIH03
AIH aprovadas,Subgrupo proced.,mensal,2021-01,2021.0,"0407 Cirurgia do aparelho digestivo, orgaos anexos e parede abdominal",10.0,10,22,SIH03
AIH aprovadas,Subgrupo proced.,mensal,2021-01,2021.0,0408 Cirurgia do sistema osteomuscular,201.0,201,22,SIH03
AIH aprovadas,Subgrupo proced.,mensal,2021-01,2021.0,0409 Cirurgia do aparelho geniturinario,2.0,2,22,SIH03
AIH aprovadas,Subgrupo proced.,mensal,2021-01,2021.0,0410 Cirurgia de mama,,-,22,SIH03
AIH aprovadas,Subgrupo proced.,mensal,2021-01,2021.0,0412 Cirurgia toracica,5.0,5,22,SIH03
AIH aprovadas,Subgrupo proced.,mensal,2021-01,2021.0,0413 Cirurgia reparadora,1.0,1,22,SIH03
AIH aprovadas,Subgrupo proced.,mensal,2021-01,2021.0,0415 Outras cirurgias,113.0,113,22,SIH03
AIH aprovadas,Subgrupo proced.,mensal,2021-01,2021.0,0503 Acoes relacionadas a doacao de orgaos e tecidos para transplante,,-,22,SIH03
AIH aprovadas,Subgrupo proced.,mensal,2021-01,2021.0,Total,808.0,808,22,SIH03
AIH aprovadas,Subgrupo proced.,mensal,2021-02,2021.0,0201 Coleta de material,,-,23,SIH03
AIH aprovadas,Subgrupo proced.,mensal,2021-02,2021.0,0301 Consultas / Atendimentos / Acompanhamentos,,-,23,SIH03
AIH aprovadas,Subgrupo proced.,mensal,2021-02,2021.0,0303 Tratamentos clinicos (outras especialidades),303.0,303,23,SIH03
AIH aprovadas,Subgrupo proced.,mensal,2021-02,2021.0,0304 Tratamento em oncologia,,-,23,SIH03
AIH aprovadas,Subgrupo proced.,mensal,2021-02,2021.0,0305 Tratamento em nefrologia,27.0,27,23,SIH03
AIH aprovadas,Subgrupo proced.,mensal,2021-02,2021.0,"0308 Tratamento de lesoes, envenenamentos e outros, decorrentes de causas externas",14.0,14,23,SIH03
AIH aprovadas,Subgrupo proced.,mensal,2021-02,2021.0,0310 Parto e nascimento,,-,23,SIH03
AIH aprovadas,Subgrupo proced.,mensal,2021-02,2021.0,"0401 Pequenas cirurgias e cirurgias de pele, tecido subcutaneo e mucosa",5.0,5,23,SIH03
AIH aprovadas,Subgrupo proced.,mensal,2021-02,2021.0,0402 Cirurgia de glandulas endocrinas,,-,23,SIH03
AIH aprovadas,Subgrupo proced.,mensal,2021-02,2021.0,0403 Cirurgia do sistema nervoso central e periferico,,-,23,SIH03
AIH aprovadas,Subgrupo proced.,mensal,2021-02,2021.0,"0404 Cirurgia das vias aereas superiores, da face, da cabeca e do pescoco",,-,23,SIH03
AIH aprovadas,Subgrupo proced.,mensal,2021-02,2021.0,0406 Cirurgia do aparelho circulatorio,43.0,43,23,SIH03
AIH aprovadas,Subgrupo proced.,mensal,2021-02,2021.0,"0407 Cirurgia do aparelho digestivo, orgaos anexos e parede abdominal",7.0,7,23,SIH03
AIH aprovadas,Subgrupo proced.,mensal,2021-02,2021.0,0408 Cirurgia do sistema osteomuscular,203.0,203,23,SIH03
AIH aprovadas,Subgrupo proced.,mensal,2021-02,2021.0,0409 Cirurgia do aparelho geniturinario,,-,23,SIH03
AIH aprovadas,Subgrupo proced.,mensal,2021-02,2021.0,0410 Cirurgia de mama,,-,23,SIH03
AIH aprovadas,Subgrupo proced.,mensal,2021-02,2021.0,0412 Cirurgia toracica,1.0,1,23,SIH03
AIH aprovadas,Subgrupo proced.,mensal,2021-02,2021.0,0413 Cirurgia reparadora,,-,23,SIH03
AIH aprovadas,Subgrupo proced.,mensal,2021-02,2021.0,0415 Outras cirurgias,97.0,97,23,SIH03
AIH aprovadas,Subgrupo proced.,mensal,2021-02,2021.0,0503 Acoes relacionadas a doacao de orgaos e tecidos para transplante,,-,23,SIH03
AIH aprovadas,Subgrupo proced.,mensal,2021-02,2021.0,Total,700.0,700,23,SIH03
AIH aprovadas,Subgrupo proced.,mensal,2021-03,2021.0,0201 Coleta de material,,-,24,SIH03
AIH aprovadas,Subgrupo proced.,mensal,2021-03,2021.0,0301 Consultas / Atendimentos / Acompanhamentos,,-,24,SIH03
AIH aprovadas,Subgrupo proced.,mensal,2021-03,2021.0,0303 Tratamentos clinicos (outras especialidades),386.0,386,24,SIH03
AIH aprovadas,Subgrupo proced.,mensal,2021-03,2021.0,0304 Tratamento em oncologia,2.0,2,24,SIH03
AIH aprovadas,Subgrupo proced.,mensal,2021-03,2021.0,0305 Tratamento em nefrologia,26.0,26,24,SIH03
AIH aprovadas,Subgrupo proced.,mensal,2021-03,2021.0,"0308 Tratamento de lesoes, envenenamentos e outros, decorrentes de causas externas",24.0,24,24,SIH03
AIH aprovadas,Subgrupo proced.,mensal,2021-03,2021.0,0310 Parto e nascimento,,-,24,SIH03
AIH aprovadas,Subgrupo proced.,mensal,2021-03,2021.0,"0401 Pequenas cirurgias e cirurgias de pele, tecido subcutaneo e mucosa",2.0,2,24,SIH03
AIH aprovadas,Subgrupo proced.,mensal,2021-03,2021.0,0402 Cirurgia de glandulas endocrinas,,-,24,SIH03
AIH aprovadas,Subgrupo proced.,mensal,2021-03,2021.0,0403 Cirurgia do sistema nervoso central e periferico,,-,24,SIH03
AIH aprovadas,Subgrupo proced.,mensal,2021-03,2021.0,"0404 Cirurgia das vias aereas superiores, da face, da cabeca e do pescoco",,-,24,SIH03
AIH aprovadas,Subgrupo proced.,mensal,2021-03,2021.0,0406 Cirurgia do aparelho circulatorio,47.0,47,24,SIH03
AIH aprovadas,Subgrupo proced.,mensal,2021-03,2021.0,"0407 Cirurgia do aparelho digestivo, orgaos anexos e parede abdominal",2.0,2,24,SIH03
AIH aprovadas,Subgrupo proced.,mensal,2021-03,2021.0,0408 Cirurgia do sistema osteomuscular,196.0,196,24,SIH03
AIH aprovadas,Subgrupo proced.,mensal,2021-03,2021.0,0409 Cirurgia do aparelho geniturinario,,-,24,SIH03
AIH aprovadas,Subgrupo proced.,mensal,2021-03,2021.0,0410 Cirurgia de mama,,-,24,SIH03
AIH aprovadas,Subgrupo proced.,mensal,2021-03,2021.0,0412 Cirurgia toracica,4.0,4,24,SIH03
AIH aprovadas,Subgrupo proced.,mensal,2021-03,2021.0,0413 Cirurgia reparadora,4.0,4,24,SIH03
AIH aprovadas,Subgrupo proced.,mensal,2021-03,2021.0,0415 Outras cirurgias,78.0,78,24,SIH03
AIH aprovadas,Subgrupo proced.,mensal,2021-03,2021.0,0503 Acoes relacionadas a doacao de orgaos e tecidos para transplante,,-,24,SIH03
AIH aprovadas,Subgrupo proced.,mensal,2021-03,2021.0,Total,771.0,771,24,SIH03
AIH aprovadas,Subgrupo proced.,mensal,2021-04,2021.0,0201 Coleta de material,,-,25,SIH03
AIH aprovadas,Subgrupo proced.,mensal,2021-04,2021.0,0301 Consultas / Atendimentos / Acompanhamentos,,-,25,SIH03
AIH aprovadas,Subgrupo proced.,mensal,2021-04,2021.0,0303 Tratamentos clinicos (outras especialidades),371.0,371,25,SIH03
AIH aprovadas,Subgrupo proced.,mensal,2021-04,2021.0,0304 Tratamento em oncologia,2.0,2,25,SIH03
AIH aprovadas,Subgrupo proced.,mensal,2021-04,2021.0,0305 Tratamento em nefrologia,24.0,24,25,SIH03
AIH aprovadas,Subgrupo proced.,mensal,2021-04,2021.0,"0308 Tratamento de lesoes, envenenamentos e outros, decorrentes de causas externas",18.0,18,25,SIH03
AIH aprovadas,Subgrupo proced.,mensal,2021-04,2021.0,0310 Parto e nascimento,,-,25,SIH03
AIH aprovadas,Subgrupo proced.,mensal,2021-04,2021.0,"0401 Pequenas cirurgias e cirurgias de pele, tecido subcutaneo e mucosa",,-,25,SIH03
AIH aprovadas,Subgrupo proced.,mensal,2021-04,2021.0,0402 Cirurgia de glandulas endocrinas,,-,25,SIH03
AIH aprovadas,Subgrupo proced.,mensal,2021-04,2021.0,0403 Cirurgia do sistema nervoso central e periferico,,-,25,SIH03
AIH aprovadas,Subgrupo proced.,mensal,2021-04,2021.0,"0404 Cirurgia das vias aereas superiores, da face, da cabeca e do pescoco",,-,25,SIH03
AIH aprovadas,Subgrupo proced.,mensal,2021-04,2021.0,0406 Cirurgia do aparelho circulatorio,55.0,55,25,SIH03
AIH aprovadas,Subgrupo proced.,mensal,2021-04,2021.0,"0407 Cirurgia do aparelho digestivo, orgaos anexos e parede abdominal",1.0,1,25,SIH03
AIH aprovadas,Subgrupo proced.,mensal,2021-04,2021.0,0408 Cirurgia do sistema osteomuscular,189.0,189,25,SIH03
AIH aprovadas,Subgrupo proced.,mensal,2021-04,2021.0,0409 Cirurgia do aparelho geniturinario,,-,25,SIH03
AIH aprovadas,Subgrupo proced.,mensal,2021-04,2021.0,0410 Cirurgia de mama,,-,25,SIH03
AIH aprovadas,Subgrupo proced.,mensal,2021-04,2021.0,0412 Cirurgia toracica,5.0,5,25,SIH03
AIH aprovadas,Subgrupo proced.,mensal,2021-04,2021.0,0413 Cirurgia reparadora,1.0,1,25,SIH03
AIH aprovadas,Subgrupo proced.,mensal,2021-04,2021.0,0415 Outras cirurgias,112.0,112,25,SIH03
AIH aprovadas,Subgrupo proced.,mensal,2021-04,2021.0,0503 Acoes relacionadas a doacao de orgaos e tecidos para transplante,,-,25,SIH03
AIH aprovadas,Subgrupo proced.,mensal,2021-04,2021.0,Total,778.0,778,25,SIH03
AIH aprovadas,Subgrupo proced.,mensal,2021-05,2021.0,0201 Coleta de material,,-,26,SIH03
AIH aprovadas,Subgrupo proced.,mensal,2021-05,2021.0,0301 Consultas / Atendimentos / Acompanhamentos,,-,26,SIH03
AIH aprovadas,Subgrupo proced.,mensal,2021-05,2021.0,0303 Tratamentos clinicos (outras especialidades),298.0,298,26,SIH03
AIH aprovadas,Subgrupo proced.,mensal,2021-05,2021.0,0304 Tratamento em oncologia,1.0,1,26,SIH03
AIH aprovadas,Subgrupo proced.,mensal,2021-05,2021.0,0305 Tratamento em nefrologia,20.0,20,26,SIH03
AIH aprovadas,Subgrupo proced.,mensal,2021-05,2021.0,"0308 Tratamento de lesoes, envenenamentos e outros, decorrentes de causas externas",14.0,14,26,SIH03
AIH aprovadas,Subgrupo proced.,mensal,2021-05,2021.0,0310 Parto e nascimento,,-,26,SIH03
AIH aprovadas,Subgrupo proced.,mensal,2021-05,2021.0,"0401 Pequenas cirurgias e cirurgias de pele, tecido subcutaneo e mucosa",1.0,1,26,SIH03
AIH aprovadas,Subgrupo proced.,mensal,2021-05,2021.0,0402 Cirurgia de glandulas endocrinas,,-,26,SIH03
AIH aprovadas,Subgrupo proced.,mensal,2021-05,2021.0,0403 Cirurgia do sistema nervoso central e periferico,,-,26,SIH03
AIH aprovadas,Subgrupo proced.,mensal,2021-05,2021.0,"0404 Cirurgia das vias aereas superiores, da face, da cabeca e do pescoco",,-,26,SIH03
AIH aprovadas,Subgrupo proced.,mensal,2021-05,2021.0,0406 Cirurgia do aparelho circulatorio,41.0,41,26,SIH03
AIH aprovadas,Subgrupo proced.,mensal,2021-05,2021.0,"0407 Cirurgia do aparelho digestivo, orgaos anexos e parede abdominal",1.0,1,26,SIH03
AIH aprovadas,Subgrupo proced.,mensal,2021-05,2021.0,0408 Cirurgia do sistema osteomuscular,199.0,199,26,SIH03
AIH aprovadas,Subgrupo proced.,mensal,2021-05,2021.0,0409 Cirurgia do aparelho geniturinario,,-,26,SIH03
AIH aprovadas,Subgrupo proced.,mensal,2021-05,2021.0,0410 Cirurgia de mama,,-,26,SIH03
AIH aprovadas,Subgrupo proced.,mensal,2021-05,2021.0,0412 Cirurgia toracica,10.0,10,26,SIH03
AIH aprovadas,Subgrupo proced.,mensal,2021-05,2021.0,0413 Cirurgia reparadora,,-,26,SIH03
AIH aprovadas,Subgrupo proced.,mensal,2021-05,2021.0,0415 Outras cirurgias,93.0,93,26,SIH03
AIH aprovadas,Subgrupo proced.,mensal,2021-05,2021.0,0503 Acoes relacionadas a doacao de orgaos e tecidos para transplante,,-,26,SIH03
AIH aprovadas,Subgrupo proced.,mensal,2021-05,2021.0,Total,678.0,678,26,SIH03
AIH aprovadas,Subgrupo proced.,mensal,2021-06,2021.0,0201 Coleta de material,,-,27,SIH03
AIH aprovadas,Subgrupo proced.,mensal,2021-06,2021.0,0301 Consultas / Atendimentos / Acompanhamentos,,-,27,SIH03
AIH aprovadas,Subgrupo proced.,mensal,2021-06,2021.0,0303 Tratamentos clinicos (outras especialidades),252.0,252,27,SIH03
AIH aprovadas,Subgrupo proced.,mensal,2021-06,2021.0,0304 Tratamento em oncologia,1.0,1,27,SIH03
AIH aprovadas,Subgrupo proced.,mensal,2021-06,2021.0,0305 Tratamento em nefrologia,23.0,23,27,SIH03
AIH aprovadas,Subgrupo proced.,mensal,2021-06,2021.0,"0308 Tratamento de lesoes, envenenamentos e outros, decorrentes de causas externas",12.0,12,27,SIH03
AIH aprovadas,Subgrupo proced.,mensal,2021-06,2021.0,0310 Parto e nascimento,,-,27,SIH03
AIH aprovadas,Subgrupo proced.,mensal,2021-06,2021.0,"0401 Pequenas cirurgias e cirurgias de pele, tecido subcutaneo e mucosa",3.0,3,27,SIH03
AIH aprovadas,Subgrupo proced.,mensal,2021-06,2021.0,0402 Cirurgia de glandulas endocrinas,,-,27,SIH03
AIH aprovadas,Subgrupo proced.,mensal,2021-06,2021.0,0403 Cirurgia do sistema nervoso central e periferico,,-,27,SIH03
AIH aprovadas,Subgrupo proced.,mensal,2021-06,2021.0,"0404 Cirurgia das vias aereas superiores, da face, da cabeca e do pescoco",,-,27,SIH03
AIH aprovadas,Subgrupo proced.,mensal,2021-06,2021.0,0406 Cirurgia do aparelho circulatorio,70.0,70,27,SIH03
AIH aprovadas,Subgrupo proced.,mensal,2021-06,2021.0,"0407 Cirurgia do aparelho digestivo, orgaos anexos e parede abdominal",5.0,5,27,SIH03
AIH aprovadas,Subgrupo proced.,mensal,2021-06,2021.0,0408 Cirurgia do sistema osteomuscular,198.0,198,27,SIH03
AIH aprovadas,Subgrupo proced.,mensal,2021-06,2021.0,0409 Cirurgia do aparelho geniturinario,1.0,1,27,SIH03
AIH aprovadas,Subgrupo proced.,mensal,2021-06,2021.0,0410 Cirurgia de mama,,-,27,SIH03
AIH aprovadas,Subgrupo proced.,mensal,2021-06,2021.0,0412 Cirurgia toracica,8.0,8,27,SIH03
AIH aprovadas,Subgrupo proced.,mensal,2021-06,2021.0,0413 Cirurgia reparadora,1.0,1,27,SIH03
AIH aprovadas,Subgrupo proced.,mensal,2021-06,2021.0,0415 Outras cirurgias,103.0,103,27,SIH03
AIH aprovadas,Subgrupo proced.,mensal,2021-06,2021.0,0503 Acoes relacionadas a doacao de orgaos e tecidos para transplante,,-,27,SIH03
AIH aprovadas,Subgrupo proced.,mensal,2021-06,2021.0,Total,677.0,677,27,SIH03
AIH aprovadas,Subgrupo proced.,mensal,2021-07,2021.0,0201 Coleta de material,,-,28,SIH03
AIH aprovadas,Subgrupo proced.,mensal,2021-07,2021.0,0301 Consultas / Atendimentos / Acompanhamentos,,-,28,SIH03
AIH aprovadas,Subgrupo proced.,mensal,2021-07,2021.0,0303 Tratamentos clinicos (outras especialidades),292.0,292,28,SIH03
AIH aprovadas,Subgrupo proced.,mensal,2021-07,2021.0,0304 Tratamento em oncologia,2.0,2,28,SIH03
AIH aprovadas,Subgrupo proced.,mensal,2021-07,2021.0,0305 Tratamento em nefrologia,31.0,31,28,SIH03
AIH aprovadas,Subgrupo proced.,mensal,2021-07,2021.0,"0308 Tratamento de lesoes, envenenamentos e outros, decorrentes de causas externas",16.0,16,28,SIH03
AIH aprovadas,Subgrupo proced.,mensal,2021-07,2021.0,0310 Parto e nascimento,,-,28,SIH03
AIH aprovadas,Subgrupo proced.,mensal,2021-07,2021.0,"0401 Pequenas cirurgias e cirurgias de pele, tecido subcutaneo e mucosa",5.0,5,28,SIH03
AIH aprovadas,Subgrupo proced.,mensal,2021-07,2021.0,0402 Cirurgia de glandulas endocrinas,,-,28,SIH03
AIH aprovadas,Subgrupo proced.,mensal,2021-07,2021.0,0403 Cirurgia do sistema nervoso central e periferico,,-,28,SIH03
AIH aprovadas,Subgrupo proced.,mensal,2021-07,2021.0,"0404 Cirurgia das vias aereas superiores, da face, da cabeca e do pescoco",,-,28,SIH03
AIH aprovadas,Subgrupo proced.,mensal,2021-07,2021.0,0406 Cirurgia do aparelho circulatorio,61.0,61,28,SIH03
AIH aprovadas,Subgrupo proced.,mensal,2021-07,2021.0,"0407 Cirurgia do aparelho digestivo, orgaos anexos e parede abdominal",8.0,8,28,SIH03
AIH aprovadas,Subgrupo proced.,mensal,2021-07,2021.0,0408 Cirurgia do sistema osteomuscular,216.0,216,28,SIH03
AIH aprovadas,Subgrupo proced.,mensal,2021-07,2021.0,0409 Cirurgia do aparelho geniturinario,,-,28,SIH03
AIH aprovadas,Subgrupo proced.,mensal,2021-07,2021.0,0410 Cirurgia de mama,,-,28,SIH03
AIH aprovadas,Subgrupo proced.,mensal,2021-07,2021.0,0412 Cirurgia toracica,8.0,8,28,SIH03
AIH aprovadas,Subgrupo proced.,mensal,2021-07,2021.0,0413 Cirurgia reparadora,,-,28,SIH03
AIH aprovadas,Subgrupo proced.,mensal,2021-07,2021.0,0415 Outras cirurgias,117.0,117,28,SIH03
AIH aprovadas,Subgrupo proced.,mensal,2021-07,2021.0,0503 Acoes relacionadas a doacao de orgaos e tecidos para transplante,,-,28,SIH03
AIH aprovadas,Subgrupo proced.,mensal,2021-07,2021.0,Total,756.0,756,28,SIH03
AIH aprovadas,Subgrupo proced.,mensal,2021-08,2021.0,0201 Coleta de material,,-,29,SIH03
AIH aprovadas,Subgrupo proced.,mensal,2021-08,2021.0,0301 Consultas / Atendimentos / Acompanhamentos,1.0,1,29,SIH03
AIH aprovadas,Subgrupo proced.,mensal,2021-08,2021.0,0303 Tratamentos clinicos (outras especialidades),258.0,258,29,SIH03
AIH aprovadas,Subgrupo proced.,mensal,2021-08,2021.0,0304 Tratamento em oncologia,2.0,2,29,SIH03
AIH aprovadas,Subgrupo proced.,mensal,2021-08,2021.0,0305 Tratamento em nefrologia,19.0,19,29,SIH03
AIH aprovadas,Subgrupo proced.,mensal,2021-08,2021.0,"0308 Tratamento de lesoes, envenenamentos e outros, decorrentes de causas externas",23.0,23,29,SIH03
AIH aprovadas,Subgrupo proced.,mensal,2021-08,2021.0,0310 Parto e nascimento,,-,29,SIH03
AIH aprovadas,Subgrupo proced.,mensal,2021-08,2021.0,"0401 Pequenas cirurgias e cirurgias de pele, tecido subcutaneo e mucosa",1.0,1,29,SIH03
AIH aprovadas,Subgrupo proced.,mensal,2021-08,2021.0,0402 Cirurgia de glandulas endocrinas,,-,29,SIH03
AIH aprovadas,Subgrupo proced.,mensal,2021-08,2021.0,0403 Cirurgia do sistema nervoso central e periferico,1.0,1,29,SIH03
AIH aprovadas,Subgrupo proced.,mensal,2021-08,2021.0,"0404 Cirurgia das vias aereas superiores, da face, da cabeca e do pescoco",,-,29,SIH03
AIH aprovadas,Subgrupo proced.,mensal,2021-08,2021.0,0406 Cirurgia do aparelho circulatorio,53.0,53,29,SIH03
AIH aprovadas,Subgrupo proced.,mensal,2021-08,2021.0,"0407 Cirurgia do aparelho digestivo, orgaos anexos e parede abdominal",9.0,9,29,SIH03
AIH aprovadas,Subgrupo proced.,mensal,2021-08,2021.0,0408 Cirurgia do sistema osteomuscular,222.0,222,29,SIH03
AIH aprovadas,Subgrupo proced.,mensal,2021-08,2021.0,0409 Cirurgia do aparelho geniturinario,,-,29,SIH03
AIH aprovadas,Subgrupo proced.,mensal,2021-08,2021.0,0410 Cirurgia de mama,,-,29,SIH03
AIH aprovadas,Subgrupo proced.,mensal,2021-08,2021.0,0412 Cirurgia toracica,8.0,8,29,SIH03
AIH aprovadas,Subgrupo proced.,mensal,2021-08,2021.0,0413 Cirurgia reparadora,1.0,1,29,SIH03
AIH aprovadas,Subgrupo proced.,mensal,2021-08,2021.0,0415 Outras cirurgias,93.0,93,29,SIH03
AIH aprovadas,Subgrupo proced.,mensal,2021-08,2021.0,0503 Acoes relacionadas a doacao de orgaos e tecidos para transplante,,-,29,SIH03
AIH aprovadas,Subgrupo proced.,mensal,2021-08,2021.0,Total,691.0,691,29,SIH03
AIH aprovadas,Subgrupo proced.,mensal,2021-09,2021.0,0201 Coleta de material,,-,30,SIH03
AIH aprovadas,Subgrupo proced.,mensal,2021-09,2021.0,0301 Consultas / Atendimentos / Acompanhamentos,,-,30,SIH03
AIH aprovadas,Subgrupo proced.,mensal,2021-09,2021.0,0303 Tratamentos clinicos (outras especialidades),297.0,297,30,SIH03
AIH aprovadas,Subgrupo proced.,mensal,2021-09,2021.0,0304 Tratamento em oncologia,3.0,3,30,SIH03
AIH aprovadas,Subgrupo proced.,mensal,2021-09,2021.0,0305 Tratamento em nefrologia,24.0,24,30,SIH03
AIH aprovadas,Subgrupo proced.,mensal,2021-09,2021.0,"0308 Tratamento de lesoes, envenenamentos e outros, decorrentes de causas externas",30.0,30,30,SIH03
AIH aprovadas,Subgrupo proced.,mensal,2021-09,2021.0,0310 Parto e nascimento,,-,30,SIH03
AIH aprovadas,Subgrupo proced.,mensal,2021-09,2021.0,"0401 Pequenas cirurgias e cirurgias de pele, tecido subcutaneo e mucosa",4.0,4,30,SIH03
AIH aprovadas,Subgrupo proced.,mensal,2021-09,2021.0,0402 Cirurgia de glandulas endocrinas,,-,30,SIH03
AIH aprovadas,Subgrupo proced.,mensal,2021-09,2021.0,0403 Cirurgia do sistema nervoso central e periferico,2.0,2,30,SIH03
AIH aprovadas,Subgrupo proced.,mensal,2021-09,2021.0,"0404 Cirurgia das vias aereas superiores, da face, da cabeca e do pescoco",,-,30,SIH03
AIH aprovadas,Subgrupo proced.,mensal,2021-09,2021.0,0406 Cirurgia do aparelho circulatorio,63.0,63,30,SIH03
AIH aprovadas,Subgrupo proced.,mensal,2021-09,2021.0,"0407 Cirurgia do aparelho digestivo, orgaos anexos e parede abdominal",10.0,10,30,SIH03
AIH aprovadas,Subgrupo proced.,mensal,2021-09,2021.0,0408 Cirurgia do sistema osteomuscular,244.0,244,30,SIH03
AIH aprovadas,Subgrupo proced.,mensal,2021-09,2021.0,0409 Cirurgia do aparelho geniturinario,2.0,2,30,SIH03
AIH aprovadas,Subgrupo proced.,mensal,2021-09,2021.0,0410 Cirurgia de mama,,-,30,SIH03
AIH aprovadas,Subgrupo proced.,mensal,2021-09,2021.0,0412 Cirurgia toracica,7.0,7,30,SIH03
AIH aprovadas,Subgrupo proced.,mensal,2021-09,2021.0,0413 Cirurgia reparadora,,-,30,SIH03
AIH aprovadas,Subgrupo proced.,mensal,2021-09,2021.0,0415 Outras cirurgias,127.0,127,30,SIH03
AIH aprovadas,Subgrupo proced.,mensal,2021-09,2021.0,0503 Acoes relacionadas a doacao de orgaos e tecidos para transplante,,-,30,SIH03
AIH aprovadas,Subgrupo proced.,mensal,2021-09,2021.0,Total,813.0,813,30,SIH03
AIH aprovadas,Subgrupo proced.,mensal,2021-10,2021.0,0201 Coleta de material,,-,31,SIH03
AIH aprovadas,Subgrupo proced.,mensal,2021-10,2021.0,0301 Consultas / Atendimentos / Acompanhamentos,,-,31,SIH03
AIH aprovadas,Subgrupo proced.,mensal,2021-10,2021.0,0303 Tratamentos clinicos (outras especialidades),233.0,233,31,SIH03
AIH aprovadas,Subgrupo proced.,mensal,2021-10,2021.0,0304 Tratamento em oncologia,5.0,5,31,SIH03
AIH aprovadas,Subgrupo proced.,mensal,2021-10,2021.0,0305 Tratamento em nefrologia,24.0,24,31,SIH03
AIH aprovadas,Subgrupo proced.,mensal,2021-10,2021.0,"0308 Tratamento de lesoes, envenenamentos e outros, decorrentes de causas externas",35.0,35,31,SIH03
AIH aprovadas,Subgrupo proced.,mensal,2021-10,2021.0,0310 Parto e nascimento,,-,31,SIH03
AIH aprovadas,Subgrupo proced.,mensal,2021-10,2021.0,"0401 Pequenas cirurgias e cirurgias de pele, tecido subcutaneo e mucosa",3.0,3,31,SIH03
AIH aprovadas,Subgrupo proced.,mensal,2021-10,2021.0,0402 Cirurgia de glandulas endocrinas,,-,31,SIH03
AIH aprovadas,Subgrupo proced.,mensal,2021-10,2021.0,0403 Cirurgia do sistema nervoso central e periferico,,-,31,SIH03
AIH aprovadas,Subgrupo proced.,mensal,2021-10,2021.0,"0404 Cirurgia das vias aereas superiores, da face, da cabeca e do pescoco",,-,31,SIH03
AIH aprovadas,Subgrupo proced.,mensal,2021-10,2021.0,0406 Cirurgia do aparelho circulatorio,40.0,40,31,SIH03
AIH aprovadas,Subgrupo proced.,mensal,2021-10,2021.0,"0407 Cirurgia do aparelho digestivo, orgaos anexos e parede abdominal",3.0,3,31,SIH03
AIH aprovadas,Subgrupo proced.,mensal,2021-10,2021.0,0408 Cirurgia do sistema osteomuscular,195.0,195,31,SIH03
AIH aprovadas,Subgrupo proced.,mensal,2021-10,2021.0,0409 Cirurgia do aparelho geniturinario,2.0,2,31,SIH03
AIH aprovadas,Subgrupo proced.,mensal,2021-10,2021.0,0410 Cirurgia de mama,,-,31,SIH03
AIH aprovadas,Subgrupo proced.,mensal,2021-10,2021.0,0412 Cirurgia toracica,5.0,5,31,SIH03
AIH aprovadas,Subgrupo proced.,mensal,2021-10,2021.0,0413 Cirurgia reparadora,3.0,3,31,SIH03
AIH aprovadas,Subgrupo proced.,mensal,2021-10,2021.0,0415 Outras cirurgias,119.0,119,31,SIH03
AIH aprovadas,Subgrupo proced.,mensal,2021-10,2021.0,0503 Acoes relacionadas a doacao de orgaos e tecidos para transplante,,-,31,SIH03
AIH aprovadas,Subgrupo proced.,mensal,2021-10,2021.0,Total,667.0,667,31,SIH03
AIH aprovadas,Subgrupo proced.,mensal,2021-11,2021.0,0201 Coleta de material,,-,32,SIH03
AIH aprovadas,Subgrupo proced.,mensal,2021-11,2021.0,0301 Consultas / Atendimentos / Acompanhamentos,,-,32,SIH03
AIH aprovadas,Subgrupo proced.,mensal,2021-11,2021.0,0303 Tratamentos clinicos (outras especialidades),250.0,250,32,SIH03
AIH aprovadas,Subgrupo proced.,mensal,2021-11,2021.0,0304 Tratamento em oncologia,4.0,4,32,SIH03
AIH aprovadas,Subgrupo proced.,mensal,2021-11,2021.0,0305 Tratamento em nefrologia,20.0,20,32,SIH03
AIH aprovadas,Subgrupo proced.,mensal,2021-11,2021.0,"0308 Tratamento de lesoes, envenenamentos e outros, decorrentes de causas externas",62.0,62,32,SIH03
AIH aprovadas,Subgrupo proced.,mensal,2021-11,2021.0,0310 Parto e nascimento,,-,32,SIH03
AIH aprovadas,Subgrupo proced.,mensal,2021-11,2021.0,"0401 Pequenas cirurgias e cirurgias de pele, tecido subcutaneo e mucosa",3.0,3,32,SIH03
AIH aprovadas,Subgrupo proced.,mensal,2021-11,2021.0,0402 Cirurgia de glandulas endocrinas,,-,32,SIH03
AIH aprovadas,Subgrupo proced.,mensal,2021-11,2021.0,0403 Cirurgia do sistema nervoso central e periferico,,-,32,SIH03
AIH aprovadas,Subgrupo proced.,mensal,2021-11,2021.0,"0404 Cirurgia das vias aereas superiores, da face, da cabeca e do pescoco",,-,32,SIH03
AIH aprovadas,Subgrupo proced.,mensal,2021-11,2021.0,0406 Cirurgia do aparelho circulatorio,53.0,53,32,SIH03
AIH aprovadas,Subgrupo proced.,mensal,2021-11,2021.0,"0407 Cirurgia do aparelho digestivo, orgaos anexos e parede abdominal",3.0,3,32,SIH03
AIH aprovadas,Subgrupo proced.,mensal,2021-11,2021.0,0408 Cirurgia do sistema osteomuscular,193.0,193,32,SIH03
AIH aprovadas,Subgrupo proced.,mensal,2021-11,2021.0,0409 Cirurgia do aparelho geniturinario,1.0,1,32,SIH03
AIH aprovadas,Subgrupo proced.,mensal,2021-11,2021.0,0410 Cirurgia de mama,,-,32,SIH03
AIH aprovadas,Subgrupo proced.,mensal,2021-11,2021.0,0412 Cirurgia toracica,4.0,4,32,SIH03
AIH aprovadas,Subgrupo proced.,mensal,2021-11,2021.0,0413 Cirurgia reparadora,2.0,2,32,SIH03
AIH aprovadas,Subgrupo proced.,mensal,2021-11,2021.0,0415 Outras cirurgias,128.0,128,32,SIH03
AIH aprovadas,Subgrupo proced.,mensal,2021-11,2021.0,0503 Acoes relacionadas a doacao de orgaos e tecidos para transplante,,-,32,SIH03
AIH aprovadas,Subgrupo proced.,mensal,2021-11,2021.0,Total,723.0,723,32,SIH03
AIH aprovadas,Subgrupo proced.,mensal,2021-12,2021.0,0201 Coleta de material,,-,33,SIH03
AIH aprovadas,Subgrupo proced.,mensal,2021-12,2021.0,0301 Consultas / Atendimentos / Acompanhamentos,1.0,1,33,SIH03
AIH aprovadas,Subgrupo proced.,mensal,2021-12,2021.0,0303 Tratamentos clinicos (outras especialidades),294.0,294,33,SIH03
AIH aprovadas,Subgrupo proced.,mensal,2021-12,2021.0,0304 Tratamento em oncologia,1.0,1,33,SIH03
AIH aprovadas,Subgrupo proced.,mensal,2021-12,2021.0,0305 Tratamento em nefrologia,23.0,23,33,SIH03
AIH aprovadas,Subgrupo proced.,mensal,2021-12,2021.0,"0308 Tratamento de lesoes, envenenamentos e outros, decorrentes de causas externas",58.0,58,33,SIH03
AIH aprovadas,Subgrupo proced.,mensal,2021-12,2021.0,0310 Parto e nascimento,,-,33,SIH03
AIH aprovadas,Subgrupo proced.,mensal,2021-12,2021.0,"0401 Pequenas cirurgias e cirurgias de pele, tecido subcutaneo e mucosa",5.0,5,33,SIH03
AIH aprovadas,Subgrupo proced.,mensal,2021-12,2021.0,0402 Cirurgia de glandulas endocrinas,,-,33,SIH03
AIH aprovadas,Subgrupo proced.,mensal,2021-12,2021.0,0403 Cirurgia do sistema nervoso central e periferico,,-,33,SIH03
AIH aprovadas,Subgrupo proced.,mensal,2021-12,2021.0,"0404 Cirurgia das vias aereas superiores, da face, da cabeca e do pescoco",,-,33,SIH03
AIH aprovadas,Subgrupo proced.,mensal,2021-12,2021.0,0406 Cirurgia do aparelho circulatorio,51.0,51,33,SIH03
AIH aprovadas,Subgrupo proced.,mensal,2021-12,2021.0,"0407 Cirurgia do aparelho digestivo, orgaos anexos e parede abdominal",3.0,3,33,SIH03
AIH aprovadas,Subgrupo proced.,mensal,2021-12,2021.0,0408 Cirurgia do sistema osteomuscular,202.0,202,33,SIH03
AIH aprovadas,Subgrupo proced.,mensal,2021-12,2021.0,0409 Cirurgia do aparelho geniturinario,1.0,1,33,SIH03
AIH aprovadas,Subgrupo proced.,mensal,2021-12,2021.0,0410 Cirurgia de mama,,-,33,SIH03
AIH aprovadas,Subgrupo proced.,mensal,2021-12,2021.0,0412 Cirurgia toracica,15.0,15,33,SIH03
AIH aprovadas,Subgrupo proced.,mensal,2021-12,2021.0,0413 Cirurgia reparadora,3.0,3,33,SIH03
AIH aprovadas,Subgrupo proced.,mensal,2021-12,2021.0,0415 Outras cirurgias,146.0,146,33,SIH03
AIH aprovadas,Subgrupo proced.,mensal,2021-12,2021.0,0503 Acoes relacionadas a doacao de orgaos e tecidos para transplante,,-,33,SIH03
AIH aprovadas,Subgrupo proced.,mensal,2021-12,2021.0,Total,803.0,803,33,SIH03
AIH aprovadas,Subgrupo proced.,ano_publicado,,2022.0,0201 Coleta de material,,-,34,SIH03
AIH aprovadas,Subgrupo proced.,ano_publicado,,2022.0,0301 Consultas / Atendimentos / Acompanhamentos,3.0,3,34,SIH03
AIH aprovadas,Subgrupo proced.,ano_publicado,,2022.0,0303 Tratamentos clinicos (outras especialidades),2822.0,2822,34,SIH03
AIH aprovadas,Subgrupo proced.,ano_publicado,,2022.0,0304 Tratamento em oncologia,34.0,34,34,SIH03
AIH aprovadas,Subgrupo proced.,ano_publicado,,2022.0,0305 Tratamento em nefrologia,312.0,312,34,SIH03
AIH aprovadas,Subgrupo proced.,ano_publicado,,2022.0,"0308 Tratamento de lesoes, envenenamentos e outros, decorrentes de causas externas",460.0,460,34,SIH03
AIH aprovadas,Subgrupo proced.,ano_publicado,,2022.0,0310 Parto e nascimento,,-,34,SIH03
AIH aprovadas,Subgrupo proced.,ano_publicado,,2022.0,"0401 Pequenas cirurgias e cirurgias de pele, tecido subcutaneo e mucosa",31.0,31,34,SIH03
AIH aprovadas,Subgrupo proced.,ano_publicado,,2022.0,0402 Cirurgia de glandulas endocrinas,,-,34,SIH03
AIH aprovadas,Subgrupo proced.,ano_publicado,,2022.0,0403 Cirurgia do sistema nervoso central e periferico,6.0,6,34,SIH03
AIH aprovadas,Subgrupo proced.,ano_publicado,,2022.0,"0404 Cirurgia das vias aereas superiores, da face, da cabeca e do pescoco",1.0,1,34,SIH03
AIH aprovadas,Subgrupo proced.,ano_publicado,,2022.0,0406 Cirurgia do aparelho circulatorio,494.0,494,34,SIH03
AIH aprovadas,Subgrupo proced.,ano_publicado,,2022.0,"0407 Cirurgia do aparelho digestivo, orgaos anexos e parede abdominal",41.0,41,34,SIH03
AIH aprovadas,Subgrupo proced.,ano_publicado,,2022.0,0408 Cirurgia do sistema osteomuscular,2696.0,2696,34,SIH03
AIH aprovadas,Subgrupo proced.,ano_publicado,,2022.0,0409 Cirurgia do aparelho geniturinario,5.0,5,34,SIH03
AIH aprovadas,Subgrupo proced.,ano_publicado,,2022.0,0410 Cirurgia de mama,,-,34,SIH03
AIH aprovadas,Subgrupo proced.,ano_publicado,,2022.0,0412 Cirurgia toracica,68.0,68,34,SIH03
AIH aprovadas,Subgrupo proced.,ano_publicado,,2022.0,0413 Cirurgia reparadora,43.0,43,34,SIH03
AIH aprovadas,Subgrupo proced.,ano_publicado,,2022.0,0415 Outras cirurgias,1571.0,1571,34,SIH03
AIH aprovadas,Subgrupo proced.,ano_publicado,,2022.0,0503 Acoes relacionadas a doacao de orgaos e tecidos para transplante,,-,34,SIH03
AIH aprovadas,Subgrupo proced.,ano_publicado,,2022.0,Total,8587.0,8587,34,SIH03
AIH aprovadas,Subgrupo proced.,mensal,2022-01,2022.0,0201 Coleta de material,,-,35,SIH03
AIH aprovadas,Subgrupo proced.,mensal,2022-01,2022.0,0301 Consultas / Atendimentos / Acompanhamentos,,-,35,SIH03
AIH aprovadas,Subgrupo proced.,mensal,2022-01,2022.0,0303 Tratamentos clinicos (outras especialidades),273.0,273,35,SIH03
AIH aprovadas,Subgrupo proced.,mensal,2022-01,2022.0,0304 Tratamento em oncologia,3.0,3,35,SIH03
AIH aprovadas,Subgrupo proced.,mensal,2022-01,2022.0,0305 Tratamento em nefrologia,30.0,30,35,SIH03
AIH aprovadas,Subgrupo proced.,mensal,2022-01,2022.0,"0308 Tratamento de lesoes, envenenamentos e outros, decorrentes de causas externas",67.0,67,35,SIH03
AIH aprovadas,Subgrupo proced.,mensal,2022-01,2022.0,0310 Parto e nascimento,,-,35,SIH03
AIH aprovadas,Subgrupo proced.,mensal,2022-01,2022.0,"0401 Pequenas cirurgias e cirurgias de pele, tecido subcutaneo e mucosa",1.0,1,35,SIH03
AIH aprovadas,Subgrupo proced.,mensal,2022-01,2022.0,0402 Cirurgia de glandulas endocrinas,,-,35,SIH03
AIH aprovadas,Subgrupo proced.,mensal,2022-01,2022.0,0403 Cirurgia do sistema nervoso central e periferico,1.0,1,35,SIH03
AIH aprovadas,Subgrupo proced.,mensal,2022-01,2022.0,"0404 Cirurgia das vias aereas superiores, da face, da cabeca e do pescoco",,-,35,SIH03
AIH aprovadas,Subgrupo proced.,mensal,2022-01,2022.0,0406 Cirurgia do aparelho circulatorio,59.0,59,35,SIH03
AIH aprovadas,Subgrupo proced.,mensal,2022-01,2022.0,"0407 Cirurgia do aparelho digestivo, orgaos anexos e parede abdominal",6.0,6,35,SIH03
AIH aprovadas,Subgrupo proced.,mensal,2022-01,2022.0,0408 Cirurgia do sistema osteomuscular,165.0,165,35,SIH03
AIH aprovadas,Subgrupo proced.,mensal,2022-01,2022.0,0409 Cirurgia do aparelho geniturinario,1.0,1,35,SIH03
AIH aprovadas,Subgrupo proced.,mensal,2022-01,2022.0,0410 Cirurgia de mama,,-,35,SIH03
AIH aprovadas,Subgrupo proced.,mensal,2022-01,2022.0,0412 Cirurgia toracica,6.0,6,35,SIH03
AIH aprovadas,Subgrupo proced.,mensal,2022-01,2022.0,0413 Cirurgia reparadora,6.0,6,35,SIH03
AIH aprovadas,Subgrupo proced.,mensal,2022-01,2022.0,0415 Outras cirurgias,168.0,168,35,SIH03
AIH aprovadas,Subgrupo proced.,mensal,2022-01,2022.0,0503 Acoes relacionadas a doacao de orgaos e tecidos para transplante,,-,35,SIH03
AIH aprovadas,Subgrupo proced.,mensal,2022-01,2022.0,Total,786.0,786,35,SIH03
AIH aprovadas,Subgrupo proced.,mensal,2022-02,2022.0,0201 Coleta de material,,-,36,SIH03
AIH aprovadas,Subgrupo proced.,mensal,2022-02,2022.0,0301 Consultas / Atendimentos / Acompanhamentos,,-,36,SIH03
AIH aprovadas,Subgrupo proced.,mensal,2022-02,2022.0,0303 Tratamentos clinicos (outras especialidades),233.0,233,36,SIH03
AIH aprovadas,Subgrupo proced.,mensal,2022-02,2022.0,0304 Tratamento em oncologia,4.0,4,36,SIH03
AIH aprovadas,Subgrupo proced.,mensal,2022-02,2022.0,0305 Tratamento em nefrologia,29.0,29,36,SIH03
AIH aprovadas,Subgrupo proced.,mensal,2022-02,2022.0,"0308 Tratamento de lesoes, envenenamentos e outros, decorrentes de causas externas",89.0,89,36,SIH03
AIH aprovadas,Subgrupo proced.,mensal,2022-02,2022.0,0310 Parto e nascimento,,-,36,SIH03
AIH aprovadas,Subgrupo proced.,mensal,2022-02,2022.0,"0401 Pequenas cirurgias e cirurgias de pele, tecido subcutaneo e mucosa",,-,36,SIH03
AIH aprovadas,Subgrupo proced.,mensal,2022-02,2022.0,0402 Cirurgia de glandulas endocrinas,,-,36,SIH03
AIH aprovadas,Subgrupo proced.,mensal,2022-02,2022.0,0403 Cirurgia do sistema nervoso central e periferico,1.0,1,36,SIH03
AIH aprovadas,Subgrupo proced.,mensal,2022-02,2022.0,"0404 Cirurgia das vias aereas superiores, da face, da cabeca e do pescoco",,-,36,SIH03
AIH aprovadas,Subgrupo proced.,mensal,2022-02,2022.0,0406 Cirurgia do aparelho circulatorio,46.0,46,36,SIH03
AIH aprovadas,Subgrupo proced.,mensal,2022-02,2022.0,"0407 Cirurgia do aparelho digestivo, orgaos anexos e parede abdominal",2.0,2,36,SIH03
AIH aprovadas,Subgrupo proced.,mensal,2022-02,2022.0,0408 Cirurgia do sistema osteomuscular,149.0,149,36,SIH03
AIH aprovadas,Subgrupo proced.,mensal,2022-02,2022.0,0409 Cirurgia do aparelho geniturinario,,-,36,SIH03
AIH aprovadas,Subgrupo proced.,mensal,2022-02,2022.0,0410 Cirurgia de mama,,-,36,SIH03
AIH aprovadas,Subgrupo proced.,mensal,2022-02,2022.0,0412 Cirurgia toracica,4.0,4,36,SIH03
AIH aprovadas,Subgrupo proced.,mensal,2022-02,2022.0,0413 Cirurgia reparadora,3.0,3,36,SIH03
AIH aprovadas,Subgrupo proced.,mensal,2022-02,2022.0,0415 Outras cirurgias,117.0,117,36,SIH03
AIH aprovadas,Subgrupo proced.,mensal,2022-02,2022.0,0503 Acoes relacionadas a doacao de orgaos e tecidos para transplante,,-,36,SIH03
AIH aprovadas,Subgrupo proced.,mensal,2022-02,2022.0,Total,677.0,677,36,SIH03
AIH aprovadas,Subgrupo proced.,mensal,2022-03,2022.0,0201 Coleta de material,,-,37,SIH03
AIH aprovadas,Subgrupo proced.,mensal,2022-03,2022.0,0301 Consultas / Atendimentos / Acompanhamentos,,-,37,SIH03
AIH aprovadas,Subgrupo proced.,mensal,2022-03,2022.0,0303 Tratamentos clinicos (outras especialidades),210.0,210,37,SIH03
AIH aprovadas,Subgrupo proced.,mensal,2022-03,2022.0,0304 Tratamento em oncologia,,-,37,SIH03
AIH aprovadas,Subgrupo proced.,mensal,2022-03,2022.0,0305 Tratamento em nefrologia,23.0,23,37,SIH03
AIH aprovadas,Subgrupo proced.,mensal,2022-03,2022.0,"0308 Tratamento de lesoes, envenenamentos e outros, decorrentes de causas externas",15.0,15,37,SIH03
AIH aprovadas,Subgrupo proced.,mensal,2022-03,2022.0,0310 Parto e nascimento,,-,37,SIH03
AIH aprovadas,Subgrupo proced.,mensal,2022-03,2022.0,"0401 Pequenas cirurgias e cirurgias de pele, tecido subcutaneo e mucosa",3.0,3,37,SIH03
AIH aprovadas,Subgrupo proced.,mensal,2022-03,2022.0,0402 Cirurgia de glandulas endocrinas,,-,37,SIH03
AIH aprovadas,Subgrupo proced.,mensal,2022-03,2022.0,0403 Cirurgia do sistema nervoso central e periferico,1.0,1,37,SIH03
AIH aprovadas,Subgrupo proced.,mensal,2022-03,2022.0,"0404 Cirurgia das vias aereas superiores, da face, da cabeca e do pescoco",,-,37,SIH03
AIH aprovadas,Subgrupo proced.,mensal,2022-03,2022.0,0406 Cirurgia do aparelho circulatorio,29.0,29,37,SIH03
AIH aprovadas,Subgrupo proced.,mensal,2022-03,2022.0,"0407 Cirurgia do aparelho digestivo, orgaos anexos e parede abdominal",3.0,3,37,SIH03
AIH aprovadas,Subgrupo proced.,mensal,2022-03,2022.0,0408 Cirurgia do sistema osteomuscular,215.0,215,37,SIH03
AIH aprovadas,Subgrupo proced.,mensal,2022-03,2022.0,0409 Cirurgia do aparelho geniturinario,1.0,1,37,SIH03
AIH aprovadas,Subgrupo proced.,mensal,2022-03,2022.0,0410 Cirurgia de mama,,-,37,SIH03
AIH aprovadas,Subgrupo proced.,mensal,2022-03,2022.0,0412 Cirurgia toracica,5.0,5,37,SIH03
AIH aprovadas,Subgrupo proced.,mensal,2022-03,2022.0,0413 Cirurgia reparadora,,-,37,SIH03
AIH aprovadas,Subgrupo proced.,mensal,2022-03,2022.0,0415 Outras cirurgias,114.0,114,37,SIH03
AIH aprovadas,Subgrupo proced.,mensal,2022-03,2022.0,0503 Acoes relacionadas a doacao de orgaos e tecidos para transplante,,-,37,SIH03
AIH aprovadas,Subgrupo proced.,mensal,2022-03,2022.0,Total,619.0,619,37,SIH03
AIH aprovadas,Subgrupo proced.,mensal,2022-04,2022.0,0201 Coleta de material,,-,38,SIH03
AIH aprovadas,Subgrupo proced.,mensal,2022-04,2022.0,0301 Consultas / Atendimentos / Acompanhamentos,,-,38,SIH03
AIH aprovadas,Subgrupo proced.,mensal,2022-04,2022.0,0303 Tratamentos clinicos (outras especialidades),245.0,245,38,SIH03
AIH aprovadas,Subgrupo proced.,mensal,2022-04,2022.0,0304 Tratamento em oncologia,,-,38,SIH03
AIH aprovadas,Subgrupo proced.,mensal,2022-04,2022.0,0305 Tratamento em nefrologia,16.0,16,38,SIH03
AIH aprovadas,Subgrupo proced.,mensal,2022-04,2022.0,"0308 Tratamento de lesoes, envenenamentos e outros, decorrentes de causas externas",63.0,63,38,SIH03
AIH aprovadas,Subgrupo proced.,mensal,2022-04,2022.0,0310 Parto e nascimento,,-,38,SIH03
AIH aprovadas,Subgrupo proced.,mensal,2022-04,2022.0,"0401 Pequenas cirurgias e cirurgias de pele, tecido subcutaneo e mucosa",,-,38,SIH03
AIH aprovadas,Subgrupo proced.,mensal,2022-04,2022.0,0402 Cirurgia de glandulas endocrinas,,-,38,SIH03
AIH aprovadas,Subgrupo proced.,mensal,2022-04,2022.0,0403 Cirurgia do sistema nervoso central e periferico,1.0,1,38,SIH03
AIH aprovadas,Subgrupo proced.,mensal,2022-04,2022.0,"0404 Cirurgia das vias aereas superiores, da face, da cabeca e do pescoco",,-,38,SIH03
AIH aprovadas,Subgrupo proced.,mensal,2022-04,2022.0,0406 Cirurgia do aparelho circulatorio,50.0,50,38,SIH03
AIH aprovadas,Subgrupo proced.,mensal,2022-04,2022.0,"0407 Cirurgia do aparelho digestivo, orgaos anexos e parede abdominal",4.0,4,38,SIH03
AIH aprovadas,Subgrupo proced.,mensal,2022-04,2022.0,0408 Cirurgia do sistema osteomuscular,223.0,223,38,SIH03
AIH aprovadas,Subgrupo proced.,mensal,2022-04,2022.0,0409 Cirurgia do aparelho geniturinario,,-,38,SIH03
AIH aprovadas,Subgrupo proced.,mensal,2022-04,2022.0,0410 Cirurgia de mama,,-,38,SIH03
AIH aprovadas,Subgrupo proced.,mensal,2022-04,2022.0,0412 Cirurgia toracica,6.0,6,38,SIH03
AIH aprovadas,Subgrupo proced.,mensal,2022-04,2022.0,0413 Cirurgia reparadora,6.0,6,38,SIH03
AIH aprovadas,Subgrupo proced.,mensal,2022-04,2022.0,0415 Outras cirurgias,149.0,149,38,SIH03
AIH aprovadas,Subgrupo proced.,mensal,2022-04,2022.0,0503 Acoes relacionadas a doacao de orgaos e tecidos para transplante,,-,38,SIH03
AIH aprovadas,Subgrupo proced.,mensal,2022-04,2022.0,Total,763.0,763,38,SIH03
AIH aprovadas,Subgrupo proced.,mensal,2022-05,2022.0,0201 Coleta de material,,-,39,SIH03
AIH aprovadas,Subgrupo proced.,mensal,2022-05,2022.0,0301 Consultas / Atendimentos / Acompanhamentos,,-,39,SIH03
AIH aprovadas,Subgrupo proced.,mensal,2022-05,2022.0,0303 Tratamentos clinicos (outras especialidades),265.0,265,39,SIH03
AIH aprovadas,Subgrupo proced.,mensal,2022-05,2022.0,0304 Tratamento em oncologia,2.0,2,39,SIH03
AIH aprovadas,Subgrupo proced.,mensal,2022-05,2022.0,0305 Tratamento em nefrologia,30.0,30,39,SIH03
AIH aprovadas,Subgrupo proced.,mensal,2022-05,2022.0,"0308 Tratamento de lesoes, envenenamentos e outros, decorrentes de causas externas",39.0,39,39,SIH03
AIH aprovadas,Subgrupo proced.,mensal,2022-05,2022.0,0310 Parto e nascimento,,-,39,SIH03
AIH aprovadas,Subgrupo proced.,mensal,2022-05,2022.0,"0401 Pequenas cirurgias e cirurgias de pele, tecido subcutaneo e mucosa",1.0,1,39,SIH03
AIH aprovadas,Subgrupo proced.,mensal,2022-05,2022.0,0402 Cirurgia de glandulas endocrinas,,-,39,SIH03
AIH aprovadas,Subgrupo proced.,mensal,2022-05,2022.0,0403 Cirurgia do sistema nervoso central e periferico,1.0,1,39,SIH03
AIH aprovadas,Subgrupo proced.,mensal,2022-05,2022.0,"0404 Cirurgia das vias aereas superiores, da face, da cabeca e do pescoco",,-,39,SIH03
AIH aprovadas,Subgrupo proced.,mensal,2022-05,2022.0,0406 Cirurgia do aparelho circulatorio,54.0,54,39,SIH03
AIH aprovadas,Subgrupo proced.,mensal,2022-05,2022.0,"0407 Cirurgia do aparelho digestivo, orgaos anexos e parede abdominal",,-,39,SIH03
AIH aprovadas,Subgrupo proced.,mensal,2022-05,2022.0,0408 Cirurgia do sistema osteomuscular,242.0,242,39,SIH03
AIH aprovadas,Subgrupo proced.,mensal,2022-05,2022.0,0409 Cirurgia do aparelho geniturinario,,-,39,SIH03
AIH aprovadas,Subgrupo proced.,mensal,2022-05,2022.0,0410 Cirurgia de mama,,-,39,SIH03
AIH aprovadas,Subgrupo proced.,mensal,2022-05,2022.0,0412 Cirurgia toracica,6.0,6,39,SIH03
AIH aprovadas,Subgrupo proced.,mensal,2022-05,2022.0,0413 Cirurgia reparadora,6.0,6,39,SIH03
AIH aprovadas,Subgrupo proced.,mensal,2022-05,2022.0,0415 Outras cirurgias,125.0,125,39,SIH03
AIH aprovadas,Subgrupo proced.,mensal,2022-05,2022.0,0503 Acoes relacionadas a doacao de orgaos e tecidos para transplante,,-,39,SIH03
AIH aprovadas,Subgrupo proced.,mensal,2022-05,2022.0,Total,771.0,771,39,SIH03
AIH aprovadas,Subgrupo proced.,mensal,2022-06,2022.0,0201 Coleta de material,,-,40,SIH03
AIH aprovadas,Subgrupo proced.,mensal,2022-06,2022.0,0301 Consultas / Atendimentos / Acompanhamentos,,-,40,SIH03
AIH aprovadas,Subgrupo proced.,mensal,2022-06,2022.0,0303 Tratamentos clinicos (outras especialidades),256.0,256,40,SIH03
AIH aprovadas,Subgrupo proced.,mensal,2022-06,2022.0,0304 Tratamento em oncologia,5.0,5,40,SIH03
AIH aprovadas,Subgrupo proced.,mensal,2022-06,2022.0,0305 Tratamento em nefrologia,22.0,22,40,SIH03
AIH aprovadas,Subgrupo proced.,mensal,2022-06,2022.0,"0308 Tratamento de lesoes, envenenamentos e outros, decorrentes de causas externas",29.0,29,40,SIH03
AIH aprovadas,Subgrupo proced.,mensal,2022-06,2022.0,0310 Parto e nascimento,,-,40,SIH03
AIH aprovadas,Subgrupo proced.,mensal,2022-06,2022.0,"0401 Pequenas cirurgias e cirurgias de pele, tecido subcutaneo e mucosa",2.0,2,40,SIH03
AIH aprovadas,Subgrupo proced.,mensal,2022-06,2022.0,0402 Cirurgia de glandulas endocrinas,,-,40,SIH03
AIH aprovadas,Subgrupo proced.,mensal,2022-06,2022.0,0403 Cirurgia do sistema nervoso central e periferico,1.0,1,40,SIH03
AIH aprovadas,Subgrupo proced.,mensal,2022-06,2022.0,"0404 Cirurgia das vias aereas superiores, da face, da cabeca e do pescoco",1.0,1,40,SIH03
AIH aprovadas,Subgrupo proced.,mensal,2022-06,2022.0,0406 Cirurgia do aparelho circulatorio,42.0,42,40,SIH03
AIH aprovadas,Subgrupo proced.,mensal,2022-06,2022.0,"0407 Cirurgia do aparelho digestivo, orgaos anexos e parede abdominal",4.0,4,40,SIH03
AIH aprovadas,Subgrupo proced.,mensal,2022-06,2022.0,0408 Cirurgia do sistema osteomuscular,224.0,224,40,SIH03
AIH aprovadas,Subgrupo proced.,mensal,2022-06,2022.0,0409 Cirurgia do aparelho geniturinario,1.0,1,40,SIH03
AIH aprovadas,Subgrupo proced.,mensal,2022-06,2022.0,0410 Cirurgia de mama,,-,40,SIH03
AIH aprovadas,Subgrupo proced.,mensal,2022-06,2022.0,0412 Cirurgia toracica,7.0,7,40,SIH03
AIH aprovadas,Subgrupo proced.,mensal,2022-06,2022.0,0413 Cirurgia reparadora,1.0,1,40,SIH03
AIH aprovadas,Subgrupo proced.,mensal,2022-06,2022.0,0415 Outras cirurgias,116.0,116,40,SIH03
AIH aprovadas,Subgrupo proced.,mensal,2022-06,2022.0,0503 Acoes relacionadas a doacao de orgaos e tecidos para transplante,,-,40,SIH03
AIH aprovadas,Subgrupo proced.,mensal,2022-06,2022.0,Total,711.0,711,40,SIH03
AIH aprovadas,Subgrupo proced.,mensal,2022-07,2022.0,0201 Coleta de material,,-,41,SIH03
AIH aprovadas,Subgrupo proced.,mensal,2022-07,2022.0,0301 Consultas / Atendimentos / Acompanhamentos,,-,41,SIH03
AIH aprovadas,Subgrupo proced.,mensal,2022-07,2022.0,0303 Tratamentos clinicos (outras especialidades),264.0,264,41,SIH03
AIH aprovadas,Subgrupo proced.,mensal,2022-07,2022.0,0304 Tratamento em oncologia,2.0,2,41,SIH03
AIH aprovadas,Subgrupo proced.,mensal,2022-07,2022.0,0305 Tratamento em nefrologia,31.0,31,41,SIH03
AIH aprovadas,Subgrupo proced.,mensal,2022-07,2022.0,"0308 Tratamento de lesoes, envenenamentos e outros, decorrentes de causas externas",35.0,35,41,SIH03
AIH aprovadas,Subgrupo proced.,mensal,2022-07,2022.0,0310 Parto e nascimento,,-,41,SIH03
AIH aprovadas,Subgrupo proced.,mensal,2022-07,2022.0,"0401 Pequenas cirurgias e cirurgias de pele, tecido subcutaneo e mucosa",2.0,2,41,SIH03
AIH aprovadas,Subgrupo proced.,mensal,2022-07,2022.0,0402 Cirurgia de glandulas endocrinas,,-,41,SIH03
AIH aprovadas,Subgrupo proced.,mensal,2022-07,2022.0,0403 Cirurgia do sistema nervoso central e periferico,,-,41,SIH03
AIH aprovadas,Subgrupo proced.,mensal,2022-07,2022.0,"0404 Cirurgia das vias aereas superiores, da face, da cabeca e do pescoco",,-,41,SIH03
AIH aprovadas,Subgrupo proced.,mensal,2022-07,2022.0,0406 Cirurgia do aparelho circulatorio,32.0,32,41,SIH03
AIH aprovadas,Subgrupo proced.,mensal,2022-07,2022.0,"0407 Cirurgia do aparelho digestivo, orgaos anexos e parede abdominal",8.0,8,41,SIH03
AIH aprovadas,Subgrupo proced.,mensal,2022-07,2022.0,0408 Cirurgia do sistema osteomuscular,283.0,283,41,SIH03
AIH aprovadas,Subgrupo proced.,mensal,2022-07,2022.0,0409 Cirurgia do aparelho geniturinario,,-,41,SIH03
AIH aprovadas,Subgrupo proced.,mensal,2022-07,2022.0,0410 Cirurgia de mama,,-,41,SIH03
AIH aprovadas,Subgrupo proced.,mensal,2022-07,2022.0,0412 Cirurgia toracica,4.0,4,41,SIH03
AIH aprovadas,Subgrupo proced.,mensal,2022-07,2022.0,0413 Cirurgia reparadora,4.0,4,41,SIH03
AIH aprovadas,Subgrupo proced.,mensal,2022-07,2022.0,0415 Outras cirurgias,128.0,128,41,SIH03
AIH aprovadas,Subgrupo proced.,mensal,2022-07,2022.0,0503 Acoes relacionadas a doacao de orgaos e tecidos para transplante,,-,41,SIH03
AIH aprovadas,Subgrupo proced.,mensal,2022-07,2022.0,Total,793.0,793,41,SIH03
AIH aprovadas,Subgrupo proced.,mensal,2022-08,2022.0,0201 Coleta de material,,-,42,SIH03
AIH aprovadas,Subgrupo proced.,mensal,2022-08,2022.0,0301 Consultas / Atendimentos / Acompanhamentos,1.0,1,42,SIH03
AIH aprovadas,Subgrupo proced.,mensal,2022-08,2022.0,0303 Tratamentos clinicos (outras especialidades),287.0,287,42,SIH03
AIH aprovadas,Subgrupo proced.,mensal,2022-08,2022.0,0304 Tratamento em oncologia,8.0,8,42,SIH03
AIH aprovadas,Subgrupo proced.,mensal,2022-08,2022.0,0305 Tratamento em nefrologia,23.0,23,42,SIH03
AIH aprovadas,Subgrupo proced.,mensal,2022-08,2022.0,"0308 Tratamento de lesoes, envenenamentos e outros, decorrentes de causas externas",26.0,26,42,SIH03
AIH aprovadas,Subgrupo proced.,mensal,2022-08,2022.0,0310 Parto e nascimento,,-,42,SIH03
AIH aprovadas,Subgrupo proced.,mensal,2022-08,2022.0,"0401 Pequenas cirurgias e cirurgias de pele, tecido subcutaneo e mucosa",2.0,2,42,SIH03
AIH aprovadas,Subgrupo proced.,mensal,2022-08,2022.0,0402 Cirurgia de glandulas endocrinas,,-,42,SIH03
AIH aprovadas,Subgrupo proced.,mensal,2022-08,2022.0,0403 Cirurgia do sistema nervoso central e periferico,,-,42,SIH03
AIH aprovadas,Subgrupo proced.,mensal,2022-08,2022.0,"0404 Cirurgia das vias aereas superiores, da face, da cabeca e do pescoco",,-,42,SIH03
AIH aprovadas,Subgrupo proced.,mensal,2022-08,2022.0,0406 Cirurgia do aparelho circulatorio,31.0,31,42,SIH03
AIH aprovadas,Subgrupo proced.,mensal,2022-08,2022.0,"0407 Cirurgia do aparelho digestivo, orgaos anexos e parede abdominal",4.0,4,42,SIH03
AIH aprovadas,Subgrupo proced.,mensal,2022-08,2022.0,0408 Cirurgia do sistema osteomuscular,247.0,247,42,SIH03
AIH aprovadas,Subgrupo proced.,mensal,2022-08,2022.0,0409 Cirurgia do aparelho geniturinario,2.0,2,42,SIH03
AIH aprovadas,Subgrupo proced.,mensal,2022-08,2022.0,0410 Cirurgia de mama,,-,42,SIH03
AIH aprovadas,Subgrupo proced.,mensal,2022-08,2022.0,0412 Cirurgia toracica,5.0,5,42,SIH03
AIH aprovadas,Subgrupo proced.,mensal,2022-08,2022.0,0413 Cirurgia reparadora,2.0,2,42,SIH03
AIH aprovadas,Subgrupo proced.,mensal,2022-08,2022.0,0415 Outras cirurgias,111.0,111,42,SIH03
AIH aprovadas,Subgrupo proced.,mensal,2022-08,2022.0,0503 Acoes relacionadas a doacao de orgaos e tecidos para transplante,,-,42,SIH03
AIH aprovadas,Subgrupo proced.,mensal,2022-08,2022.0,Total,749.0,749,42,SIH03
AIH aprovadas,Subgrupo proced.,mensal,2022-09,2022.0,0201 Coleta de material,,-,43,SIH03
AIH aprovadas,Subgrupo proced.,mensal,2022-09,2022.0,0301 Consultas / Atendimentos / Acompanhamentos,1.0,1,43,SIH03
AIH aprovadas,Subgrupo proced.,mensal,2022-09,2022.0,0303 Tratamentos clinicos (outras especialidades),259.0,259,43,SIH03
AIH aprovadas,Subgrupo proced.,mensal,2022-09,2022.0,0304 Tratamento em oncologia,1.0,1,43,SIH03
AIH aprovadas,Subgrupo proced.,mensal,2022-09,2022.0,0305 Tratamento em nefrologia,37.0,37,43,SIH03
AIH aprovadas,Subgrupo proced.,mensal,2022-09,2022.0,"0308 Tratamento de lesoes, envenenamentos e outros, decorrentes de causas externas",10.0,10,43,SIH03
AIH aprovadas,Subgrupo proced.,mensal,2022-09,2022.0,0310 Parto e nascimento,,-,43,SIH03
AIH aprovadas,Subgrupo proced.,mensal,2022-09,2022.0,"0401 Pequenas cirurgias e cirurgias de pele, tecido subcutaneo e mucosa",9.0,9,43,SIH03
AIH aprovadas,Subgrupo proced.,mensal,2022-09,2022.0,0402 Cirurgia de glandulas endocrinas,,-,43,SIH03
AIH aprovadas,Subgrupo proced.,mensal,2022-09,2022.0,0403 Cirurgia do sistema nervoso central e periferico,,-,43,SIH03
AIH aprovadas,Subgrupo proced.,mensal,2022-09,2022.0,"0404 Cirurgia das vias aereas superiores, da face, da cabeca e do pescoco",,-,43,SIH03
AIH aprovadas,Subgrupo proced.,mensal,2022-09,2022.0,0406 Cirurgia do aparelho circulatorio,55.0,55,43,SIH03
AIH aprovadas,Subgrupo proced.,mensal,2022-09,2022.0,"0407 Cirurgia do aparelho digestivo, orgaos anexos e parede abdominal",,-,43,SIH03
AIH aprovadas,Subgrupo proced.,mensal,2022-09,2022.0,0408 Cirurgia do sistema osteomuscular,209.0,209,43,SIH03
AIH aprovadas,Subgrupo proced.,mensal,2022-09,2022.0,0409 Cirurgia do aparelho geniturinario,,-,43,SIH03
AIH aprovadas,Subgrupo proced.,mensal,2022-09,2022.0,0410 Cirurgia de mama,,-,43,SIH03
AIH aprovadas,Subgrupo proced.,mensal,2022-09,2022.0,0412 Cirurgia toracica,6.0,6,43,SIH03
AIH aprovadas,Subgrupo proced.,mensal,2022-09,2022.0,0413 Cirurgia reparadora,2.0,2,43,SIH03
AIH aprovadas,Subgrupo proced.,mensal,2022-09,2022.0,0415 Outras cirurgias,158.0,158,43,SIH03
AIH aprovadas,Subgrupo proced.,mensal,2022-09,2022.0,0503 Acoes relacionadas a doacao de orgaos e tecidos para transplante,,-,43,SIH03
AIH aprovadas,Subgrupo proced.,mensal,2022-09,2022.0,Total,747.0,747,43,SIH03
AIH aprovadas,Subgrupo proced.,mensal,2022-10,2022.0,0201 Coleta de material,,-,44,SIH03
AIH aprovadas,Subgrupo proced.,mensal,2022-10,2022.0,0301 Consultas / Atendimentos / Acompanhamentos,,-,44,SIH03
AIH aprovadas,Subgrupo proced.,mensal,2022-10,2022.0,0303 Tratamentos clinicos (outras especialidades),224.0,224,44,SIH03
AIH aprovadas,Subgrupo proced.,mensal,2022-10,2022.0,0304 Tratamento em oncologia,4.0,4,44,SIH03
AIH aprovadas,Subgrupo proced.,mensal,2022-10,2022.0,0305 Tratamento em nefrologia,32.0,32,44,SIH03
AIH aprovadas,Subgrupo proced.,mensal,2022-10,2022.0,"0308 Tratamento de lesoes, envenenamentos e outros, decorrentes de causas externas",31.0,31,44,SIH03
AIH aprovadas,Subgrupo proced.,mensal,2022-10,2022.0,0310 Parto e nascimento,,-,44,SIH03
AIH aprovadas,Subgrupo proced.,mensal,2022-10,2022.0,"0401 Pequenas cirurgias e cirurgias de pele, tecido subcutaneo e mucosa",3.0,3,44,SIH03
AIH aprovadas,Subgrupo proced.,mensal,2022-10,2022.0,0402 Cirurgia de glandulas endocrinas,,-,44,SIH03
AIH aprovadas,Subgrupo proced.,mensal,2022-10,2022.0,0403 Cirurgia do sistema nervoso central e periferico,,-,44,SIH03
AIH aprovadas,Subgrupo proced.,mensal,2022-10,2022.0,"0404 Cirurgia das vias aereas superiores, da face, da cabeca e do pescoco",,-,44,SIH03
AIH aprovadas,Subgrupo proced.,mensal,2022-10,2022.0,0406 Cirurgia do aparelho circulatorio,22.0,22,44,SIH03
AIH aprovadas,Subgrupo proced.,mensal,2022-10,2022.0,"0407 Cirurgia do aparelho digestivo, orgaos anexos e parede abdominal",5.0,5,44,SIH03
AIH aprovadas,Subgrupo proced.,mensal,2022-10,2022.0,0408 Cirurgia do sistema osteomuscular,234.0,234,44,SIH03
AIH aprovadas,Subgrupo proced.,mensal,2022-10,2022.0,0409 Cirurgia do aparelho geniturinario,,-,44,SIH03
AIH aprovadas,Subgrupo proced.,mensal,2022-10,2022.0,0410 Cirurgia de mama,,-,44,SIH03
AIH aprovadas,Subgrupo proced.,mensal,2022-10,2022.0,0412 Cirurgia toracica,5.0,5,44,SIH03
AIH aprovadas,Subgrupo proced.,mensal,2022-10,2022.0,0413 Cirurgia reparadora,6.0,6,44,SIH03
AIH aprovadas,Subgrupo proced.,mensal,2022-10,2022.0,0415 Outras cirurgias,112.0,112,44,SIH03
AIH aprovadas,Subgrupo proced.,mensal,2022-10,2022.0,0503 Acoes relacionadas a doacao de orgaos e tecidos para transplante,,-,44,SIH03
AIH aprovadas,Subgrupo proced.,mensal,2022-10,2022.0,Total,678.0,678,44,SIH03
AIH aprovadas,Subgrupo proced.,mensal,2022-11,2022.0,0201 Coleta de material,,-,45,SIH03
AIH aprovadas,Subgrupo proced.,mensal,2022-11,2022.0,0301 Consultas / Atendimentos / Acompanhamentos,1.0,1,45,SIH03
AIH aprovadas,Subgrupo proced.,mensal,2022-11,2022.0,0303 Tratamentos clinicos (outras especialidades),179.0,179,45,SIH03
AIH aprovadas,Subgrupo proced.,mensal,2022-11,2022.0,0304 Tratamento em oncologia,2.0,2,45,SIH03
AIH aprovadas,Subgrupo proced.,mensal,2022-11,2022.0,0305 Tratamento em nefrologia,17.0,17,45,SIH03
AIH aprovadas,Subgrupo proced.,mensal,2022-11,2022.0,"0308 Tratamento de lesoes, envenenamentos e outros, decorrentes de causas externas",30.0,30,45,SIH03
AIH aprovadas,Subgrupo proced.,mensal,2022-11,2022.0,0310 Parto e nascimento,,-,45,SIH03
AIH aprovadas,Subgrupo proced.,mensal,2022-11,2022.0,"0401 Pequenas cirurgias e cirurgias de pele, tecido subcutaneo e mucosa",5.0,5,45,SIH03
AIH aprovadas,Subgrupo proced.,mensal,2022-11,2022.0,0402 Cirurgia de glandulas endocrinas,,-,45,SIH03
AIH aprovadas,Subgrupo proced.,mensal,2022-11,2022.0,0403 Cirurgia do sistema nervoso central e periferico,,-,45,SIH03
AIH aprovadas,Subgrupo proced.,mensal,2022-11,2022.0,"0404 Cirurgia das vias aereas superiores, da face, da cabeca e do pescoco",,-,45,SIH03
AIH aprovadas,Subgrupo proced.,mensal,2022-11,2022.0,0406 Cirurgia do aparelho circulatorio,20.0,20,45,SIH03
AIH aprovadas,Subgrupo proced.,mensal,2022-11,2022.0,"0407 Cirurgia do aparelho digestivo, orgaos anexos e parede abdominal",2.0,2,45,SIH03
AIH aprovadas,Subgrupo proced.,mensal,2022-11,2022.0,0408 Cirurgia do sistema osteomuscular,247.0,247,45,SIH03
AIH aprovadas,Subgrupo proced.,mensal,2022-11,2022.0,0409 Cirurgia do aparelho geniturinario,,-,45,SIH03
AIH aprovadas,Subgrupo proced.,mensal,2022-11,2022.0,0410 Cirurgia de mama,,-,45,SIH03
AIH aprovadas,Subgrupo proced.,mensal,2022-11,2022.0,0412 Cirurgia toracica,11.0,11,45,SIH03
AIH aprovadas,Subgrupo proced.,mensal,2022-11,2022.0,0413 Cirurgia reparadora,5.0,5,45,SIH03
AIH aprovadas,Subgrupo proced.,mensal,2022-11,2022.0,0415 Outras cirurgias,124.0,124,45,SIH03
AIH aprovadas,Subgrupo proced.,mensal,2022-11,2022.0,0503 Acoes relacionadas a doacao de orgaos e tecidos para transplante,,-,45,SIH03
AIH aprovadas,Subgrupo proced.,mensal,2022-11,2022.0,Total,643.0,643,45,SIH03
AIH aprovadas,Subgrupo proced.,mensal,2022-12,2022.0,0201 Coleta de material,,-,46,SIH03
AIH aprovadas,Subgrupo proced.,mensal,2022-12,2022.0,0301 Consultas / Atendimentos / Acompanhamentos,,-,46,SIH03
AIH aprovadas,Subgrupo proced.,mensal,2022-12,2022.0,0303 Tratamentos clinicos (outras especialidades),127.0,127,46,SIH03
AIH aprovadas,Subgrupo proced.,mensal,2022-12,2022.0,0304 Tratamento em oncologia,3.0,3,46,SIH03
AIH aprovadas,Subgrupo proced.,mensal,2022-12,2022.0,0305 Tratamento em nefrologia,22.0,22,46,SIH03
AIH aprovadas,Subgrupo proced.,mensal,2022-12,2022.0,"0308 Tratamento de lesoes, envenenamentos e outros, decorrentes de causas externas",26.0,26,46,SIH03
AIH aprovadas,Subgrupo proced.,mensal,2022-12,2022.0,0310 Parto e nascimento,,-,46,SIH03
AIH aprovadas,Subgrupo proced.,mensal,2022-12,2022.0,"0401 Pequenas cirurgias e cirurgias de pele, tecido subcutaneo e mucosa",3.0,3,46,SIH03
AIH aprovadas,Subgrupo proced.,mensal,2022-12,2022.0,0402 Cirurgia de glandulas endocrinas,,-,46,SIH03
AIH aprovadas,Subgrupo proced.,mensal,2022-12,2022.0,0403 Cirurgia do sistema nervoso central e periferico,,-,46,SIH03
AIH aprovadas,Subgrupo proced.,mensal,2022-12,2022.0,"0404 Cirurgia das vias aereas superiores, da face, da cabeca e do pescoco",,-,46,SIH03
AIH aprovadas,Subgrupo proced.,mensal,2022-12,2022.0,0406 Cirurgia do aparelho circulatorio,54.0,54,46,SIH03
AIH aprovadas,Subgrupo proced.,mensal,2022-12,2022.0,"0407 Cirurgia do aparelho digestivo, orgaos anexos e parede abdominal",3.0,3,46,SIH03
AIH aprovadas,Subgrupo proced.,mensal,2022-12,2022.0,0408 Cirurgia do sistema osteomuscular,258.0,258,46,SIH03
AIH aprovadas,Subgrupo proced.,mensal,2022-12,2022.0,0409 Cirurgia do aparelho geniturinario,,-,46,SIH03
AIH aprovadas,Subgrupo proced.,mensal,2022-12,2022.0,0410 Cirurgia de mama,,-,46,SIH03
AIH aprovadas,Subgrupo proced.,mensal,2022-12,2022.0,0412 Cirurgia toracica,3.0,3,46,SIH03
AIH aprovadas,Subgrupo proced.,mensal,2022-12,2022.0,0413 Cirurgia reparadora,2.0,2,46,SIH03
AIH aprovadas,Subgrupo proced.,mensal,2022-12,2022.0,0415 Outras cirurgias,149.0,149,46,SIH03
AIH aprovadas,Subgrupo proced.,mensal,2022-12,2022.0,0503 Acoes relacionadas a doacao de orgaos e tecidos para transplante,,-,46,SIH03
AIH aprovadas,Subgrupo proced.,mensal,2022-12,2022.0,Total,650.0,650,46,SIH03
AIH aprovadas,Subgrupo proced.,ano_publicado,,2023.0,0201 Coleta de material,,-,47,SIH03
AIH aprovadas,Subgrupo proced.,ano_publicado,,2023.0,0301 Consultas / Atendimentos / Acompanhamentos,2.0,2,47,SIH03
AIH aprovadas,Subgrupo proced.,ano_publicado,,2023.0,0303 Tratamentos clinicos (outras especialidades),2386.0,2386,47,SIH03
AIH aprovadas,Subgrupo proced.,ano_publicado,,2023.0,0304 Tratamento em oncologia,31.0,31,47,SIH03
AIH aprovadas,Subgrupo proced.,ano_publicado,,2023.0,0305 Tratamento em nefrologia,244.0,244,47,SIH03
AIH aprovadas,Subgrupo proced.,ano_publicado,,2023.0,"0308 Tratamento de lesoes, envenenamentos e outros, decorrentes de causas externas",235.0,235,47,SIH03
AIH aprovadas,Subgrupo proced.,ano_publicado,,2023.0,0310 Parto e nascimento,,-,47,SIH03
AIH aprovadas,Subgrupo proced.,ano_publicado,,2023.0,"0401 Pequenas cirurgias e cirurgias de pele, tecido subcutaneo e mucosa",23.0,23,47,SIH03
AIH aprovadas,Subgrupo proced.,ano_publicado,,2023.0,0402 Cirurgia de glandulas endocrinas,,-,47,SIH03
AIH aprovadas,Subgrupo proced.,ano_publicado,,2023.0,0403 Cirurgia do sistema nervoso central e periferico,2.0,2,47,SIH03
AIH aprovadas,Subgrupo proced.,ano_publicado,,2023.0,"0404 Cirurgia das vias aereas superiores, da face, da cabeca e do pescoco",2.0,2,47,SIH03
AIH aprovadas,Subgrupo proced.,ano_publicado,,2023.0,0406 Cirurgia do aparelho circulatorio,427.0,427,47,SIH03
AIH aprovadas,Subgrupo proced.,ano_publicado,,2023.0,"0407 Cirurgia do aparelho digestivo, orgaos anexos e parede abdominal",25.0,25,47,SIH03
AIH aprovadas,Subgrupo proced.,ano_publicado,,2023.0,0408 Cirurgia do sistema osteomuscular,2690.0,2690,47,SIH03
AIH aprovadas,Subgrupo proced.,ano_publicado,,2023.0,0409 Cirurgia do aparelho geniturinario,9.0,9,47,SIH03
AIH aprovadas,Subgrupo proced.,ano_publicado,,2023.0,0410 Cirurgia de mama,,-,47,SIH03
AIH aprovadas,Subgrupo proced.,ano_publicado,,2023.0,0412 Cirurgia toracica,70.0,70,47,SIH03
AIH aprovadas,Subgrupo proced.,ano_publicado,,2023.0,0413 Cirurgia reparadora,33.0,33,47,SIH03
AIH aprovadas,Subgrupo proced.,ano_publicado,,2023.0,0415 Outras cirurgias,1728.0,1728,47,SIH03
AIH aprovadas,Subgrupo proced.,ano_publicado,,2023.0,0503 Acoes relacionadas a doacao de orgaos e tecidos para transplante,,-,47,SIH03
AIH aprovadas,Subgrupo proced.,ano_publicado,,2023.0,Total,7907.0,7907,47,SIH03
AIH aprovadas,Subgrupo proced.,mensal,2023-01,2023.0,0201 Coleta de material,,-,48,SIH03
AIH aprovadas,Subgrupo proced.,mensal,2023-01,2023.0,0301 Consultas / Atendimentos / Acompanhamentos,,-,48,SIH03
AIH aprovadas,Subgrupo proced.,mensal,2023-01,2023.0,0303 Tratamentos clinicos (outras especialidades),215.0,215,48,SIH03
AIH aprovadas,Subgrupo proced.,mensal,2023-01,2023.0,0304 Tratamento em oncologia,3.0,3,48,SIH03
AIH aprovadas,Subgrupo proced.,mensal,2023-01,2023.0,0305 Tratamento em nefrologia,31.0,31,48,SIH03
AIH aprovadas,Subgrupo proced.,mensal,2023-01,2023.0,"0308 Tratamento de lesoes, envenenamentos e outros, decorrentes de causas externas",32.0,32,48,SIH03
AIH aprovadas,Subgrupo proced.,mensal,2023-01,2023.0,0310 Parto e nascimento,,-,48,SIH03
AIH aprovadas,Subgrupo proced.,mensal,2023-01,2023.0,"0401 Pequenas cirurgias e cirurgias de pele, tecido subcutaneo e mucosa",3.0,3,48,SIH03
AIH aprovadas,Subgrupo proced.,mensal,2023-01,2023.0,0402 Cirurgia de glandulas endocrinas,,-,48,SIH03
AIH aprovadas,Subgrupo proced.,mensal,2023-01,2023.0,0403 Cirurgia do sistema nervoso central e periferico,,-,48,SIH03
AIH aprovadas,Subgrupo proced.,mensal,2023-01,2023.0,"0404 Cirurgia das vias aereas superiores, da face, da cabeca e do pescoco",,-,48,SIH03
AIH aprovadas,Subgrupo proced.,mensal,2023-01,2023.0,0406 Cirurgia do aparelho circulatorio,40.0,40,48,SIH03
AIH aprovadas,Subgrupo proced.,mensal,2023-01,2023.0,"0407 Cirurgia do aparelho digestivo, orgaos anexos e parede abdominal",3.0,3,48,SIH03
AIH aprovadas,Subgrupo proced.,mensal,2023-01,2023.0,0408 Cirurgia do sistema osteomuscular,228.0,228,48,SIH03
AIH aprovadas,Subgrupo proced.,mensal,2023-01,2023.0,0409 Cirurgia do aparelho geniturinario,,-,48,SIH03
AIH aprovadas,Subgrupo proced.,mensal,2023-01,2023.0,0410 Cirurgia de mama,,-,48,SIH03
AIH aprovadas,Subgrupo proced.,mensal,2023-01,2023.0,0412 Cirurgia toracica,9.0,9,48,SIH03
AIH aprovadas,Subgrupo proced.,mensal,2023-01,2023.0,0413 Cirurgia reparadora,,-,48,SIH03
AIH aprovadas,Subgrupo proced.,mensal,2023-01,2023.0,0415 Outras cirurgias,167.0,167,48,SIH03
AIH aprovadas,Subgrupo proced.,mensal,2023-01,2023.0,0503 Acoes relacionadas a doacao de orgaos e tecidos para transplante,,-,48,SIH03
AIH aprovadas,Subgrupo proced.,mensal,2023-01,2023.0,Total,731.0,731,48,SIH03
AIH aprovadas,Subgrupo proced.,mensal,2023-02,2023.0,0201 Coleta de material,,-,49,SIH03
AIH aprovadas,Subgrupo proced.,mensal,2023-02,2023.0,0301 Consultas / Atendimentos / Acompanhamentos,,-,49,SIH03
AIH aprovadas,Subgrupo proced.,mensal,2023-02,2023.0,0303 Tratamentos clinicos (outras especialidades),200.0,200,49,SIH03
AIH aprovadas,Subgrupo proced.,mensal,2023-02,2023.0,0304 Tratamento em oncologia,4.0,4,49,SIH03
AIH aprovadas,Subgrupo proced.,mensal,2023-02,2023.0,0305 Tratamento em nefrologia,19.0,19,49,SIH03
AIH aprovadas,Subgrupo proced.,mensal,2023-02,2023.0,"0308 Tratamento de lesoes, envenenamentos e outros, decorrentes de causas externas",16.0,16,49,SIH03
AIH aprovadas,Subgrupo proced.,mensal,2023-02,2023.0,0310 Parto e nascimento,,-,49,SIH03
AIH aprovadas,Subgrupo proced.,mensal,2023-02,2023.0,"0401 Pequenas cirurgias e cirurgias de pele, tecido subcutaneo e mucosa",1.0,1,49,SIH03
AIH aprovadas,Subgrupo proced.,mensal,2023-02,2023.0,0402 Cirurgia de glandulas endocrinas,,-,49,SIH03
AIH aprovadas,Subgrupo proced.,mensal,2023-02,2023.0,0403 Cirurgia do sistema nervoso central e periferico,,-,49,SIH03
AIH aprovadas,Subgrupo proced.,mensal,2023-02,2023.0,"0404 Cirurgia das vias aereas superiores, da face, da cabeca e do pescoco",,-,49,SIH03
AIH aprovadas,Subgrupo proced.,mensal,2023-02,2023.0,0406 Cirurgia do aparelho circulatorio,42.0,42,49,SIH03
AIH aprovadas,Subgrupo proced.,mensal,2023-02,2023.0,"0407 Cirurgia do aparelho digestivo, orgaos anexos e parede abdominal",2.0,2,49,SIH03
AIH aprovadas,Subgrupo proced.,mensal,2023-02,2023.0,0408 Cirurgia do sistema osteomuscular,215.0,215,49,SIH03
AIH aprovadas,Subgrupo proced.,mensal,2023-02,2023.0,0409 Cirurgia do aparelho geniturinario,,-,49,SIH03
AIH aprovadas,Subgrupo proced.,mensal,2023-02,2023.0,0410 Cirurgia de mama,,-,49,SIH03
AIH aprovadas,Subgrupo proced.,mensal,2023-02,2023.0,0412 Cirurgia toracica,10.0,10,49,SIH03
AIH aprovadas,Subgrupo proced.,mensal,2023-02,2023.0,0413 Cirurgia reparadora,1.0,1,49,SIH03
AIH aprovadas,Subgrupo proced.,mensal,2023-02,2023.0,0415 Outras cirurgias,139.0,139,49,SIH03
AIH aprovadas,Subgrupo proced.,mensal,2023-02,2023.0,0503 Acoes relacionadas a doacao de orgaos e tecidos para transplante,,-,49,SIH03
AIH aprovadas,Subgrupo proced.,mensal,2023-02,2023.0,Total,649.0,649,49,SIH03
AIH aprovadas,Subgrupo proced.,mensal,2023-03,2023.0,0201 Coleta de material,,-,50,SIH03
AIH aprovadas,Subgrupo proced.,mensal,2023-03,2023.0,0301 Consultas / Atendimentos / Acompanhamentos,1.0,1,50,SIH03
AIH aprovadas,Subgrupo proced.,mensal,2023-03,2023.0,0303 Tratamentos clinicos (outras especialidades),179.0,179,50,SIH03
AIH aprovadas,Subgrupo proced.,mensal,2023-03,2023.0,0304 Tratamento em oncologia,3.0,3,50,SIH03
AIH aprovadas,Subgrupo proced.,mensal,2023-03,2023.0,0305 Tratamento em nefrologia,23.0,23,50,SIH03
AIH aprovadas,Subgrupo proced.,mensal,2023-03,2023.0,"0308 Tratamento de lesoes, envenenamentos e outros, decorrentes de causas externas",20.0,20,50,SIH03
AIH aprovadas,Subgrupo proced.,mensal,2023-03,2023.0,0310 Parto e nascimento,,-,50,SIH03
AIH aprovadas,Subgrupo proced.,mensal,2023-03,2023.0,"0401 Pequenas cirurgias e cirurgias de pele, tecido subcutaneo e mucosa",5.0,5,50,SIH03
AIH aprovadas,Subgrupo proced.,mensal,2023-03,2023.0,0402 Cirurgia de glandulas endocrinas,,-,50,SIH03
AIH aprovadas,Subgrupo proced.,mensal,2023-03,2023.0,0403 Cirurgia do sistema nervoso central e periferico,,-,50,SIH03
AIH aprovadas,Subgrupo proced.,mensal,2023-03,2023.0,"0404 Cirurgia das vias aereas superiores, da face, da cabeca e do pescoco",,-,50,SIH03
AIH aprovadas,Subgrupo proced.,mensal,2023-03,2023.0,0406 Cirurgia do aparelho circulatorio,34.0,34,50,SIH03
AIH aprovadas,Subgrupo proced.,mensal,2023-03,2023.0,"0407 Cirurgia do aparelho digestivo, orgaos anexos e parede abdominal",3.0,3,50,SIH03
AIH aprovadas,Subgrupo proced.,mensal,2023-03,2023.0,0408 Cirurgia do sistema osteomuscular,250.0,250,50,SIH03
AIH aprovadas,Subgrupo proced.,mensal,2023-03,2023.0,0409 Cirurgia do aparelho geniturinario,1.0,1,50,SIH03
AIH aprovadas,Subgrupo proced.,mensal,2023-03,2023.0,0410 Cirurgia de mama,,-,50,SIH03
AIH aprovadas,Subgrupo proced.,mensal,2023-03,2023.0,0412 Cirurgia toracica,4.0,4,50,SIH03
AIH aprovadas,Subgrupo proced.,mensal,2023-03,2023.0,0413 Cirurgia reparadora,5.0,5,50,SIH03
AIH aprovadas,Subgrupo proced.,mensal,2023-03,2023.0,0415 Outras cirurgias,146.0,146,50,SIH03
AIH aprovadas,Subgrupo proced.,mensal,2023-03,2023.0,0503 Acoes relacionadas a doacao de orgaos e tecidos para transplante,,-,50,SIH03
AIH aprovadas,Subgrupo proced.,mensal,2023-03,2023.0,Total,674.0,674,50,SIH03
AIH aprovadas,Subgrupo proced.,mensal,2023-04,2023.0,0201 Coleta de material,,-,51,SIH03
AIH aprovadas,Subgrupo proced.,mensal,2023-04,2023.0,0301 Consultas / Atendimentos / Acompanhamentos,,-,51,SIH03
AIH aprovadas,Subgrupo proced.,mensal,2023-04,2023.0,0303 Tratamentos clinicos (outras especialidades),154.0,154,51,SIH03
AIH aprovadas,Subgrupo proced.,mensal,2023-04,2023.0,0304 Tratamento em oncologia,2.0,2,51,SIH03
AIH aprovadas,Subgrupo proced.,mensal,2023-04,2023.0,0305 Tratamento em nefrologia,24.0,24,51,SIH03
AIH aprovadas,Subgrupo proced.,mensal,2023-04,2023.0,"0308 Tratamento de lesoes, envenenamentos e outros, decorrentes de causas externas",22.0,22,51,SIH03
AIH aprovadas,Subgrupo proced.,mensal,2023-04,2023.0,0310 Parto e nascimento,,-,51,SIH03
AIH aprovadas,Subgrupo proced.,mensal,2023-04,2023.0,"0401 Pequenas cirurgias e cirurgias de pele, tecido subcutaneo e mucosa",,-,51,SIH03
AIH aprovadas,Subgrupo proced.,mensal,2023-04,2023.0,0402 Cirurgia de glandulas endocrinas,,-,51,SIH03
AIH aprovadas,Subgrupo proced.,mensal,2023-04,2023.0,0403 Cirurgia do sistema nervoso central e periferico,,-,51,SIH03
AIH aprovadas,Subgrupo proced.,mensal,2023-04,2023.0,"0404 Cirurgia das vias aereas superiores, da face, da cabeca e do pescoco",2.0,2,51,SIH03
AIH aprovadas,Subgrupo proced.,mensal,2023-04,2023.0,0406 Cirurgia do aparelho circulatorio,50.0,50,51,SIH03
AIH aprovadas,Subgrupo proced.,mensal,2023-04,2023.0,"0407 Cirurgia do aparelho digestivo, orgaos anexos e parede abdominal",2.0,2,51,SIH03
AIH aprovadas,Subgrupo proced.,mensal,2023-04,2023.0,0408 Cirurgia do sistema osteomuscular,178.0,178,51,SIH03
AIH aprovadas,Subgrupo proced.,mensal,2023-04,2023.0,0409 Cirurgia do aparelho geniturinario,,-,51,SIH03
AIH aprovadas,Subgrupo proced.,mensal,2023-04,2023.0,0410 Cirurgia de mama,,-,51,SIH03
AIH aprovadas,Subgrupo proced.,mensal,2023-04,2023.0,0412 Cirurgia toracica,4.0,4,51,SIH03
AIH aprovadas,Subgrupo proced.,mensal,2023-04,2023.0,0413 Cirurgia reparadora,3.0,3,51,SIH03
AIH aprovadas,Subgrupo proced.,mensal,2023-04,2023.0,0415 Outras cirurgias,117.0,117,51,SIH03
AIH aprovadas,Subgrupo proced.,mensal,2023-04,2023.0,0503 Acoes relacionadas a doacao de orgaos e tecidos para transplante,,-,51,SIH03
AIH aprovadas,Subgrupo proced.,mensal,2023-04,2023.0,Total,558.0,558,51,SIH03
AIH aprovadas,Subgrupo proced.,mensal,2023-05,2023.0,0201 Coleta de material,,-,52,SIH03
AIH aprovadas,Subgrupo proced.,mensal,2023-05,2023.0,0301 Consultas / Atendimentos / Acompanhamentos,,-,52,SIH03
AIH aprovadas,Subgrupo proced.,mensal,2023-05,2023.0,0303 Tratamentos clinicos (outras especialidades),204.0,204,52,SIH03
AIH aprovadas,Subgrupo proced.,mensal,2023-05,2023.0,0304 Tratamento em oncologia,6.0,6,52,SIH03
AIH aprovadas,Subgrupo proced.,mensal,2023-05,2023.0,0305 Tratamento em nefrologia,28.0,28,52,SIH03
AIH aprovadas,Subgrupo proced.,mensal,2023-05,2023.0,"0308 Tratamento de lesoes, envenenamentos e outros, decorrentes de causas externas",23.0,23,52,SIH03
AIH aprovadas,Subgrupo proced.,mensal,2023-05,2023.0,0310 Parto e nascimento,,-,52,SIH03
AIH aprovadas,Subgrupo proced.,mensal,2023-05,2023.0,"0401 Pequenas cirurgias e cirurgias de pele, tecido subcutaneo e mucosa",3.0,3,52,SIH03
AIH aprovadas,Subgrupo proced.,mensal,2023-05,2023.0,0402 Cirurgia de glandulas endocrinas,,-,52,SIH03
AIH aprovadas,Subgrupo proced.,mensal,2023-05,2023.0,0403 Cirurgia do sistema nervoso central e periferico,,-,52,SIH03
AIH aprovadas,Subgrupo proced.,mensal,2023-05,2023.0,"0404 Cirurgia das vias aereas superiores, da face, da cabeca e do pescoco",,-,52,SIH03
AIH aprovadas,Subgrupo proced.,mensal,2023-05,2023.0,0406 Cirurgia do aparelho circulatorio,14.0,14,52,SIH03
AIH aprovadas,Subgrupo proced.,mensal,2023-05,2023.0,"0407 Cirurgia do aparelho digestivo, orgaos anexos e parede abdominal",,-,52,SIH03
AIH aprovadas,Subgrupo proced.,mensal,2023-05,2023.0,0408 Cirurgia do sistema osteomuscular,92.0,92,52,SIH03
AIH aprovadas,Subgrupo proced.,mensal,2023-05,2023.0,0409 Cirurgia do aparelho geniturinario,,-,52,SIH03
AIH aprovadas,Subgrupo proced.,mensal,2023-05,2023.0,0410 Cirurgia de mama,,-,52,SIH03
AIH aprovadas,Subgrupo proced.,mensal,2023-05,2023.0,0412 Cirurgia toracica,7.0,7,52,SIH03
AIH aprovadas,Subgrupo proced.,mensal,2023-05,2023.0,0413 Cirurgia reparadora,,-,52,SIH03
AIH aprovadas,Subgrupo proced.,mensal,2023-05,2023.0,0415 Outras cirurgias,65.0,65,52,SIH03
AIH aprovadas,Subgrupo proced.,mensal,2023-05,2023.0,0503 Acoes relacionadas a doacao de orgaos e tecidos para transplante,,-,52,SIH03
AIH aprovadas,Subgrupo proced.,mensal,2023-05,2023.0,Total,442.0,442,52,SIH03
AIH aprovadas,Subgrupo proced.,mensal,2023-06,2023.0,0201 Coleta de material,,-,53,SIH03
AIH aprovadas,Subgrupo proced.,mensal,2023-06,2023.0,0301 Consultas / Atendimentos / Acompanhamentos,,-,53,SIH03
AIH aprovadas,Subgrupo proced.,mensal,2023-06,2023.0,0303 Tratamentos clinicos (outras especialidades),205.0,205,53,SIH03
AIH aprovadas,Subgrupo proced.,mensal,2023-06,2023.0,0304 Tratamento em oncologia,3.0,3,53,SIH03
AIH aprovadas,Subgrupo proced.,mensal,2023-06,2023.0,0305 Tratamento em nefrologia,21.0,21,53,SIH03
AIH aprovadas,Subgrupo proced.,mensal,2023-06,2023.0,"0308 Tratamento de lesoes, envenenamentos e outros, decorrentes de causas externas",15.0,15,53,SIH03
AIH aprovadas,Subgrupo proced.,mensal,2023-06,2023.0,0310 Parto e nascimento,,-,53,SIH03
AIH aprovadas,Subgrupo proced.,mensal,2023-06,2023.0,"0401 Pequenas cirurgias e cirurgias de pele, tecido subcutaneo e mucosa",1.0,1,53,SIH03
AIH aprovadas,Subgrupo proced.,mensal,2023-06,2023.0,0402 Cirurgia de glandulas endocrinas,,-,53,SIH03
AIH aprovadas,Subgrupo proced.,mensal,2023-06,2023.0,0403 Cirurgia do sistema nervoso central e periferico,,-,53,SIH03
AIH aprovadas,Subgrupo proced.,mensal,2023-06,2023.0,"0404 Cirurgia das vias aereas superiores, da face, da cabeca e do pescoco",,-,53,SIH03
AIH aprovadas,Subgrupo proced.,mensal,2023-06,2023.0,0406 Cirurgia do aparelho circulatorio,27.0,27,53,SIH03
AIH aprovadas,Subgrupo proced.,mensal,2023-06,2023.0,"0407 Cirurgia do aparelho digestivo, orgaos anexos e parede abdominal",,-,53,SIH03
AIH aprovadas,Subgrupo proced.,mensal,2023-06,2023.0,0408 Cirurgia do sistema osteomuscular,226.0,226,53,SIH03
AIH aprovadas,Subgrupo proced.,mensal,2023-06,2023.0,0409 Cirurgia do aparelho geniturinario,,-,53,SIH03
AIH aprovadas,Subgrupo proced.,mensal,2023-06,2023.0,0410 Cirurgia de mama,,-,53,SIH03
AIH aprovadas,Subgrupo proced.,mensal,2023-06,2023.0,0412 Cirurgia toracica,4.0,4,53,SIH03
AIH aprovadas,Subgrupo proced.,mensal,2023-06,2023.0,0413 Cirurgia reparadora,2.0,2,53,SIH03
AIH aprovadas,Subgrupo proced.,mensal,2023-06,2023.0,0415 Outras cirurgias,115.0,115,53,SIH03
AIH aprovadas,Subgrupo proced.,mensal,2023-06,2023.0,0503 Acoes relacionadas a doacao de orgaos e tecidos para transplante,,-,53,SIH03
AIH aprovadas,Subgrupo proced.,mensal,2023-06,2023.0,Total,619.0,619,53,SIH03
AIH aprovadas,Subgrupo proced.,mensal,2023-07,2023.0,0201 Coleta de material,,-,54,SIH03
AIH aprovadas,Subgrupo proced.,mensal,2023-07,2023.0,0301 Consultas / Atendimentos / Acompanhamentos,,-,54,SIH03
AIH aprovadas,Subgrupo proced.,mensal,2023-07,2023.0,0303 Tratamentos clinicos (outras especialidades),242.0,242,54,SIH03
AIH aprovadas,Subgrupo proced.,mensal,2023-07,2023.0,0304 Tratamento em oncologia,2.0,2,54,SIH03
AIH aprovadas,Subgrupo proced.,mensal,2023-07,2023.0,0305 Tratamento em nefrologia,15.0,15,54,SIH03
AIH aprovadas,Subgrupo proced.,mensal,2023-07,2023.0,"0308 Tratamento de lesoes, envenenamentos e outros, decorrentes de causas externas",15.0,15,54,SIH03
AIH aprovadas,Subgrupo proced.,mensal,2023-07,2023.0,0310 Parto e nascimento,,-,54,SIH03
AIH aprovadas,Subgrupo proced.,mensal,2023-07,2023.0,"0401 Pequenas cirurgias e cirurgias de pele, tecido subcutaneo e mucosa",1.0,1,54,SIH03
AIH aprovadas,Subgrupo proced.,mensal,2023-07,2023.0,0402 Cirurgia de glandulas endocrinas,,-,54,SIH03
AIH aprovadas,Subgrupo proced.,mensal,2023-07,2023.0,0403 Cirurgia do sistema nervoso central e periferico,,-,54,SIH03
AIH aprovadas,Subgrupo proced.,mensal,2023-07,2023.0,"0404 Cirurgia das vias aereas superiores, da face, da cabeca e do pescoco",,-,54,SIH03
AIH aprovadas,Subgrupo proced.,mensal,2023-07,2023.0,0406 Cirurgia do aparelho circulatorio,34.0,34,54,SIH03
AIH aprovadas,Subgrupo proced.,mensal,2023-07,2023.0,"0407 Cirurgia do aparelho digestivo, orgaos anexos e parede abdominal",3.0,3,54,SIH03
AIH aprovadas,Subgrupo proced.,mensal,2023-07,2023.0,0408 Cirurgia do sistema osteomuscular,239.0,239,54,SIH03
AIH aprovadas,Subgrupo proced.,mensal,2023-07,2023.0,0409 Cirurgia do aparelho geniturinario,3.0,3,54,SIH03
AIH aprovadas,Subgrupo proced.,mensal,2023-07,2023.0,0410 Cirurgia de mama,,-,54,SIH03
AIH aprovadas,Subgrupo proced.,mensal,2023-07,2023.0,0412 Cirurgia toracica,3.0,3,54,SIH03
AIH aprovadas,Subgrupo proced.,mensal,2023-07,2023.0,0413 Cirurgia reparadora,10.0,10,54,SIH03
AIH aprovadas,Subgrupo proced.,mensal,2023-07,2023.0,0415 Outras cirurgias,122.0,122,54,SIH03
AIH aprovadas,Subgrupo proced.,mensal,2023-07,2023.0,0503 Acoes relacionadas a doacao de orgaos e tecidos para transplante,,-,54,SIH03
AIH aprovadas,Subgrupo proced.,mensal,2023-07,2023.0,Total,689.0,689,54,SIH03
AIH aprovadas,Subgrupo proced.,mensal,2023-08,2023.0,0201 Coleta de material,,-,55,SIH03
AIH aprovadas,Subgrupo proced.,mensal,2023-08,2023.0,0301 Consultas / Atendimentos / Acompanhamentos,,-,55,SIH03
AIH aprovadas,Subgrupo proced.,mensal,2023-08,2023.0,0303 Tratamentos clinicos (outras especialidades),244.0,244,55,SIH03
AIH aprovadas,Subgrupo proced.,mensal,2023-08,2023.0,0304 Tratamento em oncologia,4.0,4,55,SIH03
AIH aprovadas,Subgrupo proced.,mensal,2023-08,2023.0,0305 Tratamento em nefrologia,21.0,21,55,SIH03
AIH aprovadas,Subgrupo proced.,mensal,2023-08,2023.0,"0308 Tratamento de lesoes, envenenamentos e outros, decorrentes de causas externas",14.0,14,55,SIH03
AIH aprovadas,Subgrupo proced.,mensal,2023-08,2023.0,0310 Parto e nascimento,,-,55,SIH03
AIH aprovadas,Subgrupo proced.,mensal,2023-08,2023.0,"0401 Pequenas cirurgias e cirurgias de pele, tecido subcutaneo e mucosa",2.0,2,55,SIH03
AIH aprovadas,Subgrupo proced.,mensal,2023-08,2023.0,0402 Cirurgia de glandulas endocrinas,,-,55,SIH03
AIH aprovadas,Subgrupo proced.,mensal,2023-08,2023.0,0403 Cirurgia do sistema nervoso central e periferico,1.0,1,55,SIH03
AIH aprovadas,Subgrupo proced.,mensal,2023-08,2023.0,"0404 Cirurgia das vias aereas superiores, da face, da cabeca e do pescoco",,-,55,SIH03
AIH aprovadas,Subgrupo proced.,mensal,2023-08,2023.0,0406 Cirurgia do aparelho circulatorio,47.0,47,55,SIH03
AIH aprovadas,Subgrupo proced.,mensal,2023-08,2023.0,"0407 Cirurgia do aparelho digestivo, orgaos anexos e parede abdominal",1.0,1,55,SIH03
AIH aprovadas,Subgrupo proced.,mensal,2023-08,2023.0,0408 Cirurgia do sistema osteomuscular,277.0,277,55,SIH03
AIH aprovadas,Subgrupo proced.,mensal,2023-08,2023.0,0409 Cirurgia do aparelho geniturinario,1.0,1,55,SIH03
AIH aprovadas,Subgrupo proced.,mensal,2023-08,2023.0,0410 Cirurgia de mama,,-,55,SIH03
AIH aprovadas,Subgrupo proced.,mensal,2023-08,2023.0,0412 Cirurgia toracica,9.0,9,55,SIH03
AIH aprovadas,Subgrupo proced.,mensal,2023-08,2023.0,0413 Cirurgia reparadora,2.0,2,55,SIH03
AIH aprovadas,Subgrupo proced.,mensal,2023-08,2023.0,0415 Outras cirurgias,177.0,177,55,SIH03
AIH aprovadas,Subgrupo proced.,mensal,2023-08,2023.0,0503 Acoes relacionadas a doacao de orgaos e tecidos para transplante,,-,55,SIH03
AIH aprovadas,Subgrupo proced.,mensal,2023-08,2023.0,Total,800.0,800,55,SIH03
AIH aprovadas,Subgrupo proced.,mensal,2023-09,2023.0,0201 Coleta de material,,-,56,SIH03
AIH aprovadas,Subgrupo proced.,mensal,2023-09,2023.0,0301 Consultas / Atendimentos / Acompanhamentos,,-,56,SIH03
AIH aprovadas,Subgrupo proced.,mensal,2023-09,2023.0,0303 Tratamentos clinicos (outras especialidades),185.0,185,56,SIH03
AIH aprovadas,Subgrupo proced.,mensal,2023-09,2023.0,0304 Tratamento em oncologia,,-,56,SIH03
AIH aprovadas,Subgrupo proced.,mensal,2023-09,2023.0,0305 Tratamento em nefrologia,15.0,15,56,SIH03
AIH aprovadas,Subgrupo proced.,mensal,2023-09,2023.0,"0308 Tratamento de lesoes, envenenamentos e outros, decorrentes de causas externas",23.0,23,56,SIH03
AIH aprovadas,Subgrupo proced.,mensal,2023-09,2023.0,0310 Parto e nascimento,,-,56,SIH03
AIH aprovadas,Subgrupo proced.,mensal,2023-09,2023.0,"0401 Pequenas cirurgias e cirurgias de pele, tecido subcutaneo e mucosa",3.0,3,56,SIH03
AIH aprovadas,Subgrupo proced.,mensal,2023-09,2023.0,0402 Cirurgia de glandulas endocrinas,,-,56,SIH03
AIH aprovadas,Subgrupo proced.,mensal,2023-09,2023.0,0403 Cirurgia do sistema nervoso central e periferico,,-,56,SIH03
AIH aprovadas,Subgrupo proced.,mensal,2023-09,2023.0,"0404 Cirurgia das vias aereas superiores, da face, da cabeca e do pescoco",,-,56,SIH03
AIH aprovadas,Subgrupo proced.,mensal,2023-09,2023.0,0406 Cirurgia do aparelho circulatorio,36.0,36,56,SIH03
AIH aprovadas,Subgrupo proced.,mensal,2023-09,2023.0,"0407 Cirurgia do aparelho digestivo, orgaos anexos e parede abdominal",4.0,4,56,SIH03
AIH aprovadas,Subgrupo proced.,mensal,2023-09,2023.0,0408 Cirurgia do sistema osteomuscular,230.0,230,56,SIH03
AIH aprovadas,Subgrupo proced.,mensal,2023-09,2023.0,0409 Cirurgia do aparelho geniturinario,2.0,2,56,SIH03
AIH aprovadas,Subgrupo proced.,mensal,2023-09,2023.0,0410 Cirurgia de mama,,-,56,SIH03
AIH aprovadas,Subgrupo proced.,mensal,2023-09,2023.0,0412 Cirurgia toracica,4.0,4,56,SIH03
AIH aprovadas,Subgrupo proced.,mensal,2023-09,2023.0,0413 Cirurgia reparadora,3.0,3,56,SIH03
AIH aprovadas,Subgrupo proced.,mensal,2023-09,2023.0,0415 Outras cirurgias,166.0,166,56,SIH03
AIH aprovadas,Subgrupo proced.,mensal,2023-09,2023.0,0503 Acoes relacionadas a doacao de orgaos e tecidos para transplante,,-,56,SIH03
AIH aprovadas,Subgrupo proced.,mensal,2023-09,2023.0,Total,671.0,671,56,SIH03
AIH aprovadas,Subgrupo proced.,mensal,2023-10,2023.0,0201 Coleta de material,,-,57,SIH03
AIH aprovadas,Subgrupo proced.,mensal,2023-10,2023.0,0301 Consultas / Atendimentos / Acompanhamentos,,-,57,SIH03
AIH aprovadas,Subgrupo proced.,mensal,2023-10,2023.0,0303 Tratamentos clinicos (outras especialidades),165.0,165,57,SIH03
AIH aprovadas,Subgrupo proced.,mensal,2023-10,2023.0,0304 Tratamento em oncologia,,-,57,SIH03
AIH aprovadas,Subgrupo proced.,mensal,2023-10,2023.0,0305 Tratamento em nefrologia,8.0,8,57,SIH03
AIH aprovadas,Subgrupo proced.,mensal,2023-10,2023.0,"0308 Tratamento de lesoes, envenenamentos e outros, decorrentes de causas externas",19.0,19,57,SIH03
AIH aprovadas,Subgrupo proced.,mensal,2023-10,2023.0,0310 Parto e nascimento,,-,57,SIH03
AIH aprovadas,Subgrupo proced.,mensal,2023-10,2023.0,"0401 Pequenas cirurgias e cirurgias de pele, tecido subcutaneo e mucosa",3.0,3,57,SIH03
AIH aprovadas,Subgrupo proced.,mensal,2023-10,2023.0,0402 Cirurgia de glandulas endocrinas,,-,57,SIH03
AIH aprovadas,Subgrupo proced.,mensal,2023-10,2023.0,0403 Cirurgia do sistema nervoso central e periferico,,-,57,SIH03
AIH aprovadas,Subgrupo proced.,mensal,2023-10,2023.0,"0404 Cirurgia das vias aereas superiores, da face, da cabeca e do pescoco",,-,57,SIH03
AIH aprovadas,Subgrupo proced.,mensal,2023-10,2023.0,0406 Cirurgia do aparelho circulatorio,36.0,36,57,SIH03
AIH aprovadas,Subgrupo proced.,mensal,2023-10,2023.0,"0407 Cirurgia do aparelho digestivo, orgaos anexos e parede abdominal",2.0,2,57,SIH03
AIH aprovadas,Subgrupo proced.,mensal,2023-10,2023.0,0408 Cirurgia do sistema osteomuscular,280.0,280,57,SIH03
AIH aprovadas,Subgrupo proced.,mensal,2023-10,2023.0,0409 Cirurgia do aparelho geniturinario,2.0,2,57,SIH03
AIH aprovadas,Subgrupo proced.,mensal,2023-10,2023.0,0410 Cirurgia de mama,,-,57,SIH03
AIH aprovadas,Subgrupo proced.,mensal,2023-10,2023.0,0412 Cirurgia toracica,3.0,3,57,SIH03
AIH aprovadas,Subgrupo proced.,mensal,2023-10,2023.0,0413 Cirurgia reparadora,3.0,3,57,SIH03
AIH aprovadas,Subgrupo proced.,mensal,2023-10,2023.0,0415 Outras cirurgias,184.0,184,57,SIH03
AIH aprovadas,Subgrupo proced.,mensal,2023-10,2023.0,0503 Acoes relacionadas a doacao de orgaos e tecidos para transplante,,-,57,SIH03
AIH aprovadas,Subgrupo proced.,mensal,2023-10,2023.0,Total,705.0,705,57,SIH03
AIH aprovadas,Subgrupo proced.,mensal,2023-11,2023.0,0201 Coleta de material,,-,58,SIH03
AIH aprovadas,Subgrupo proced.,mensal,2023-11,2023.0,0301 Consultas / Atendimentos / Acompanhamentos,,-,58,SIH03
AIH aprovadas,Subgrupo proced.,mensal,2023-11,2023.0,0303 Tratamentos clinicos (outras especialidades),190.0,190,58,SIH03
AIH aprovadas,Subgrupo proced.,mensal,2023-11,2023.0,0304 Tratamento em oncologia,3.0,3,58,SIH03
AIH aprovadas,Subgrupo proced.,mensal,2023-11,2023.0,0305 Tratamento em nefrologia,17.0,17,58,SIH03
AIH aprovadas,Subgrupo proced.,mensal,2023-11,2023.0,"0308 Tratamento de lesoes, envenenamentos e outros, decorrentes de causas externas",17.0,17,58,SIH03
AIH aprovadas,Subgrupo proced.,mensal,2023-11,2023.0,0310 Parto e nascimento,,-,58,SIH03
AIH aprovadas,Subgrupo proced.,mensal,2023-11,2023.0,"0401 Pequenas cirurgias e cirurgias de pele, tecido subcutaneo e mucosa",1.0,1,58,SIH03
AIH aprovadas,Subgrupo proced.,mensal,2023-11,2023.0,0402 Cirurgia de glandulas endocrinas,,-,58,SIH03
AIH aprovadas,Subgrupo proced.,mensal,2023-11,2023.0,0403 Cirurgia do sistema nervoso central e periferico,,-,58,SIH03
AIH aprovadas,Subgrupo proced.,mensal,2023-11,2023.0,"0404 Cirurgia das vias aereas superiores, da face, da cabeca e do pescoco",,-,58,SIH03
AIH aprovadas,Subgrupo proced.,mensal,2023-11,2023.0,0406 Cirurgia do aparelho circulatorio,31.0,31,58,SIH03
AIH aprovadas,Subgrupo proced.,mensal,2023-11,2023.0,"0407 Cirurgia do aparelho digestivo, orgaos anexos e parede abdominal",,-,58,SIH03
AIH aprovadas,Subgrupo proced.,mensal,2023-11,2023.0,0408 Cirurgia do sistema osteomuscular,238.0,238,58,SIH03
AIH aprovadas,Subgrupo proced.,mensal,2023-11,2023.0,0409 Cirurgia do aparelho geniturinario,,-,58,SIH03
AIH aprovadas,Subgrupo proced.,mensal,2023-11,2023.0,0410 Cirurgia de mama,,-,58,SIH03
AIH aprovadas,Subgrupo proced.,mensal,2023-11,2023.0,0412 Cirurgia toracica,4.0,4,58,SIH03
AIH aprovadas,Subgrupo proced.,mensal,2023-11,2023.0,0413 Cirurgia reparadora,,-,58,SIH03
AIH aprovadas,Subgrupo proced.,mensal,2023-11,2023.0,0415 Outras cirurgias,173.0,173,58,SIH03
AIH aprovadas,Subgrupo proced.,mensal,2023-11,2023.0,0503 Acoes relacionadas a doacao de orgaos e tecidos para transplante,,-,58,SIH03
AIH aprovadas,Subgrupo proced.,mensal,2023-11,2023.0,Total,674.0,674,58,SIH03
AIH aprovadas,Subgrupo proced.,mensal,2023-12,2023.0,0201 Coleta de material,,-,59,SIH03
AIH aprovadas,Subgrupo proced.,mensal,2023-12,2023.0,0301 Consultas / Atendimentos / Acompanhamentos,1.0,1,59,SIH03
AIH aprovadas,Subgrupo proced.,mensal,2023-12,2023.0,0303 Tratamentos clinicos (outras especialidades),203.0,203,59,SIH03
AIH aprovadas,Subgrupo proced.,mensal,2023-12,2023.0,0304 Tratamento em oncologia,1.0,1,59,SIH03
AIH aprovadas,Subgrupo proced.,mensal,2023-12,2023.0,0305 Tratamento em nefrologia,22.0,22,59,SIH03
AIH aprovadas,Subgrupo proced.,mensal,2023-12,2023.0,"0308 Tratamento de lesoes, envenenamentos e outros, decorrentes de causas externas",19.0,19,59,SIH03
AIH aprovadas,Subgrupo proced.,mensal,2023-12,2023.0,0310 Parto e nascimento,,-,59,SIH03
AIH aprovadas,Subgrupo proced.,mensal,2023-12,2023.0,"0401 Pequenas cirurgias e cirurgias de pele, tecido subcutaneo e mucosa",,-,59,SIH03
AIH aprovadas,Subgrupo proced.,mensal,2023-12,2023.0,0402 Cirurgia de glandulas endocrinas,,-,59,SIH03
AIH aprovadas,Subgrupo proced.,mensal,2023-12,2023.0,0403 Cirurgia do sistema nervoso central e periferico,1.0,1,59,SIH03
AIH aprovadas,Subgrupo proced.,mensal,2023-12,2023.0,"0404 Cirurgia das vias aereas superiores, da face, da cabeca e do pescoco",,-,59,SIH03
AIH aprovadas,Subgrupo proced.,mensal,2023-12,2023.0,0406 Cirurgia do aparelho circulatorio,36.0,36,59,SIH03
AIH aprovadas,Subgrupo proced.,mensal,2023-12,2023.0,"0407 Cirurgia do aparelho digestivo, orgaos anexos e parede abdominal",5.0,5,59,SIH03
AIH aprovadas,Subgrupo proced.,mensal,2023-12,2023.0,0408 Cirurgia do sistema osteomuscular,237.0,237,59,SIH03
AIH aprovadas,Subgrupo proced.,mensal,2023-12,2023.0,0409 Cirurgia do aparelho geniturinario,,-,59,SIH03
AIH aprovadas,Subgrupo proced.,mensal,2023-12,2023.0,0410 Cirurgia de mama,,-,59,SIH03
AIH aprovadas,Subgrupo proced.,mensal,2023-12,2023.0,0412 Cirurgia toracica,9.0,9,59,SIH03
AIH aprovadas,Subgrupo proced.,mensal,2023-12,2023.0,0413 Cirurgia reparadora,4.0,4,59,SIH03
AIH aprovadas,Subgrupo proced.,mensal,2023-12,2023.0,0415 Outras cirurgias,157.0,157,59,SIH03
AIH aprovadas,Subgrupo proced.,mensal,2023-12,2023.0,0503 Acoes relacionadas a doacao de orgaos e tecidos para transplante,,-,59,SIH03
AIH aprovadas,Subgrupo proced.,mensal,2023-12,2023.0,Total,695.0,695,59,SIH03
AIH aprovadas,Subgrupo proced.,ano_publicado,,2024.0,0201 Coleta de material,1.0,1,60,SIH03
AIH aprovadas,Subgrupo proced.,ano_publicado,,2024.0,0301 Consultas / Atendimentos / Acompanhamentos,948.0,948,60,SIH03
AIH aprovadas,Subgrupo proced.,ano_publicado,,2024.0,0303 Tratamentos clinicos (outras especialidades),2589.0,2589,60,SIH03
AIH aprovadas,Subgrupo proced.,ano_publicado,,2024.0,0304 Tratamento em oncologia,37.0,37,60,SIH03
AIH aprovadas,Subgrupo proced.,ano_publicado,,2024.0,0305 Tratamento em nefrologia,261.0,261,60,SIH03
AIH aprovadas,Subgrupo proced.,ano_publicado,,2024.0,"0308 Tratamento de lesoes, envenenamentos e outros, decorrentes de causas externas",885.0,885,60,SIH03
AIH aprovadas,Subgrupo proced.,ano_publicado,,2024.0,0310 Parto e nascimento,1.0,1,60,SIH03
AIH aprovadas,Subgrupo proced.,ano_publicado,,2024.0,"0401 Pequenas cirurgias e cirurgias de pele, tecido subcutaneo e mucosa",34.0,34,60,SIH03
AIH aprovadas,Subgrupo proced.,ano_publicado,,2024.0,0402 Cirurgia de glandulas endocrinas,,-,60,SIH03
AIH aprovadas,Subgrupo proced.,ano_publicado,,2024.0,0403 Cirurgia do sistema nervoso central e periferico,6.0,6,60,SIH03
AIH aprovadas,Subgrupo proced.,ano_publicado,,2024.0,"0404 Cirurgia das vias aereas superiores, da face, da cabeca e do pescoco",,-,60,SIH03
AIH aprovadas,Subgrupo proced.,ano_publicado,,2024.0,0406 Cirurgia do aparelho circulatorio,423.0,423,60,SIH03
AIH aprovadas,Subgrupo proced.,ano_publicado,,2024.0,"0407 Cirurgia do aparelho digestivo, orgaos anexos e parede abdominal",30.0,30,60,SIH03
AIH aprovadas,Subgrupo proced.,ano_publicado,,2024.0,0408 Cirurgia do sistema osteomuscular,2416.0,2416,60,SIH03
AIH aprovadas,Subgrupo proced.,ano_publicado,,2024.0,0409 Cirurgia do aparelho geniturinario,5.0,5,60,SIH03
AIH aprovadas,Subgrupo proced.,ano_publicado,,2024.0,0410 Cirurgia de mama,,-,60,SIH03
AIH aprovadas,Subgrupo proced.,ano_publicado,,2024.0,0412 Cirurgia toracica,64.0,64,60,SIH03
AIH aprovadas,Subgrupo proced.,ano_publicado,,2024.0,0413 Cirurgia reparadora,25.0,25,60,SIH03
AIH aprovadas,Subgrupo proced.,ano_publicado,,2024.0,0415 Outras cirurgias,1739.0,1739,60,SIH03
AIH aprovadas,Subgrupo proced.,ano_publicado,,2024.0,0503 Acoes relacionadas a doacao de orgaos e tecidos para transplante,7.0,7,60,SIH03
AIH aprovadas,Subgrupo proced.,ano_publicado,,2024.0,Total,9471.0,9471,60,SIH03
AIH aprovadas,Subgrupo proced.,mensal,2024-01,2024.0,0201 Coleta de material,,-,61,SIH03
AIH aprovadas,Subgrupo proced.,mensal,2024-01,2024.0,0301 Consultas / Atendimentos / Acompanhamentos,,-,61,SIH03
AIH aprovadas,Subgrupo proced.,mensal,2024-01,2024.0,0303 Tratamentos clinicos (outras especialidades),184.0,184,61,SIH03
AIH aprovadas,Subgrupo proced.,mensal,2024-01,2024.0,0304 Tratamento em oncologia,2.0,2,61,SIH03
AIH aprovadas,Subgrupo proced.,mensal,2024-01,2024.0,0305 Tratamento em nefrologia,18.0,18,61,SIH03
AIH aprovadas,Subgrupo proced.,mensal,2024-01,2024.0,"0308 Tratamento de lesoes, envenenamentos e outros, decorrentes de causas externas",20.0,20,61,SIH03
AIH aprovadas,Subgrupo proced.,mensal,2024-01,2024.0,0310 Parto e nascimento,,-,61,SIH03
AIH aprovadas,Subgrupo proced.,mensal,2024-01,2024.0,"0401 Pequenas cirurgias e cirurgias de pele, tecido subcutaneo e mucosa",1.0,1,61,SIH03
AIH aprovadas,Subgrupo proced.,mensal,2024-01,2024.0,0402 Cirurgia de glandulas endocrinas,,-,61,SIH03
AIH aprovadas,Subgrupo proced.,mensal,2024-01,2024.0,0403 Cirurgia do sistema nervoso central e periferico,,-,61,SIH03
AIH aprovadas,Subgrupo proced.,mensal,2024-01,2024.0,"0404 Cirurgia das vias aereas superiores, da face, da cabeca e do pescoco",,-,61,SIH03
AIH aprovadas,Subgrupo proced.,mensal,2024-01,2024.0,0406 Cirurgia do aparelho circulatorio,43.0,43,61,SIH03
AIH aprovadas,Subgrupo proced.,mensal,2024-01,2024.0,"0407 Cirurgia do aparelho digestivo, orgaos anexos e parede abdominal",3.0,3,61,SIH03
AIH aprovadas,Subgrupo proced.,mensal,2024-01,2024.0,0408 Cirurgia do sistema osteomuscular,286.0,286,61,SIH03
AIH aprovadas,Subgrupo proced.,mensal,2024-01,2024.0,0409 Cirurgia do aparelho geniturinario,,-,61,SIH03
AIH aprovadas,Subgrupo proced.,mensal,2024-01,2024.0,0410 Cirurgia de mama,,-,61,SIH03
AIH aprovadas,Subgrupo proced.,mensal,2024-01,2024.0,0412 Cirurgia toracica,8.0,8,61,SIH03
AIH aprovadas,Subgrupo proced.,mensal,2024-01,2024.0,0413 Cirurgia reparadora,6.0,6,61,SIH03
AIH aprovadas,Subgrupo proced.,mensal,2024-01,2024.0,0415 Outras cirurgias,140.0,140,61,SIH03
AIH aprovadas,Subgrupo proced.,mensal,2024-01,2024.0,0503 Acoes relacionadas a doacao de orgaos e tecidos para transplante,,-,61,SIH03
AIH aprovadas,Subgrupo proced.,mensal,2024-01,2024.0,Total,711.0,711,61,SIH03
AIH aprovadas,Subgrupo proced.,mensal,2024-02,2024.0,0201 Coleta de material,,-,62,SIH03
AIH aprovadas,Subgrupo proced.,mensal,2024-02,2024.0,0301 Consultas / Atendimentos / Acompanhamentos,3.0,3,62,SIH03
AIH aprovadas,Subgrupo proced.,mensal,2024-02,2024.0,0303 Tratamentos clinicos (outras especialidades),176.0,176,62,SIH03
AIH aprovadas,Subgrupo proced.,mensal,2024-02,2024.0,0304 Tratamento em oncologia,1.0,1,62,SIH03
AIH aprovadas,Subgrupo proced.,mensal,2024-02,2024.0,0305 Tratamento em nefrologia,19.0,19,62,SIH03
AIH aprovadas,Subgrupo proced.,mensal,2024-02,2024.0,"0308 Tratamento de lesoes, envenenamentos e outros, decorrentes de causas externas",23.0,23,62,SIH03
AIH aprovadas,Subgrupo proced.,mensal,2024-02,2024.0,0310 Parto e nascimento,,-,62,SIH03
AIH aprovadas,Subgrupo proced.,mensal,2024-02,2024.0,"0401 Pequenas cirurgias e cirurgias de pele, tecido subcutaneo e mucosa",1.0,1,62,SIH03
AIH aprovadas,Subgrupo proced.,mensal,2024-02,2024.0,0402 Cirurgia de glandulas endocrinas,,-,62,SIH03
AIH aprovadas,Subgrupo proced.,mensal,2024-02,2024.0,0403 Cirurgia do sistema nervoso central e periferico,,-,62,SIH03
AIH aprovadas,Subgrupo proced.,mensal,2024-02,2024.0,"0404 Cirurgia das vias aereas superiores, da face, da cabeca e do pescoco",,-,62,SIH03
AIH aprovadas,Subgrupo proced.,mensal,2024-02,2024.0,0406 Cirurgia do aparelho circulatorio,33.0,33,62,SIH03
AIH aprovadas,Subgrupo proced.,mensal,2024-02,2024.0,"0407 Cirurgia do aparelho digestivo, orgaos anexos e parede abdominal",2.0,2,62,SIH03
AIH aprovadas,Subgrupo proced.,mensal,2024-02,2024.0,0408 Cirurgia do sistema osteomuscular,210.0,210,62,SIH03
AIH aprovadas,Subgrupo proced.,mensal,2024-02,2024.0,0409 Cirurgia do aparelho geniturinario,1.0,1,62,SIH03
AIH aprovadas,Subgrupo proced.,mensal,2024-02,2024.0,0410 Cirurgia de mama,,-,62,SIH03
AIH aprovadas,Subgrupo proced.,mensal,2024-02,2024.0,0412 Cirurgia toracica,4.0,4,62,SIH03
AIH aprovadas,Subgrupo proced.,mensal,2024-02,2024.0,0413 Cirurgia reparadora,4.0,4,62,SIH03
AIH aprovadas,Subgrupo proced.,mensal,2024-02,2024.0,0415 Outras cirurgias,127.0,127,62,SIH03
AIH aprovadas,Subgrupo proced.,mensal,2024-02,2024.0,0503 Acoes relacionadas a doacao de orgaos e tecidos para transplante,1.0,1,62,SIH03
AIH aprovadas,Subgrupo proced.,mensal,2024-02,2024.0,Total,605.0,605,62,SIH03
AIH aprovadas,Subgrupo proced.,mensal,2024-03,2024.0,0201 Coleta de material,,-,63,SIH03
AIH aprovadas,Subgrupo proced.,mensal,2024-03,2024.0,0301 Consultas / Atendimentos / Acompanhamentos,68.0,68,63,SIH03
AIH aprovadas,Subgrupo proced.,mensal,2024-03,2024.0,0303 Tratamentos clinicos (outras especialidades),187.0,187,63,SIH03
AIH aprovadas,Subgrupo proced.,mensal,2024-03,2024.0,0304 Tratamento em oncologia,1.0,1,63,SIH03
AIH aprovadas,Subgrupo proced.,mensal,2024-03,2024.0,0305 Tratamento em nefrologia,19.0,19,63,SIH03
AIH aprovadas,Subgrupo proced.,mensal,2024-03,2024.0,"0308 Tratamento de lesoes, envenenamentos e outros, decorrentes de causas externas",82.0,82,63,SIH03
AIH aprovadas,Subgrupo proced.,mensal,2024-03,2024.0,0310 Parto e nascimento,,-,63,SIH03
AIH aprovadas,Subgrupo proced.,mensal,2024-03,2024.0,"0401 Pequenas cirurgias e cirurgias de pele, tecido subcutaneo e mucosa",5.0,5,63,SIH03
AIH aprovadas,Subgrupo proced.,mensal,2024-03,2024.0,0402 Cirurgia de glandulas endocrinas,,-,63,SIH03
AIH aprovadas,Subgrupo proced.,mensal,2024-03,2024.0,0403 Cirurgia do sistema nervoso central e periferico,,-,63,SIH03
AIH aprovadas,Subgrupo proced.,mensal,2024-03,2024.0,"0404 Cirurgia das vias aereas superiores, da face, da cabeca e do pescoco",,-,63,SIH03
AIH aprovadas,Subgrupo proced.,mensal,2024-03,2024.0,0406 Cirurgia do aparelho circulatorio,31.0,31,63,SIH03
AIH aprovadas,Subgrupo proced.,mensal,2024-03,2024.0,"0407 Cirurgia do aparelho digestivo, orgaos anexos e parede abdominal",4.0,4,63,SIH03
AIH aprovadas,Subgrupo proced.,mensal,2024-03,2024.0,0408 Cirurgia do sistema osteomuscular,223.0,223,63,SIH03
AIH aprovadas,Subgrupo proced.,mensal,2024-03,2024.0,0409 Cirurgia do aparelho geniturinario,,-,63,SIH03
AIH aprovadas,Subgrupo proced.,mensal,2024-03,2024.0,0410 Cirurgia de mama,,-,63,SIH03
AIH aprovadas,Subgrupo proced.,mensal,2024-03,2024.0,0412 Cirurgia toracica,4.0,4,63,SIH03
AIH aprovadas,Subgrupo proced.,mensal,2024-03,2024.0,0413 Cirurgia reparadora,4.0,4,63,SIH03
AIH aprovadas,Subgrupo proced.,mensal,2024-03,2024.0,0415 Outras cirurgias,123.0,123,63,SIH03
AIH aprovadas,Subgrupo proced.,mensal,2024-03,2024.0,0503 Acoes relacionadas a doacao de orgaos e tecidos para transplante,1.0,1,63,SIH03
AIH aprovadas,Subgrupo proced.,mensal,2024-03,2024.0,Total,752.0,752,63,SIH03
AIH aprovadas,Subgrupo proced.,mensal,2024-04,2024.0,0201 Coleta de material,,-,64,SIH03
AIH aprovadas,Subgrupo proced.,mensal,2024-04,2024.0,0301 Consultas / Atendimentos / Acompanhamentos,95.0,95,64,SIH03
AIH aprovadas,Subgrupo proced.,mensal,2024-04,2024.0,0303 Tratamentos clinicos (outras especialidades),231.0,231,64,SIH03
AIH aprovadas,Subgrupo proced.,mensal,2024-04,2024.0,0304 Tratamento em oncologia,5.0,5,64,SIH03
AIH aprovadas,Subgrupo proced.,mensal,2024-04,2024.0,0305 Tratamento em nefrologia,27.0,27,64,SIH03
AIH aprovadas,Subgrupo proced.,mensal,2024-04,2024.0,"0308 Tratamento de lesoes, envenenamentos e outros, decorrentes de causas externas",91.0,91,64,SIH03
AIH aprovadas,Subgrupo proced.,mensal,2024-04,2024.0,0310 Parto e nascimento,,-,64,SIH03
AIH aprovadas,Subgrupo proced.,mensal,2024-04,2024.0,"0401 Pequenas cirurgias e cirurgias de pele, tecido subcutaneo e mucosa",3.0,3,64,SIH03
AIH aprovadas,Subgrupo proced.,mensal,2024-04,2024.0,0402 Cirurgia de glandulas endocrinas,,-,64,SIH03
AIH aprovadas,Subgrupo proced.,mensal,2024-04,2024.0,0403 Cirurgia do sistema nervoso central e periferico,1.0,1,64,SIH03
AIH aprovadas,Subgrupo proced.,mensal,2024-04,2024.0,"0404 Cirurgia das vias aereas superiores, da face, da cabeca e do pescoco",,-,64,SIH03
AIH aprovadas,Subgrupo proced.,mensal,2024-04,2024.0,0406 Cirurgia do aparelho circulatorio,27.0,27,64,SIH03
AIH aprovadas,Subgrupo proced.,mensal,2024-04,2024.0,"0407 Cirurgia do aparelho digestivo, orgaos anexos e parede abdominal",5.0,5,64,SIH03
AIH aprovadas,Subgrupo proced.,mensal,2024-04,2024.0,0408 Cirurgia do sistema osteomuscular,198.0,198,64,SIH03
AIH aprovadas,Subgrupo proced.,mensal,2024-04,2024.0,0409 Cirurgia do aparelho geniturinario,2.0,2,64,SIH03
AIH aprovadas,Subgrupo proced.,mensal,2024-04,2024.0,0410 Cirurgia de mama,,-,64,SIH03
AIH aprovadas,Subgrupo proced.,mensal,2024-04,2024.0,0412 Cirurgia toracica,,-,64,SIH03
AIH aprovadas,Subgrupo proced.,mensal,2024-04,2024.0,0413 Cirurgia reparadora,3.0,3,64,SIH03
AIH aprovadas,Subgrupo proced.,mensal,2024-04,2024.0,0415 Outras cirurgias,128.0,128,64,SIH03
AIH aprovadas,Subgrupo proced.,mensal,2024-04,2024.0,0503 Acoes relacionadas a doacao de orgaos e tecidos para transplante,1.0,1,64,SIH03
AIH aprovadas,Subgrupo proced.,mensal,2024-04,2024.0,Total,817.0,817,64,SIH03
AIH aprovadas,Subgrupo proced.,mensal,2024-05,2024.0,0201 Coleta de material,1.0,1,65,SIH03
AIH aprovadas,Subgrupo proced.,mensal,2024-05,2024.0,0301 Consultas / Atendimentos / Acompanhamentos,106.0,106,65,SIH03
AIH aprovadas,Subgrupo proced.,mensal,2024-05,2024.0,0303 Tratamentos clinicos (outras especialidades),208.0,208,65,SIH03
AIH aprovadas,Subgrupo proced.,mensal,2024-05,2024.0,0304 Tratamento em oncologia,3.0,3,65,SIH03
AIH aprovadas,Subgrupo proced.,mensal,2024-05,2024.0,0305 Tratamento em nefrologia,20.0,20,65,SIH03
AIH aprovadas,Subgrupo proced.,mensal,2024-05,2024.0,"0308 Tratamento de lesoes, envenenamentos e outros, decorrentes de causas externas",72.0,72,65,SIH03
AIH aprovadas,Subgrupo proced.,mensal,2024-05,2024.0,0310 Parto e nascimento,,-,65,SIH03
AIH aprovadas,Subgrupo proced.,mensal,2024-05,2024.0,"0401 Pequenas cirurgias e cirurgias de pele, tecido subcutaneo e mucosa",7.0,7,65,SIH03
AIH aprovadas,Subgrupo proced.,mensal,2024-05,2024.0,0402 Cirurgia de glandulas endocrinas,,-,65,SIH03
AIH aprovadas,Subgrupo proced.,mensal,2024-05,2024.0,0403 Cirurgia do sistema nervoso central e periferico,,-,65,SIH03
AIH aprovadas,Subgrupo proced.,mensal,2024-05,2024.0,"0404 Cirurgia das vias aereas superiores, da face, da cabeca e do pescoco",,-,65,SIH03
AIH aprovadas,Subgrupo proced.,mensal,2024-05,2024.0,0406 Cirurgia do aparelho circulatorio,39.0,39,65,SIH03
AIH aprovadas,Subgrupo proced.,mensal,2024-05,2024.0,"0407 Cirurgia do aparelho digestivo, orgaos anexos e parede abdominal",5.0,5,65,SIH03
AIH aprovadas,Subgrupo proced.,mensal,2024-05,2024.0,0408 Cirurgia do sistema osteomuscular,225.0,225,65,SIH03
AIH aprovadas,Subgrupo proced.,mensal,2024-05,2024.0,0409 Cirurgia do aparelho geniturinario,,-,65,SIH03
AIH aprovadas,Subgrupo proced.,mensal,2024-05,2024.0,0410 Cirurgia de mama,,-,65,SIH03
AIH aprovadas,Subgrupo proced.,mensal,2024-05,2024.0,0412 Cirurgia toracica,10.0,10,65,SIH03
AIH aprovadas,Subgrupo proced.,mensal,2024-05,2024.0,0413 Cirurgia reparadora,,-,65,SIH03
AIH aprovadas,Subgrupo proced.,mensal,2024-05,2024.0,0415 Outras cirurgias,175.0,175,65,SIH03
AIH aprovadas,Subgrupo proced.,mensal,2024-05,2024.0,0503 Acoes relacionadas a doacao de orgaos e tecidos para transplante,1.0,1,65,SIH03
AIH aprovadas,Subgrupo proced.,mensal,2024-05,2024.0,Total,872.0,872,65,SIH03
AIH aprovadas,Subgrupo proced.,mensal,2024-06,2024.0,0201 Coleta de material,,-,66,SIH03
AIH aprovadas,Subgrupo proced.,mensal,2024-06,2024.0,0301 Consultas / Atendimentos / Acompanhamentos,128.0,128,66,SIH03
AIH aprovadas,Subgrupo proced.,mensal,2024-06,2024.0,0303 Tratamentos clinicos (outras especialidades),222.0,222,66,SIH03
AIH aprovadas,Subgrupo proced.,mensal,2024-06,2024.0,0304 Tratamento em oncologia,2.0,2,66,SIH03
AIH aprovadas,Subgrupo proced.,mensal,2024-06,2024.0,0305 Tratamento em nefrologia,21.0,21,66,SIH03
AIH aprovadas,Subgrupo proced.,mensal,2024-06,2024.0,"0308 Tratamento de lesoes, envenenamentos e outros, decorrentes de causas externas",67.0,67,66,SIH03
AIH aprovadas,Subgrupo proced.,mensal,2024-06,2024.0,0310 Parto e nascimento,1.0,1,66,SIH03
AIH aprovadas,Subgrupo proced.,mensal,2024-06,2024.0,"0401 Pequenas cirurgias e cirurgias de pele, tecido subcutaneo e mucosa",2.0,2,66,SIH03
AIH aprovadas,Subgrupo proced.,mensal,2024-06,2024.0,0402 Cirurgia de glandulas endocrinas,,-,66,SIH03
AIH aprovadas,Subgrupo proced.,mensal,2024-06,2024.0,0403 Cirurgia do sistema nervoso central e periferico,1.0,1,66,SIH03
AIH aprovadas,Subgrupo proced.,mensal,2024-06,2024.0,"0404 Cirurgia das vias aereas superiores, da face, da cabeca e do pescoco",,-,66,SIH03
AIH aprovadas,Subgrupo proced.,mensal,2024-06,2024.0,0406 Cirurgia do aparelho circulatorio,34.0,34,66,SIH03
AIH aprovadas,Subgrupo proced.,mensal,2024-06,2024.0,"0407 Cirurgia do aparelho digestivo, orgaos anexos e parede abdominal",1.0,1,66,SIH03
AIH aprovadas,Subgrupo proced.,mensal,2024-06,2024.0,0408 Cirurgia do sistema osteomuscular,182.0,182,66,SIH03
AIH aprovadas,Subgrupo proced.,mensal,2024-06,2024.0,0409 Cirurgia do aparelho geniturinario,,-,66,SIH03
AIH aprovadas,Subgrupo proced.,mensal,2024-06,2024.0,0410 Cirurgia de mama,,-,66,SIH03
AIH aprovadas,Subgrupo proced.,mensal,2024-06,2024.0,0412 Cirurgia toracica,5.0,5,66,SIH03
AIH aprovadas,Subgrupo proced.,mensal,2024-06,2024.0,0413 Cirurgia reparadora,1.0,1,66,SIH03
AIH aprovadas,Subgrupo proced.,mensal,2024-06,2024.0,0415 Outras cirurgias,128.0,128,66,SIH03
AIH aprovadas,Subgrupo proced.,mensal,2024-06,2024.0,0503 Acoes relacionadas a doacao de orgaos e tecidos para transplante,1.0,1,66,SIH03
AIH aprovadas,Subgrupo proced.,mensal,2024-06,2024.0,Total,796.0,796,66,SIH03
AIH aprovadas,Subgrupo proced.,mensal,2024-07,2024.0,0201 Coleta de material,,-,67,SIH03
AIH aprovadas,Subgrupo proced.,mensal,2024-07,2024.0,0301 Consultas / Atendimentos / Acompanhamentos,136.0,136,67,SIH03
AIH aprovadas,Subgrupo proced.,mensal,2024-07,2024.0,0303 Tratamentos clinicos (outras especialidades),229.0,229,67,SIH03
AIH aprovadas,Subgrupo proced.,mensal,2024-07,2024.0,0304 Tratamento em oncologia,2.0,2,67,SIH03
AIH aprovadas,Subgrupo proced.,mensal,2024-07,2024.0,0305 Tratamento em nefrologia,20.0,20,67,SIH03
AIH aprovadas,Subgrupo proced.,mensal,2024-07,2024.0,"0308 Tratamento de lesoes, envenenamentos e outros, decorrentes de causas externas",74.0,74,67,SIH03
AIH aprovadas,Subgrupo proced.,mensal,2024-07,2024.0,0310 Parto e nascimento,,-,67,SIH03
AIH aprovadas,Subgrupo proced.,mensal,2024-07,2024.0,"0401 Pequenas cirurgias e cirurgias de pele, tecido subcutaneo e mucosa",3.0,3,67,SIH03
AIH aprovadas,Subgrupo proced.,mensal,2024-07,2024.0,0402 Cirurgia de glandulas endocrinas,,-,67,SIH03
AIH aprovadas,Subgrupo proced.,mensal,2024-07,2024.0,0403 Cirurgia do sistema nervoso central e periferico,,-,67,SIH03
AIH aprovadas,Subgrupo proced.,mensal,2024-07,2024.0,"0404 Cirurgia das vias aereas superiores, da face, da cabeca e do pescoco",,-,67,SIH03
AIH aprovadas,Subgrupo proced.,mensal,2024-07,2024.0,0406 Cirurgia do aparelho circulatorio,41.0,41,67,SIH03
AIH aprovadas,Subgrupo proced.,mensal,2024-07,2024.0,"0407 Cirurgia do aparelho digestivo, orgaos anexos e parede abdominal",1.0,1,67,SIH03
AIH aprovadas,Subgrupo proced.,mensal,2024-07,2024.0,0408 Cirurgia do sistema osteomuscular,205.0,205,67,SIH03
AIH aprovadas,Subgrupo proced.,mensal,2024-07,2024.0,0409 Cirurgia do aparelho geniturinario,,-,67,SIH03
AIH aprovadas,Subgrupo proced.,mensal,2024-07,2024.0,0410 Cirurgia de mama,,-,67,SIH03
AIH aprovadas,Subgrupo proced.,mensal,2024-07,2024.0,0412 Cirurgia toracica,1.0,1,67,SIH03
AIH aprovadas,Subgrupo proced.,mensal,2024-07,2024.0,0413 Cirurgia reparadora,2.0,2,67,SIH03
AIH aprovadas,Subgrupo proced.,mensal,2024-07,2024.0,0415 Outras cirurgias,146.0,146,67,SIH03
AIH aprovadas,Subgrupo proced.,mensal,2024-07,2024.0,0503 Acoes relacionadas a doacao de orgaos e tecidos para transplante,,-,67,SIH03
AIH aprovadas,Subgrupo proced.,mensal,2024-07,2024.0,Total,860.0,860,67,SIH03
AIH aprovadas,Subgrupo proced.,mensal,2024-08,2024.0,0201 Coleta de material,,-,68,SIH03
AIH aprovadas,Subgrupo proced.,mensal,2024-08,2024.0,0301 Consultas / Atendimentos / Acompanhamentos,133.0,133,68,SIH03
AIH aprovadas,Subgrupo proced.,mensal,2024-08,2024.0,0303 Tratamentos clinicos (outras especialidades),216.0,216,68,SIH03
AIH aprovadas,Subgrupo proced.,mensal,2024-08,2024.0,0304 Tratamento em oncologia,6.0,6,68,SIH03
AIH aprovadas,Subgrupo proced.,mensal,2024-08,2024.0,0305 Tratamento em nefrologia,23.0,23,68,SIH03
AIH aprovadas,Subgrupo proced.,mensal,2024-08,2024.0,"0308 Tratamento de lesoes, envenenamentos e outros, decorrentes de causas externas",24.0,24,68,SIH03
AIH aprovadas,Subgrupo proced.,mensal,2024-08,2024.0,0310 Parto e nascimento,,-,68,SIH03
AIH aprovadas,Subgrupo proced.,mensal,2024-08,2024.0,"0401 Pequenas cirurgias e cirurgias de pele, tecido subcutaneo e mucosa",5.0,5,68,SIH03
AIH aprovadas,Subgrupo proced.,mensal,2024-08,2024.0,0402 Cirurgia de glandulas endocrinas,,-,68,SIH03
AIH aprovadas,Subgrupo proced.,mensal,2024-08,2024.0,0403 Cirurgia do sistema nervoso central e periferico,,-,68,SIH03
AIH aprovadas,Subgrupo proced.,mensal,2024-08,2024.0,"0404 Cirurgia das vias aereas superiores, da face, da cabeca e do pescoco",,-,68,SIH03
AIH aprovadas,Subgrupo proced.,mensal,2024-08,2024.0,0406 Cirurgia do aparelho circulatorio,53.0,53,68,SIH03
AIH aprovadas,Subgrupo proced.,mensal,2024-08,2024.0,"0407 Cirurgia do aparelho digestivo, orgaos anexos e parede abdominal",1.0,1,68,SIH03
AIH aprovadas,Subgrupo proced.,mensal,2024-08,2024.0,0408 Cirurgia do sistema osteomuscular,229.0,229,68,SIH03
AIH aprovadas,Subgrupo proced.,mensal,2024-08,2024.0,0409 Cirurgia do aparelho geniturinario,1.0,1,68,SIH03
AIH aprovadas,Subgrupo proced.,mensal,2024-08,2024.0,0410 Cirurgia de mama,,-,68,SIH03
AIH aprovadas,Subgrupo proced.,mensal,2024-08,2024.0,0412 Cirurgia toracica,4.0,4,68,SIH03
AIH aprovadas,Subgrupo proced.,mensal,2024-08,2024.0,0413 Cirurgia reparadora,2.0,2,68,SIH03
AIH aprovadas,Subgrupo proced.,mensal,2024-08,2024.0,0415 Outras cirurgias,176.0,176,68,SIH03
AIH aprovadas,Subgrupo proced.,mensal,2024-08,2024.0,0503 Acoes relacionadas a doacao de orgaos e tecidos para transplante,,-,68,SIH03
AIH aprovadas,Subgrupo proced.,mensal,2024-08,2024.0,Total,873.0,873,68,SIH03
AIH aprovadas,Subgrupo proced.,mensal,2024-09,2024.0,0201 Coleta de material,,-,69,SIH03
AIH aprovadas,Subgrupo proced.,mensal,2024-09,2024.0,0301 Consultas / Atendimentos / Acompanhamentos,76.0,76,69,SIH03
AIH aprovadas,Subgrupo proced.,mensal,2024-09,2024.0,0303 Tratamentos clinicos (outras especialidades),224.0,224,69,SIH03
AIH aprovadas,Subgrupo proced.,mensal,2024-09,2024.0,0304 Tratamento em oncologia,3.0,3,69,SIH03
AIH aprovadas,Subgrupo proced.,mensal,2024-09,2024.0,0305 Tratamento em nefrologia,21.0,21,69,SIH03
AIH aprovadas,Subgrupo proced.,mensal,2024-09,2024.0,"0308 Tratamento de lesoes, envenenamentos e outros, decorrentes de causas externas",99.0,99,69,SIH03
AIH aprovadas,Subgrupo proced.,mensal,2024-09,2024.0,0310 Parto e nascimento,,-,69,SIH03
AIH aprovadas,Subgrupo proced.,mensal,2024-09,2024.0,"0401 Pequenas cirurgias e cirurgias de pele, tecido subcutaneo e mucosa",2.0,2,69,SIH03
AIH aprovadas,Subgrupo proced.,mensal,2024-09,2024.0,0402 Cirurgia de glandulas endocrinas,,-,69,SIH03
AIH aprovadas,Subgrupo proced.,mensal,2024-09,2024.0,0403 Cirurgia do sistema nervoso central e periferico,2.0,2,69,SIH03
AIH aprovadas,Subgrupo proced.,mensal,2024-09,2024.0,"0404 Cirurgia das vias aereas superiores, da face, da cabeca e do pescoco",,-,69,SIH03
AIH aprovadas,Subgrupo proced.,mensal,2024-09,2024.0,0406 Cirurgia do aparelho circulatorio,21.0,21,69,SIH03
AIH aprovadas,Subgrupo proced.,mensal,2024-09,2024.0,"0407 Cirurgia do aparelho digestivo, orgaos anexos e parede abdominal",1.0,1,69,SIH03
AIH aprovadas,Subgrupo proced.,mensal,2024-09,2024.0,0408 Cirurgia do sistema osteomuscular,183.0,183,69,SIH03
AIH aprovadas,Subgrupo proced.,mensal,2024-09,2024.0,0409 Cirurgia do aparelho geniturinario,,-,69,SIH03
AIH aprovadas,Subgrupo proced.,mensal,2024-09,2024.0,0410 Cirurgia de mama,,-,69,SIH03
AIH aprovadas,Subgrupo proced.,mensal,2024-09,2024.0,0412 Cirurgia toracica,4.0,4,69,SIH03
AIH aprovadas,Subgrupo proced.,mensal,2024-09,2024.0,0413 Cirurgia reparadora,1.0,1,69,SIH03
AIH aprovadas,Subgrupo proced.,mensal,2024-09,2024.0,0415 Outras cirurgias,149.0,149,69,SIH03
AIH aprovadas,Subgrupo proced.,mensal,2024-09,2024.0,0503 Acoes relacionadas a doacao de orgaos e tecidos para transplante,1.0,1,69,SIH03
AIH aprovadas,Subgrupo proced.,mensal,2024-09,2024.0,Total,787.0,787,69,SIH03
AIH aprovadas,Subgrupo proced.,mensal,2024-10,2024.0,0201 Coleta de material,,-,70,SIH03
AIH aprovadas,Subgrupo proced.,mensal,2024-10,2024.0,0301 Consultas / Atendimentos / Acompanhamentos,96.0,96,70,SIH03
AIH aprovadas,Subgrupo proced.,mensal,2024-10,2024.0,0303 Tratamentos clinicos (outras especialidades),253.0,253,70,SIH03
AIH aprovadas,Subgrupo proced.,mensal,2024-10,2024.0,0304 Tratamento em oncologia,3.0,3,70,SIH03
AIH aprovadas,Subgrupo proced.,mensal,2024-10,2024.0,0305 Tratamento em nefrologia,14.0,14,70,SIH03
AIH aprovadas,Subgrupo proced.,mensal,2024-10,2024.0,"0308 Tratamento de lesoes, envenenamentos e outros, decorrentes de causas externas",97.0,97,70,SIH03
AIH aprovadas,Subgrupo proced.,mensal,2024-10,2024.0,0310 Parto e nascimento,,-,70,SIH03
AIH aprovadas,Subgrupo proced.,mensal,2024-10,2024.0,"0401 Pequenas cirurgias e cirurgias de pele, tecido subcutaneo e mucosa",3.0,3,70,SIH03
AIH aprovadas,Subgrupo proced.,mensal,2024-10,2024.0,0402 Cirurgia de glandulas endocrinas,,-,70,SIH03
AIH aprovadas,Subgrupo proced.,mensal,2024-10,2024.0,0403 Cirurgia do sistema nervoso central e periferico,,-,70,SIH03
AIH aprovadas,Subgrupo proced.,mensal,2024-10,2024.0,"0404 Cirurgia das vias aereas superiores, da face, da cabeca e do pescoco",,-,70,SIH03
AIH aprovadas,Subgrupo proced.,mensal,2024-10,2024.0,0406 Cirurgia do aparelho circulatorio,36.0,36,70,SIH03
AIH aprovadas,Subgrupo proced.,mensal,2024-10,2024.0,"0407 Cirurgia do aparelho digestivo, orgaos anexos e parede abdominal",,-,70,SIH03
AIH aprovadas,Subgrupo proced.,mensal,2024-10,2024.0,0408 Cirurgia do sistema osteomuscular,186.0,186,70,SIH03
AIH aprovadas,Subgrupo proced.,mensal,2024-10,2024.0,0409 Cirurgia do aparelho geniturinario,1.0,1,70,SIH03
AIH aprovadas,Subgrupo proced.,mensal,2024-10,2024.0,0410 Cirurgia de mama,,-,70,SIH03
AIH aprovadas,Subgrupo proced.,mensal,2024-10,2024.0,0412 Cirurgia toracica,13.0,13,70,SIH03
AIH aprovadas,Subgrupo proced.,mensal,2024-10,2024.0,0413 Cirurgia reparadora,,-,70,SIH03
AIH aprovadas,Subgrupo proced.,mensal,2024-10,2024.0,0415 Outras cirurgias,148.0,148,70,SIH03
AIH aprovadas,Subgrupo proced.,mensal,2024-10,2024.0,0503 Acoes relacionadas a doacao de orgaos e tecidos para transplante,1.0,1,70,SIH03
AIH aprovadas,Subgrupo proced.,mensal,2024-10,2024.0,Total,851.0,851,70,SIH03
AIH aprovadas,Subgrupo proced.,mensal,2024-11,2024.0,0201 Coleta de material,,-,71,SIH03
AIH aprovadas,Subgrupo proced.,mensal,2024-11,2024.0,0301 Consultas / Atendimentos / Acompanhamentos,62.0,62,71,SIH03
AIH aprovadas,Subgrupo proced.,mensal,2024-11,2024.0,0303 Tratamentos clinicos (outras especialidades),223.0,223,71,SIH03
AIH aprovadas,Subgrupo proced.,mensal,2024-11,2024.0,0304 Tratamento em oncologia,6.0,6,71,SIH03
AIH aprovadas,Subgrupo proced.,mensal,2024-11,2024.0,0305 Tratamento em nefrologia,20.0,20,71,SIH03
AIH aprovadas,Subgrupo proced.,mensal,2024-11,2024.0,"0308 Tratamento de lesoes, envenenamentos e outros, decorrentes de causas externas",113.0,113,71,SIH03
AIH aprovadas,Subgrupo proced.,mensal,2024-11,2024.0,0310 Parto e nascimento,,-,71,SIH03
AIH aprovadas,Subgrupo proced.,mensal,2024-11,2024.0,"0401 Pequenas cirurgias e cirurgias de pele, tecido subcutaneo e mucosa",2.0,2,71,SIH03
AIH aprovadas,Subgrupo proced.,mensal,2024-11,2024.0,0402 Cirurgia de glandulas endocrinas,,-,71,SIH03
AIH aprovadas,Subgrupo proced.,mensal,2024-11,2024.0,0403 Cirurgia do sistema nervoso central e periferico,1.0,1,71,SIH03
AIH aprovadas,Subgrupo proced.,mensal,2024-11,2024.0,"0404 Cirurgia das vias aereas superiores, da face, da cabeca e do pescoco",,-,71,SIH03
AIH aprovadas,Subgrupo proced.,mensal,2024-11,2024.0,0406 Cirurgia do aparelho circulatorio,30.0,30,71,SIH03
AIH aprovadas,Subgrupo proced.,mensal,2024-11,2024.0,"0407 Cirurgia do aparelho digestivo, orgaos anexos e parede abdominal",4.0,4,71,SIH03
AIH aprovadas,Subgrupo proced.,mensal,2024-11,2024.0,0408 Cirurgia do sistema osteomuscular,148.0,148,71,SIH03
AIH aprovadas,Subgrupo proced.,mensal,2024-11,2024.0,0409 Cirurgia do aparelho geniturinario,,-,71,SIH03
AIH aprovadas,Subgrupo proced.,mensal,2024-11,2024.0,0410 Cirurgia de mama,,-,71,SIH03
AIH aprovadas,Subgrupo proced.,mensal,2024-11,2024.0,0412 Cirurgia toracica,2.0,2,71,SIH03
AIH aprovadas,Subgrupo proced.,mensal,2024-11,2024.0,0413 Cirurgia reparadora,,-,71,SIH03
AIH aprovadas,Subgrupo proced.,mensal,2024-11,2024.0,0415 Outras cirurgias,160.0,160,71,SIH03
AIH aprovadas,Subgrupo proced.,mensal,2024-11,2024.0,0503 Acoes relacionadas a doacao de orgaos e tecidos para transplante,,-,71,SIH03
AIH aprovadas,Subgrupo proced.,mensal,2024-11,2024.0,Total,771.0,771,71,SIH03
AIH aprovadas,Subgrupo proced.,mensal,2024-12,2024.0,0201 Coleta de material,,-,72,SIH03
AIH aprovadas,Subgrupo proced.,mensal,2024-12,2024.0,0301 Consultas / Atendimentos / Acompanhamentos,45.0,45,72,SIH03
AIH aprovadas,Subgrupo proced.,mensal,2024-12,2024.0,0303 Tratamentos clinicos (outras especialidades),236.0,236,72,SIH03
AIH aprovadas,Subgrupo proced.,mensal,2024-12,2024.0,0304 Tratamento em oncologia,3.0,3,72,SIH03
AIH aprovadas,Subgrupo proced.,mensal,2024-12,2024.0,0305 Tratamento em nefrologia,39.0,39,72,SIH03
AIH aprovadas,Subgrupo proced.,mensal,2024-12,2024.0,"0308 Tratamento de lesoes, envenenamentos e outros, decorrentes de causas externas",123.0,123,72,SIH03
AIH aprovadas,Subgrupo proced.,mensal,2024-12,2024.0,0310 Parto e nascimento,,-,72,SIH03
AIH aprovadas,Subgrupo proced.,mensal,2024-12,2024.0,"0401 Pequenas cirurgias e cirurgias de pele, tecido subcutaneo e mucosa",,-,72,SIH03
AIH aprovadas,Subgrupo proced.,mensal,2024-12,2024.0,0402 Cirurgia de glandulas endocrinas,,-,72,SIH03
AIH aprovadas,Subgrupo proced.,mensal,2024-12,2024.0,0403 Cirurgia do sistema nervoso central e periferico,1.0,1,72,SIH03
AIH aprovadas,Subgrupo proced.,mensal,2024-12,2024.0,"0404 Cirurgia das vias aereas superiores, da face, da cabeca e do pescoco",,-,72,SIH03
AIH aprovadas,Subgrupo proced.,mensal,2024-12,2024.0,0406 Cirurgia do aparelho circulatorio,35.0,35,72,SIH03
AIH aprovadas,Subgrupo proced.,mensal,2024-12,2024.0,"0407 Cirurgia do aparelho digestivo, orgaos anexos e parede abdominal",3.0,3,72,SIH03
AIH aprovadas,Subgrupo proced.,mensal,2024-12,2024.0,0408 Cirurgia do sistema osteomuscular,141.0,141,72,SIH03
AIH aprovadas,Subgrupo proced.,mensal,2024-12,2024.0,0409 Cirurgia do aparelho geniturinario,,-,72,SIH03
AIH aprovadas,Subgrupo proced.,mensal,2024-12,2024.0,0410 Cirurgia de mama,,-,72,SIH03
AIH aprovadas,Subgrupo proced.,mensal,2024-12,2024.0,0412 Cirurgia toracica,9.0,9,72,SIH03
AIH aprovadas,Subgrupo proced.,mensal,2024-12,2024.0,0413 Cirurgia reparadora,2.0,2,72,SIH03
AIH aprovadas,Subgrupo proced.,mensal,2024-12,2024.0,0415 Outras cirurgias,139.0,139,72,SIH03
AIH aprovadas,Subgrupo proced.,mensal,2024-12,2024.0,0503 Acoes relacionadas a doacao de orgaos e tecidos para transplante,,-,72,SIH03
AIH aprovadas,Subgrupo proced.,mensal,2024-12,2024.0,Total,776.0,776,72,SIH03
AIH aprovadas,Subgrupo proced.,ano_publicado,,2025.0,0201 Coleta de material,2.0,2,73,SIH03
AIH aprovadas,Subgrupo proced.,ano_publicado,,2025.0,0301 Consultas / Atendimentos / Acompanhamentos,1330.0,1330,73,SIH03
AIH aprovadas,Subgrupo proced.,ano_publicado,,2025.0,0303 Tratamentos clinicos (outras especialidades),2437.0,2437,73,SIH03
AIH aprovadas,Subgrupo proced.,ano_publicado,,2025.0,0304 Tratamento em oncologia,16.0,16,73,SIH03
AIH aprovadas,Subgrupo proced.,ano_publicado,,2025.0,0305 Tratamento em nefrologia,227.0,227,73,SIH03
AIH aprovadas,Subgrupo proced.,ano_publicado,,2025.0,"0308 Tratamento de lesoes, envenenamentos e outros, decorrentes de causas externas",573.0,573,73,SIH03
AIH aprovadas,Subgrupo proced.,ano_publicado,,2025.0,0310 Parto e nascimento,,-,73,SIH03
AIH aprovadas,Subgrupo proced.,ano_publicado,,2025.0,"0401 Pequenas cirurgias e cirurgias de pele, tecido subcutaneo e mucosa",40.0,40,73,SIH03
AIH aprovadas,Subgrupo proced.,ano_publicado,,2025.0,0402 Cirurgia de glandulas endocrinas,1.0,1,73,SIH03
AIH aprovadas,Subgrupo proced.,ano_publicado,,2025.0,0403 Cirurgia do sistema nervoso central e periferico,10.0,10,73,SIH03
AIH aprovadas,Subgrupo proced.,ano_publicado,,2025.0,"0404 Cirurgia das vias aereas superiores, da face, da cabeca e do pescoco",2.0,2,73,SIH03
AIH aprovadas,Subgrupo proced.,ano_publicado,,2025.0,0406 Cirurgia do aparelho circulatorio,456.0,456,73,SIH03
AIH aprovadas,Subgrupo proced.,ano_publicado,,2025.0,"0407 Cirurgia do aparelho digestivo, orgaos anexos e parede abdominal",28.0,28,73,SIH03
AIH aprovadas,Subgrupo proced.,ano_publicado,,2025.0,0408 Cirurgia do sistema osteomuscular,2251.0,2251,73,SIH03
AIH aprovadas,Subgrupo proced.,ano_publicado,,2025.0,0409 Cirurgia do aparelho geniturinario,2.0,2,73,SIH03
AIH aprovadas,Subgrupo proced.,ano_publicado,,2025.0,0410 Cirurgia de mama,1.0,1,73,SIH03
AIH aprovadas,Subgrupo proced.,ano_publicado,,2025.0,0412 Cirurgia toracica,83.0,83,73,SIH03
AIH aprovadas,Subgrupo proced.,ano_publicado,,2025.0,0413 Cirurgia reparadora,21.0,21,73,SIH03
AIH aprovadas,Subgrupo proced.,ano_publicado,,2025.0,0415 Outras cirurgias,1502.0,1502,73,SIH03
AIH aprovadas,Subgrupo proced.,ano_publicado,,2025.0,0503 Acoes relacionadas a doacao de orgaos e tecidos para transplante,7.0,7,73,SIH03
AIH aprovadas,Subgrupo proced.,ano_publicado,,2025.0,Total,8989.0,8989,73,SIH03
AIH aprovadas,Subgrupo proced.,mensal,2025-01,2025.0,0201 Coleta de material,,-,74,SIH03
AIH aprovadas,Subgrupo proced.,mensal,2025-01,2025.0,0301 Consultas / Atendimentos / Acompanhamentos,79.0,79,74,SIH03
AIH aprovadas,Subgrupo proced.,mensal,2025-01,2025.0,0303 Tratamentos clinicos (outras especialidades),254.0,254,74,SIH03
AIH aprovadas,Subgrupo proced.,mensal,2025-01,2025.0,0304 Tratamento em oncologia,2.0,2,74,SIH03
AIH aprovadas,Subgrupo proced.,mensal,2025-01,2025.0,0305 Tratamento em nefrologia,24.0,24,74,SIH03
AIH aprovadas,Subgrupo proced.,mensal,2025-01,2025.0,"0308 Tratamento de lesoes, envenenamentos e outros, decorrentes de causas externas",94.0,94,74,SIH03
AIH aprovadas,Subgrupo proced.,mensal,2025-01,2025.0,0310 Parto e nascimento,,-,74,SIH03
AIH aprovadas,Subgrupo proced.,mensal,2025-01,2025.0,"0401 Pequenas cirurgias e cirurgias de pele, tecido subcutaneo e mucosa",3.0,3,74,SIH03
AIH aprovadas,Subgrupo proced.,mensal,2025-01,2025.0,0402 Cirurgia de glandulas endocrinas,,-,74,SIH03
AIH aprovadas,Subgrupo proced.,mensal,2025-01,2025.0,0403 Cirurgia do sistema nervoso central e periferico,1.0,1,74,SIH03
AIH aprovadas,Subgrupo proced.,mensal,2025-01,2025.0,"0404 Cirurgia das vias aereas superiores, da face, da cabeca e do pescoco",,-,74,SIH03
AIH aprovadas,Subgrupo proced.,mensal,2025-01,2025.0,0406 Cirurgia do aparelho circulatorio,51.0,51,74,SIH03
AIH aprovadas,Subgrupo proced.,mensal,2025-01,2025.0,"0407 Cirurgia do aparelho digestivo, orgaos anexos e parede abdominal",1.0,1,74,SIH03
AIH aprovadas,Subgrupo proced.,mensal,2025-01,2025.0,0408 Cirurgia do sistema osteomuscular,157.0,157,74,SIH03
AIH aprovadas,Subgrupo proced.,mensal,2025-01,2025.0,0409 Cirurgia do aparelho geniturinario,,-,74,SIH03
AIH aprovadas,Subgrupo proced.,mensal,2025-01,2025.0,0410 Cirurgia de mama,1.0,1,74,SIH03
AIH aprovadas,Subgrupo proced.,mensal,2025-01,2025.0,0412 Cirurgia toracica,9.0,9,74,SIH03
AIH aprovadas,Subgrupo proced.,mensal,2025-01,2025.0,0413 Cirurgia reparadora,1.0,1,74,SIH03
AIH aprovadas,Subgrupo proced.,mensal,2025-01,2025.0,0415 Outras cirurgias,153.0,153,74,SIH03
AIH aprovadas,Subgrupo proced.,mensal,2025-01,2025.0,0503 Acoes relacionadas a doacao de orgaos e tecidos para transplante,2.0,2,74,SIH03
AIH aprovadas,Subgrupo proced.,mensal,2025-01,2025.0,Total,832.0,832,74,SIH03
AIH aprovadas,Subgrupo proced.,mensal,2025-02,2025.0,0201 Coleta de material,,-,75,SIH03
AIH aprovadas,Subgrupo proced.,mensal,2025-02,2025.0,0301 Consultas / Atendimentos / Acompanhamentos,108.0,108,75,SIH03
AIH aprovadas,Subgrupo proced.,mensal,2025-02,2025.0,0303 Tratamentos clinicos (outras especialidades),241.0,241,75,SIH03
AIH aprovadas,Subgrupo proced.,mensal,2025-02,2025.0,0304 Tratamento em oncologia,2.0,2,75,SIH03
AIH aprovadas,Subgrupo proced.,mensal,2025-02,2025.0,0305 Tratamento em nefrologia,29.0,29,75,SIH03
AIH aprovadas,Subgrupo proced.,mensal,2025-02,2025.0,"0308 Tratamento de lesoes, envenenamentos e outros, decorrentes de causas externas",77.0,77,75,SIH03
AIH aprovadas,Subgrupo proced.,mensal,2025-02,2025.0,0310 Parto e nascimento,,-,75,SIH03
AIH aprovadas,Subgrupo proced.,mensal,2025-02,2025.0,"0401 Pequenas cirurgias e cirurgias de pele, tecido subcutaneo e mucosa",3.0,3,75,SIH03
AIH aprovadas,Subgrupo proced.,mensal,2025-02,2025.0,0402 Cirurgia de glandulas endocrinas,,-,75,SIH03
AIH aprovadas,Subgrupo proced.,mensal,2025-02,2025.0,0403 Cirurgia do sistema nervoso central e periferico,1.0,1,75,SIH03
AIH aprovadas,Subgrupo proced.,mensal,2025-02,2025.0,"0404 Cirurgia das vias aereas superiores, da face, da cabeca e do pescoco",,-,75,SIH03
AIH aprovadas,Subgrupo proced.,mensal,2025-02,2025.0,0406 Cirurgia do aparelho circulatorio,32.0,32,75,SIH03
AIH aprovadas,Subgrupo proced.,mensal,2025-02,2025.0,"0407 Cirurgia do aparelho digestivo, orgaos anexos e parede abdominal",2.0,2,75,SIH03
AIH aprovadas,Subgrupo proced.,mensal,2025-02,2025.0,0408 Cirurgia do sistema osteomuscular,163.0,163,75,SIH03
AIH aprovadas,Subgrupo proced.,mensal,2025-02,2025.0,0409 Cirurgia do aparelho geniturinario,,-,75,SIH03
AIH aprovadas,Subgrupo proced.,mensal,2025-02,2025.0,0410 Cirurgia de mama,,-,75,SIH03
AIH aprovadas,Subgrupo proced.,mensal,2025-02,2025.0,0412 Cirurgia toracica,9.0,9,75,SIH03
AIH aprovadas,Subgrupo proced.,mensal,2025-02,2025.0,0413 Cirurgia reparadora,2.0,2,75,SIH03
AIH aprovadas,Subgrupo proced.,mensal,2025-02,2025.0,0415 Outras cirurgias,130.0,130,75,SIH03
AIH aprovadas,Subgrupo proced.,mensal,2025-02,2025.0,0503 Acoes relacionadas a doacao de orgaos e tecidos para transplante,,-,75,SIH03
AIH aprovadas,Subgrupo proced.,mensal,2025-02,2025.0,Total,799.0,799,75,SIH03
AIH aprovadas,Subgrupo proced.,mensal,2025-03,2025.0,0201 Coleta de material,,-,76,SIH03
AIH aprovadas,Subgrupo proced.,mensal,2025-03,2025.0,0301 Consultas / Atendimentos / Acompanhamentos,125.0,125,76,SIH03
AIH aprovadas,Subgrupo proced.,mensal,2025-03,2025.0,0303 Tratamentos clinicos (outras especialidades),227.0,227,76,SIH03
AIH aprovadas,Subgrupo proced.,mensal,2025-03,2025.0,0304 Tratamento em oncologia,3.0,3,76,SIH03
AIH aprovadas,Subgrupo proced.,mensal,2025-03,2025.0,0305 Tratamento em nefrologia,21.0,21,76,SIH03
AIH aprovadas,Subgrupo proced.,mensal,2025-03,2025.0,"0308 Tratamento de lesoes, envenenamentos e outros, decorrentes de causas externas",49.0,49,76,SIH03
AIH aprovadas,Subgrupo proced.,mensal,2025-03,2025.0,0310 Parto e nascimento,,-,76,SIH03
AIH aprovadas,Subgrupo proced.,mensal,2025-03,2025.0,"0401 Pequenas cirurgias e cirurgias de pele, tecido subcutaneo e mucosa",4.0,4,76,SIH03
AIH aprovadas,Subgrupo proced.,mensal,2025-03,2025.0,0402 Cirurgia de glandulas endocrinas,,-,76,SIH03
AIH aprovadas,Subgrupo proced.,mensal,2025-03,2025.0,0403 Cirurgia do sistema nervoso central e periferico,,-,76,SIH03
AIH aprovadas,Subgrupo proced.,mensal,2025-03,2025.0,"0404 Cirurgia das vias aereas superiores, da face, da cabeca e do pescoco",1.0,1,76,SIH03
AIH aprovadas,Subgrupo proced.,mensal,2025-03,2025.0,0406 Cirurgia do aparelho circulatorio,66.0,66,76,SIH03
AIH aprovadas,Subgrupo proced.,mensal,2025-03,2025.0,"0407 Cirurgia do aparelho digestivo, orgaos anexos e parede abdominal",6.0,6,76,SIH03
AIH aprovadas,Subgrupo proced.,mensal,2025-03,2025.0,0408 Cirurgia do sistema osteomuscular,208.0,208,76,SIH03
AIH aprovadas,Subgrupo proced.,mensal,2025-03,2025.0,0409 Cirurgia do aparelho geniturinario,,-,76,SIH03
AIH aprovadas,Subgrupo proced.,mensal,2025-03,2025.0,0410 Cirurgia de mama,,-,76,SIH03
AIH aprovadas,Subgrupo proced.,mensal,2025-03,2025.0,0412 Cirurgia toracica,8.0,8,76,SIH03
AIH aprovadas,Subgrupo proced.,mensal,2025-03,2025.0,0413 Cirurgia reparadora,3.0,3,76,SIH03
AIH aprovadas,Subgrupo proced.,mensal,2025-03,2025.0,0415 Outras cirurgias,169.0,169,76,SIH03
AIH aprovadas,Subgrupo proced.,mensal,2025-03,2025.0,0503 Acoes relacionadas a doacao de orgaos e tecidos para transplante,2.0,2,76,SIH03
AIH aprovadas,Subgrupo proced.,mensal,2025-03,2025.0,Total,892.0,892,76,SIH03
AIH aprovadas,Subgrupo proced.,mensal,2025-04,2025.0,0201 Coleta de material,,-,77,SIH03
AIH aprovadas,Subgrupo proced.,mensal,2025-04,2025.0,0301 Consultas / Atendimentos / Acompanhamentos,197.0,197,77,SIH03
AIH aprovadas,Subgrupo proced.,mensal,2025-04,2025.0,0303 Tratamentos clinicos (outras especialidades),222.0,222,77,SIH03
AIH aprovadas,Subgrupo proced.,mensal,2025-04,2025.0,0304 Tratamento em oncologia,1.0,1,77,SIH03
AIH aprovadas,Subgrupo proced.,mensal,2025-04,2025.0,0305 Tratamento em nefrologia,20.0,20,77,SIH03
AIH aprovadas,Subgrupo proced.,mensal,2025-04,2025.0,"0308 Tratamento de lesoes, envenenamentos e outros, decorrentes de causas externas",27.0,27,77,SIH03
AIH aprovadas,Subgrupo proced.,mensal,2025-04,2025.0,0310 Parto e nascimento,,-,77,SIH03
AIH aprovadas,Subgrupo proced.,mensal,2025-04,2025.0,"0401 Pequenas cirurgias e cirurgias de pele, tecido subcutaneo e mucosa",7.0,7,77,SIH03
AIH aprovadas,Subgrupo proced.,mensal,2025-04,2025.0,0402 Cirurgia de glandulas endocrinas,,-,77,SIH03
AIH aprovadas,Subgrupo proced.,mensal,2025-04,2025.0,0403 Cirurgia do sistema nervoso central e periferico,4.0,4,77,SIH03
AIH aprovadas,Subgrupo proced.,mensal,2025-04,2025.0,"0404 Cirurgia das vias aereas superiores, da face, da cabeca e do pescoco",1.0,1,77,SIH03
AIH aprovadas,Subgrupo proced.,mensal,2025-04,2025.0,0406 Cirurgia do aparelho circulatorio,45.0,45,77,SIH03
AIH aprovadas,Subgrupo proced.,mensal,2025-04,2025.0,"0407 Cirurgia do aparelho digestivo, orgaos anexos e parede abdominal",1.0,1,77,SIH03
AIH aprovadas,Subgrupo proced.,mensal,2025-04,2025.0,0408 Cirurgia do sistema osteomuscular,165.0,165,77,SIH03
AIH aprovadas,Subgrupo proced.,mensal,2025-04,2025.0,0409 Cirurgia do aparelho geniturinario,,-,77,SIH03
AIH aprovadas,Subgrupo proced.,mensal,2025-04,2025.0,0410 Cirurgia de mama,,-,77,SIH03
AIH aprovadas,Subgrupo proced.,mensal,2025-04,2025.0,0412 Cirurgia toracica,3.0,3,77,SIH03
AIH aprovadas,Subgrupo proced.,mensal,2025-04,2025.0,0413 Cirurgia reparadora,3.0,3,77,SIH03
AIH aprovadas,Subgrupo proced.,mensal,2025-04,2025.0,0415 Outras cirurgias,113.0,113,77,SIH03
AIH aprovadas,Subgrupo proced.,mensal,2025-04,2025.0,0503 Acoes relacionadas a doacao de orgaos e tecidos para transplante,,-,77,SIH03
AIH aprovadas,Subgrupo proced.,mensal,2025-04,2025.0,Total,809.0,809,77,SIH03
AIH aprovadas,Subgrupo proced.,mensal,2025-05,2025.0,0201 Coleta de material,1.0,1,78,SIH03
AIH aprovadas,Subgrupo proced.,mensal,2025-05,2025.0,0301 Consultas / Atendimentos / Acompanhamentos,143.0,143,78,SIH03
AIH aprovadas,Subgrupo proced.,mensal,2025-05,2025.0,0303 Tratamentos clinicos (outras especialidades),228.0,228,78,SIH03
AIH aprovadas,Subgrupo proced.,mensal,2025-05,2025.0,0304 Tratamento em oncologia,2.0,2,78,SIH03
AIH aprovadas,Subgrupo proced.,mensal,2025-05,2025.0,0305 Tratamento em nefrologia,24.0,24,78,SIH03
AIH aprovadas,Subgrupo proced.,mensal,2025-05,2025.0,"0308 Tratamento de lesoes, envenenamentos e outros, decorrentes de causas externas",60.0,60,78,SIH03
AIH aprovadas,Subgrupo proced.,mensal,2025-05,2025.0,0310 Parto e nascimento,,-,78,SIH03
AIH aprovadas,Subgrupo proced.,mensal,2025-05,2025.0,"0401 Pequenas cirurgias e cirurgias de pele, tecido subcutaneo e mucosa",5.0,5,78,SIH03
AIH aprovadas,Subgrupo proced.,mensal,2025-05,2025.0,0402 Cirurgia de glandulas endocrinas,,-,78,SIH03
AIH aprovadas,Subgrupo proced.,mensal,2025-05,2025.0,0403 Cirurgia do sistema nervoso central e periferico,1.0,1,78,SIH03
AIH aprovadas,Subgrupo proced.,mensal,2025-05,2025.0,"0404 Cirurgia das vias aereas superiores, da face, da cabeca e do pescoco",,-,78,SIH03
AIH aprovadas,Subgrupo proced.,mensal,2025-05,2025.0,0406 Cirurgia do aparelho circulatorio,50.0,50,78,SIH03
AIH aprovadas,Subgrupo proced.,mensal,2025-05,2025.0,"0407 Cirurgia do aparelho digestivo, orgaos anexos e parede abdominal",3.0,3,78,SIH03
AIH aprovadas,Subgrupo proced.,mensal,2025-05,2025.0,0408 Cirurgia do sistema osteomuscular,196.0,196,78,SIH03
AIH aprovadas,Subgrupo proced.,mensal,2025-05,2025.0,0409 Cirurgia do aparelho geniturinario,,-,78,SIH03
AIH aprovadas,Subgrupo proced.,mensal,2025-05,2025.0,0410 Cirurgia de mama,,-,78,SIH03
AIH aprovadas,Subgrupo proced.,mensal,2025-05,2025.0,0412 Cirurgia toracica,12.0,12,78,SIH03
AIH aprovadas,Subgrupo proced.,mensal,2025-05,2025.0,0413 Cirurgia reparadora,3.0,3,78,SIH03
AIH aprovadas,Subgrupo proced.,mensal,2025-05,2025.0,0415 Outras cirurgias,151.0,151,78,SIH03
AIH aprovadas,Subgrupo proced.,mensal,2025-05,2025.0,0503 Acoes relacionadas a doacao de orgaos e tecidos para transplante,1.0,1,78,SIH03
AIH aprovadas,Subgrupo proced.,mensal,2025-05,2025.0,Total,880.0,880,78,SIH03
AIH aprovadas,Subgrupo proced.,mensal,2025-06,2025.0,0201 Coleta de material,1.0,1,79,SIH03
AIH aprovadas,Subgrupo proced.,mensal,2025-06,2025.0,0301 Consultas / Atendimentos / Acompanhamentos,113.0,113,79,SIH03
AIH aprovadas,Subgrupo proced.,mensal,2025-06,2025.0,0303 Tratamentos clinicos (outras especialidades),212.0,212,79,SIH03
AIH aprovadas,Subgrupo proced.,mensal,2025-06,2025.0,0304 Tratamento em oncologia,2.0,2,79,SIH03
AIH aprovadas,Subgrupo proced.,mensal,2025-06,2025.0,0305 Tratamento em nefrologia,15.0,15,79,SIH03
AIH aprovadas,Subgrupo proced.,mensal,2025-06,2025.0,"0308 Tratamento de lesoes, envenenamentos e outros, decorrentes de causas externas",35.0,35,79,SIH03
AIH aprovadas,Subgrupo proced.,mensal,2025-06,2025.0,0310 Parto e nascimento,,-,79,SIH03
AIH aprovadas,Subgrupo proced.,mensal,2025-06,2025.0,"0401 Pequenas cirurgias e cirurgias de pele, tecido subcutaneo e mucosa",7.0,7,79,SIH03
AIH aprovadas,Subgrupo proced.,mensal,2025-06,2025.0,0402 Cirurgia de glandulas endocrinas,,-,79,SIH03
AIH aprovadas,Subgrupo proced.,mensal,2025-06,2025.0,0403 Cirurgia do sistema nervoso central e periferico,,-,79,SIH03
AIH aprovadas,Subgrupo proced.,mensal,2025-06,2025.0,"0404 Cirurgia das vias aereas superiores, da face, da cabeca e do pescoco",,-,79,SIH03
AIH aprovadas,Subgrupo proced.,mensal,2025-06,2025.0,0406 Cirurgia do aparelho circulatorio,29.0,29,79,SIH03
AIH aprovadas,Subgrupo proced.,mensal,2025-06,2025.0,"0407 Cirurgia do aparelho digestivo, orgaos anexos e parede abdominal",2.0,2,79,SIH03
AIH aprovadas,Subgrupo proced.,mensal,2025-06,2025.0,0408 Cirurgia do sistema osteomuscular,179.0,179,79,SIH03
AIH aprovadas,Subgrupo proced.,mensal,2025-06,2025.0,0409 Cirurgia do aparelho geniturinario,1.0,1,79,SIH03
AIH aprovadas,Subgrupo proced.,mensal,2025-06,2025.0,0410 Cirurgia de mama,,-,79,SIH03
AIH aprovadas,Subgrupo proced.,mensal,2025-06,2025.0,0412 Cirurgia toracica,5.0,5,79,SIH03
AIH aprovadas,Subgrupo proced.,mensal,2025-06,2025.0,0413 Cirurgia reparadora,,-,79,SIH03
AIH aprovadas,Subgrupo proced.,mensal,2025-06,2025.0,0415 Outras cirurgias,121.0,121,79,SIH03
AIH aprovadas,Subgrupo proced.,mensal,2025-06,2025.0,0503 Acoes relacionadas a doacao de orgaos e tecidos para transplante,,-,79,SIH03
AIH aprovadas,Subgrupo proced.,mensal,2025-06,2025.0,Total,722.0,722,79,SIH03
AIH aprovadas,Subgrupo proced.,mensal,2025-07,2025.0,0201 Coleta de material,,-,80,SIH03
AIH aprovadas,Subgrupo proced.,mensal,2025-07,2025.0,0301 Consultas / Atendimentos / Acompanhamentos,75.0,75,80,SIH03
AIH aprovadas,Subgrupo proced.,mensal,2025-07,2025.0,0303 Tratamentos clinicos (outras especialidades),185.0,185,80,SIH03
AIH aprovadas,Subgrupo proced.,mensal,2025-07,2025.0,0304 Tratamento em oncologia,,-,80,SIH03
AIH aprovadas,Subgrupo proced.,mensal,2025-07,2025.0,0305 Tratamento em nefrologia,17.0,17,80,SIH03
AIH aprovadas,Subgrupo proced.,mensal,2025-07,2025.0,"0308 Tratamento de lesoes, envenenamentos e outros, decorrentes de causas externas",42.0,42,80,SIH03
AIH aprovadas,Subgrupo proced.,mensal,2025-07,2025.0,0310 Parto e nascimento,,-,80,SIH03
AIH aprovadas,Subgrupo proced.,mensal,2025-07,2025.0,"0401 Pequenas cirurgias e cirurgias de pele, tecido subcutaneo e mucosa",4.0,4,80,SIH03
AIH aprovadas,Subgrupo proced.,mensal,2025-07,2025.0,0402 Cirurgia de glandulas endocrinas,,-,80,SIH03
AIH aprovadas,Subgrupo proced.,mensal,2025-07,2025.0,0403 Cirurgia do sistema nervoso central e periferico,,-,80,SIH03
AIH aprovadas,Subgrupo proced.,mensal,2025-07,2025.0,"0404 Cirurgia das vias aereas superiores, da face, da cabeca e do pescoco",,-,80,SIH03
AIH aprovadas,Subgrupo proced.,mensal,2025-07,2025.0,0406 Cirurgia do aparelho circulatorio,5.0,5,80,SIH03
AIH aprovadas,Subgrupo proced.,mensal,2025-07,2025.0,"0407 Cirurgia do aparelho digestivo, orgaos anexos e parede abdominal",2.0,2,80,SIH03
AIH aprovadas,Subgrupo proced.,mensal,2025-07,2025.0,0408 Cirurgia do sistema osteomuscular,179.0,179,80,SIH03
AIH aprovadas,Subgrupo proced.,mensal,2025-07,2025.0,0409 Cirurgia do aparelho geniturinario,,-,80,SIH03
AIH aprovadas,Subgrupo proced.,mensal,2025-07,2025.0,0410 Cirurgia de mama,,-,80,SIH03
AIH aprovadas,Subgrupo proced.,mensal,2025-07,2025.0,0412 Cirurgia toracica,7.0,7,80,SIH03
AIH aprovadas,Subgrupo proced.,mensal,2025-07,2025.0,0413 Cirurgia reparadora,,-,80,SIH03
AIH aprovadas,Subgrupo proced.,mensal,2025-07,2025.0,0415 Outras cirurgias,96.0,96,80,SIH03
AIH aprovadas,Subgrupo proced.,mensal,2025-07,2025.0,0503 Acoes relacionadas a doacao de orgaos e tecidos para transplante,1.0,1,80,SIH03
AIH aprovadas,Subgrupo proced.,mensal,2025-07,2025.0,Total,613.0,613,80,SIH03
AIH aprovadas,Subgrupo proced.,mensal,2025-08,2025.0,0201 Coleta de material,,-,81,SIH03
AIH aprovadas,Subgrupo proced.,mensal,2025-08,2025.0,0301 Consultas / Atendimentos / Acompanhamentos,114.0,114,81,SIH03
AIH aprovadas,Subgrupo proced.,mensal,2025-08,2025.0,0303 Tratamentos clinicos (outras especialidades),207.0,207,81,SIH03
AIH aprovadas,Subgrupo proced.,mensal,2025-08,2025.0,0304 Tratamento em oncologia,4.0,4,81,SIH03
AIH aprovadas,Subgrupo proced.,mensal,2025-08,2025.0,0305 Tratamento em nefrologia,16.0,16,81,SIH03
AIH aprovadas,Subgrupo proced.,mensal,2025-08,2025.0,"0308 Tratamento de lesoes, envenenamentos e outros, decorrentes de causas externas",34.0,34,81,SIH03
AIH aprovadas,Subgrupo proced.,mensal,2025-08,2025.0,0310 Parto e nascimento,,-,81,SIH03
AIH aprovadas,Subgrupo proced.,mensal,2025-08,2025.0,"0401 Pequenas cirurgias e cirurgias de pele, tecido subcutaneo e mucosa",,-,81,SIH03
AIH aprovadas,Subgrupo proced.,mensal,2025-08,2025.0,0402 Cirurgia de glandulas endocrinas,,-,81,SIH03
AIH aprovadas,Subgrupo proced.,mensal,2025-08,2025.0,0403 Cirurgia do sistema nervoso central e periferico,,-,81,SIH03
AIH aprovadas,Subgrupo proced.,mensal,2025-08,2025.0,"0404 Cirurgia das vias aereas superiores, da face, da cabeca e do pescoco",,-,81,SIH03
AIH aprovadas,Subgrupo proced.,mensal,2025-08,2025.0,0406 Cirurgia do aparelho circulatorio,11.0,11,81,SIH03
AIH aprovadas,Subgrupo proced.,mensal,2025-08,2025.0,"0407 Cirurgia do aparelho digestivo, orgaos anexos e parede abdominal",4.0,4,81,SIH03
AIH aprovadas,Subgrupo proced.,mensal,2025-08,2025.0,0408 Cirurgia do sistema osteomuscular,185.0,185,81,SIH03
AIH aprovadas,Subgrupo proced.,mensal,2025-08,2025.0,0409 Cirurgia do aparelho geniturinario,,-,81,SIH03
AIH aprovadas,Subgrupo proced.,mensal,2025-08,2025.0,0410 Cirurgia de mama,,-,81,SIH03
AIH aprovadas,Subgrupo proced.,mensal,2025-08,2025.0,0412 Cirurgia toracica,10.0,10,81,SIH03
AIH aprovadas,Subgrupo proced.,mensal,2025-08,2025.0,0413 Cirurgia reparadora,,-,81,SIH03
AIH aprovadas,Subgrupo proced.,mensal,2025-08,2025.0,0415 Outras cirurgias,91.0,91,81,SIH03
AIH aprovadas,Subgrupo proced.,mensal,2025-08,2025.0,0503 Acoes relacionadas a doacao de orgaos e tecidos para transplante,,-,81,SIH03
AIH aprovadas,Subgrupo proced.,mensal,2025-08,2025.0,Total,676.0,676,81,SIH03
AIH aprovadas,Subgrupo proced.,mensal,2025-09,2025.0,0201 Coleta de material,,-,82,SIH03
AIH aprovadas,Subgrupo proced.,mensal,2025-09,2025.0,0301 Consultas / Atendimentos / Acompanhamentos,80.0,80,82,SIH03
AIH aprovadas,Subgrupo proced.,mensal,2025-09,2025.0,0303 Tratamentos clinicos (outras especialidades),178.0,178,82,SIH03
AIH aprovadas,Subgrupo proced.,mensal,2025-09,2025.0,0304 Tratamento em oncologia,,-,82,SIH03
AIH aprovadas,Subgrupo proced.,mensal,2025-09,2025.0,0305 Tratamento em nefrologia,19.0,19,82,SIH03
AIH aprovadas,Subgrupo proced.,mensal,2025-09,2025.0,"0308 Tratamento de lesoes, envenenamentos e outros, decorrentes de causas externas",34.0,34,82,SIH03
AIH aprovadas,Subgrupo proced.,mensal,2025-09,2025.0,0310 Parto e nascimento,,-,82,SIH03
AIH aprovadas,Subgrupo proced.,mensal,2025-09,2025.0,"0401 Pequenas cirurgias e cirurgias de pele, tecido subcutaneo e mucosa",3.0,3,82,SIH03
AIH aprovadas,Subgrupo proced.,mensal,2025-09,2025.0,0402 Cirurgia de glandulas endocrinas,1.0,1,82,SIH03
AIH aprovadas,Subgrupo proced.,mensal,2025-09,2025.0,0403 Cirurgia do sistema nervoso central e periferico,,-,82,SIH03
AIH aprovadas,Subgrupo proced.,mensal,2025-09,2025.0,"0404 Cirurgia das vias aereas superiores, da face, da cabeca e do pescoco",,-,82,SIH03
AIH aprovadas,Subgrupo proced.,mensal,2025-09,2025.0,0406 Cirurgia do aparelho circulatorio,41.0,41,82,SIH03
AIH aprovadas,Subgrupo proced.,mensal,2025-09,2025.0,"0407 Cirurgia do aparelho digestivo, orgaos anexos e parede abdominal",,-,82,SIH03
AIH aprovadas,Subgrupo proced.,mensal,2025-09,2025.0,0408 Cirurgia do sistema osteomuscular,178.0,178,82,SIH03
AIH aprovadas,Subgrupo proced.,mensal,2025-09,2025.0,0409 Cirurgia do aparelho geniturinario,,-,82,SIH03
AIH aprovadas,Subgrupo proced.,mensal,2025-09,2025.0,0410 Cirurgia de mama,,-,82,SIH03
AIH aprovadas,Subgrupo proced.,mensal,2025-09,2025.0,0412 Cirurgia toracica,3.0,3,82,SIH03
AIH aprovadas,Subgrupo proced.,mensal,2025-09,2025.0,0413 Cirurgia reparadora,,-,82,SIH03
AIH aprovadas,Subgrupo proced.,mensal,2025-09,2025.0,0415 Outras cirurgias,113.0,113,82,SIH03
AIH aprovadas,Subgrupo proced.,mensal,2025-09,2025.0,0503 Acoes relacionadas a doacao de orgaos e tecidos para transplante,1.0,1,82,SIH03
AIH aprovadas,Subgrupo proced.,mensal,2025-09,2025.0,Total,651.0,651,82,SIH03
AIH aprovadas,Subgrupo proced.,mensal,2025-10,2025.0,0201 Coleta de material,,-,83,SIH03
AIH aprovadas,Subgrupo proced.,mensal,2025-10,2025.0,0301 Consultas / Atendimentos / Acompanhamentos,107.0,107,83,SIH03
AIH aprovadas,Subgrupo proced.,mensal,2025-10,2025.0,0303 Tratamentos clinicos (outras especialidades),172.0,172,83,SIH03
AIH aprovadas,Subgrupo proced.,mensal,2025-10,2025.0,0304 Tratamento em oncologia,,-,83,SIH03
AIH aprovadas,Subgrupo proced.,mensal,2025-10,2025.0,0305 Tratamento em nefrologia,20.0,20,83,SIH03
AIH aprovadas,Subgrupo proced.,mensal,2025-10,2025.0,"0308 Tratamento de lesoes, envenenamentos e outros, decorrentes de causas externas",25.0,25,83,SIH03
AIH aprovadas,Subgrupo proced.,mensal,2025-10,2025.0,0310 Parto e nascimento,,-,83,SIH03
AIH aprovadas,Subgrupo proced.,mensal,2025-10,2025.0,"0401 Pequenas cirurgias e cirurgias de pele, tecido subcutaneo e mucosa",,-,83,SIH03
AIH aprovadas,Subgrupo proced.,mensal,2025-10,2025.0,0402 Cirurgia de glandulas endocrinas,,-,83,SIH03
AIH aprovadas,Subgrupo proced.,mensal,2025-10,2025.0,0403 Cirurgia do sistema nervoso central e periferico,2.0,2,83,SIH03
AIH aprovadas,Subgrupo proced.,mensal,2025-10,2025.0,"0404 Cirurgia das vias aereas superiores, da face, da cabeca e do pescoco",,-,83,SIH03
AIH aprovadas,Subgrupo proced.,mensal,2025-10,2025.0,0406 Cirurgia do aparelho circulatorio,46.0,46,83,SIH03
AIH aprovadas,Subgrupo proced.,mensal,2025-10,2025.0,"0407 Cirurgia do aparelho digestivo, orgaos anexos e parede abdominal",2.0,2,83,SIH03
AIH aprovadas,Subgrupo proced.,mensal,2025-10,2025.0,0408 Cirurgia do sistema osteomuscular,207.0,207,83,SIH03
AIH aprovadas,Subgrupo proced.,mensal,2025-10,2025.0,0409 Cirurgia do aparelho geniturinario,,-,83,SIH03
AIH aprovadas,Subgrupo proced.,mensal,2025-10,2025.0,0410 Cirurgia de mama,,-,83,SIH03
AIH aprovadas,Subgrupo proced.,mensal,2025-10,2025.0,0412 Cirurgia toracica,5.0,5,83,SIH03
AIH aprovadas,Subgrupo proced.,mensal,2025-10,2025.0,0413 Cirurgia reparadora,2.0,2,83,SIH03
AIH aprovadas,Subgrupo proced.,mensal,2025-10,2025.0,0415 Outras cirurgias,115.0,115,83,SIH03
AIH aprovadas,Subgrupo proced.,mensal,2025-10,2025.0,0503 Acoes relacionadas a doacao de orgaos e tecidos para transplante,,-,83,SIH03
AIH aprovadas,Subgrupo proced.,mensal,2025-10,2025.0,Total,703.0,703,83,SIH03
AIH aprovadas,Subgrupo proced.,mensal,2025-11,2025.0,0201 Coleta de material,,-,84,SIH03
AIH aprovadas,Subgrupo proced.,mensal,2025-11,2025.0,0301 Consultas / Atendimentos / Acompanhamentos,112.0,112,84,SIH03
AIH aprovadas,Subgrupo proced.,mensal,2025-11,2025.0,0303 Tratamentos clinicos (outras especialidades),179.0,179,84,SIH03
AIH aprovadas,Subgrupo proced.,mensal,2025-11,2025.0,0304 Tratamento em oncologia,,-,84,SIH03
AIH aprovadas,Subgrupo proced.,mensal,2025-11,2025.0,0305 Tratamento em nefrologia,20.0,20,84,SIH03
AIH aprovadas,Subgrupo proced.,mensal,2025-11,2025.0,"0308 Tratamento de lesoes, envenenamentos e outros, decorrentes de causas externas",30.0,30,84,SIH03
AIH aprovadas,Subgrupo proced.,mensal,2025-11,2025.0,0310 Parto e nascimento,,-,84,SIH03
AIH aprovadas,Subgrupo proced.,mensal,2025-11,2025.0,"0401 Pequenas cirurgias e cirurgias de pele, tecido subcutaneo e mucosa",3.0,3,84,SIH03
AIH aprovadas,Subgrupo proced.,mensal,2025-11,2025.0,0402 Cirurgia de glandulas endocrinas,,-,84,SIH03
AIH aprovadas,Subgrupo proced.,mensal,2025-11,2025.0,0403 Cirurgia do sistema nervoso central e periferico,1.0,1,84,SIH03
AIH aprovadas,Subgrupo proced.,mensal,2025-11,2025.0,"0404 Cirurgia das vias aereas superiores, da face, da cabeca e do pescoco",,-,84,SIH03
AIH aprovadas,Subgrupo proced.,mensal,2025-11,2025.0,0406 Cirurgia do aparelho circulatorio,30.0,30,84,SIH03
AIH aprovadas,Subgrupo proced.,mensal,2025-11,2025.0,"0407 Cirurgia do aparelho digestivo, orgaos anexos e parede abdominal",2.0,2,84,SIH03
AIH aprovadas,Subgrupo proced.,mensal,2025-11,2025.0,0408 Cirurgia do sistema osteomuscular,208.0,208,84,SIH03
AIH aprovadas,Subgrupo proced.,mensal,2025-11,2025.0,0409 Cirurgia do aparelho geniturinario,,-,84,SIH03
AIH aprovadas,Subgrupo proced.,mensal,2025-11,2025.0,0410 Cirurgia de mama,,-,84,SIH03
AIH aprovadas,Subgrupo proced.,mensal,2025-11,2025.0,0412 Cirurgia toracica,10.0,10,84,SIH03
AIH aprovadas,Subgrupo proced.,mensal,2025-11,2025.0,0413 Cirurgia reparadora,5.0,5,84,SIH03
AIH aprovadas,Subgrupo proced.,mensal,2025-11,2025.0,0415 Outras cirurgias,119.0,119,84,SIH03
AIH aprovadas,Subgrupo proced.,mensal,2025-11,2025.0,0503 Acoes relacionadas a doacao de orgaos e tecidos para transplante,,-,84,SIH03
AIH aprovadas,Subgrupo proced.,mensal,2025-11,2025.0,Total,719.0,719,84,SIH03
AIH aprovadas,Subgrupo proced.,mensal,2025-12,2025.0,0201 Coleta de material,,-,85,SIH03
AIH aprovadas,Subgrupo proced.,mensal,2025-12,2025.0,0301 Consultas / Atendimentos / Acompanhamentos,77.0,77,85,SIH03
AIH aprovadas,Subgrupo proced.,mensal,2025-12,2025.0,0303 Tratamentos clinicos (outras especialidades),132.0,132,85,SIH03
AIH aprovadas,Subgrupo proced.,mensal,2025-12,2025.0,0304 Tratamento em oncologia,,-,85,SIH03
AIH aprovadas,Subgrupo proced.,mensal,2025-12,2025.0,0305 Tratamento em nefrologia,2.0,2,85,SIH03
AIH aprovadas,Subgrupo proced.,mensal,2025-12,2025.0,"0308 Tratamento de lesoes, envenenamentos e outros, decorrentes de causas externas",66.0,66,85,SIH03
AIH aprovadas,Subgrupo proced.,mensal,2025-12,2025.0,0310 Parto e nascimento,,-,85,SIH03
AIH aprovadas,Subgrupo proced.,mensal,2025-12,2025.0,"0401 Pequenas cirurgias e cirurgias de pele, tecido subcutaneo e mucosa",1.0,1,85,SIH03
AIH aprovadas,Subgrupo proced.,mensal,2025-12,2025.0,0402 Cirurgia de glandulas endocrinas,,-,85,SIH03
AIH aprovadas,Subgrupo proced.,mensal,2025-12,2025.0,0403 Cirurgia do sistema nervoso central e periferico,,-,85,SIH03
AIH aprovadas,Subgrupo proced.,mensal,2025-12,2025.0,"0404 Cirurgia das vias aereas superiores, da face, da cabeca e do pescoco",,-,85,SIH03
AIH aprovadas,Subgrupo proced.,mensal,2025-12,2025.0,0406 Cirurgia do aparelho circulatorio,50.0,50,85,SIH03
AIH aprovadas,Subgrupo proced.,mensal,2025-12,2025.0,"0407 Cirurgia do aparelho digestivo, orgaos anexos e parede abdominal",3.0,3,85,SIH03
AIH aprovadas,Subgrupo proced.,mensal,2025-12,2025.0,0408 Cirurgia do sistema osteomuscular,226.0,226,85,SIH03
AIH aprovadas,Subgrupo proced.,mensal,2025-12,2025.0,0409 Cirurgia do aparelho geniturinario,1.0,1,85,SIH03
AIH aprovadas,Subgrupo proced.,mensal,2025-12,2025.0,0410 Cirurgia de mama,,-,85,SIH03
AIH aprovadas,Subgrupo proced.,mensal,2025-12,2025.0,0412 Cirurgia toracica,2.0,2,85,SIH03
AIH aprovadas,Subgrupo proced.,mensal,2025-12,2025.0,0413 Cirurgia reparadora,2.0,2,85,SIH03
AIH aprovadas,Subgrupo proced.,mensal,2025-12,2025.0,0415 Outras cirurgias,131.0,131,85,SIH03
AIH aprovadas,Subgrupo proced.,mensal,2025-12,2025.0,0503 Acoes relacionadas a doacao de orgaos e tecidos para transplante,,-,85,SIH03
AIH aprovadas,Subgrupo proced.,mensal,2025-12,2025.0,Total,693.0,693,85,SIH03
AIH aprovadas,Subgrupo proced.,ano_publicado,,2026.0,0201 Coleta de material,3.0,3,86,SIH03
AIH aprovadas,Subgrupo proced.,ano_publicado,,2026.0,0301 Consultas / Atendimentos / Acompanhamentos,565.0,565,86,SIH03
AIH aprovadas,Subgrupo proced.,ano_publicado,,2026.0,0303 Tratamentos clinicos (outras especialidades),1345.0,1345,86,SIH03
AIH aprovadas,Subgrupo proced.,ano_publicado,,2026.0,0304 Tratamento em oncologia,5.0,5,86,SIH03
AIH aprovadas,Subgrupo proced.,ano_publicado,,2026.0,0305 Tratamento em nefrologia,80.0,80,86,SIH03
AIH aprovadas,Subgrupo proced.,ano_publicado,,2026.0,"0308 Tratamento de lesoes, envenenamentos e outros, decorrentes de causas externas",372.0,372,86,SIH03
AIH aprovadas,Subgrupo proced.,ano_publicado,,2026.0,0310 Parto e nascimento,,-,86,SIH03
AIH aprovadas,Subgrupo proced.,ano_publicado,,2026.0,"0401 Pequenas cirurgias e cirurgias de pele, tecido subcutaneo e mucosa",11.0,11,86,SIH03
AIH aprovadas,Subgrupo proced.,ano_publicado,,2026.0,0402 Cirurgia de glandulas endocrinas,,-,86,SIH03
AIH aprovadas,Subgrupo proced.,ano_publicado,,2026.0,0403 Cirurgia do sistema nervoso central e periferico,2.0,2,86,SIH03
AIH aprovadas,Subgrupo proced.,ano_publicado,,2026.0,"0404 Cirurgia das vias aereas superiores, da face, da cabeca e do pescoco",,-,86,SIH03
AIH aprovadas,Subgrupo proced.,ano_publicado,,2026.0,0406 Cirurgia do aparelho circulatorio,255.0,255,86,SIH03
AIH aprovadas,Subgrupo proced.,ano_publicado,,2026.0,"0407 Cirurgia do aparelho digestivo, orgaos anexos e parede abdominal",10.0,10,86,SIH03
AIH aprovadas,Subgrupo proced.,ano_publicado,,2026.0,0408 Cirurgia do sistema osteomuscular,1108.0,1108,86,SIH03
AIH aprovadas,Subgrupo proced.,ano_publicado,,2026.0,0409 Cirurgia do aparelho geniturinario,3.0,3,86,SIH03
AIH aprovadas,Subgrupo proced.,ano_publicado,,2026.0,0410 Cirurgia de mama,,-,86,SIH03
AIH aprovadas,Subgrupo proced.,ano_publicado,,2026.0,0412 Cirurgia toracica,51.0,51,86,SIH03
AIH aprovadas,Subgrupo proced.,ano_publicado,,2026.0,0413 Cirurgia reparadora,16.0,16,86,SIH03
AIH aprovadas,Subgrupo proced.,ano_publicado,,2026.0,0415 Outras cirurgias,979.0,979,86,SIH03
AIH aprovadas,Subgrupo proced.,ano_publicado,,2026.0,0503 Acoes relacionadas a doacao de orgaos e tecidos para transplante,7.0,7,86,SIH03
AIH aprovadas,Subgrupo proced.,ano_publicado,,2026.0,Total,4812.0,4812,86,SIH03
AIH aprovadas,Subgrupo proced.,mensal,2026-01,2026.0,0201 Coleta de material,1.0,1,87,SIH03
AIH aprovadas,Subgrupo proced.,mensal,2026-01,2026.0,0301 Consultas / Atendimentos / Acompanhamentos,86.0,86,87,SIH03
AIH aprovadas,Subgrupo proced.,mensal,2026-01,2026.0,0303 Tratamentos clinicos (outras especialidades),204.0,204,87,SIH03
AIH aprovadas,Subgrupo proced.,mensal,2026-01,2026.0,0304 Tratamento em oncologia,,-,87,SIH03
AIH aprovadas,Subgrupo proced.,mensal,2026-01,2026.0,0305 Tratamento em nefrologia,11.0,11,87,SIH03
AIH aprovadas,Subgrupo proced.,mensal,2026-01,2026.0,"0308 Tratamento de lesoes, envenenamentos e outros, decorrentes de causas externas",40.0,40,87,SIH03
AIH aprovadas,Subgrupo proced.,mensal,2026-01,2026.0,0310 Parto e nascimento,,-,87,SIH03
AIH aprovadas,Subgrupo proced.,mensal,2026-01,2026.0,"0401 Pequenas cirurgias e cirurgias de pele, tecido subcutaneo e mucosa",,-,87,SIH03
AIH aprovadas,Subgrupo proced.,mensal,2026-01,2026.0,0402 Cirurgia de glandulas endocrinas,,-,87,SIH03
AIH aprovadas,Subgrupo proced.,mensal,2026-01,2026.0,0403 Cirurgia do sistema nervoso central e periferico,,-,87,SIH03
AIH aprovadas,Subgrupo proced.,mensal,2026-01,2026.0,"0404 Cirurgia das vias aereas superiores, da face, da cabeca e do pescoco",,-,87,SIH03
AIH aprovadas,Subgrupo proced.,mensal,2026-01,2026.0,0406 Cirurgia do aparelho circulatorio,43.0,43,87,SIH03
AIH aprovadas,Subgrupo proced.,mensal,2026-01,2026.0,"0407 Cirurgia do aparelho digestivo, orgaos anexos e parede abdominal",5.0,5,87,SIH03
AIH aprovadas,Subgrupo proced.,mensal,2026-01,2026.0,0408 Cirurgia do sistema osteomuscular,166.0,166,87,SIH03
AIH aprovadas,Subgrupo proced.,mensal,2026-01,2026.0,0409 Cirurgia do aparelho geniturinario,,-,87,SIH03
AIH aprovadas,Subgrupo proced.,mensal,2026-01,2026.0,0410 Cirurgia de mama,,-,87,SIH03
AIH aprovadas,Subgrupo proced.,mensal,2026-01,2026.0,0412 Cirurgia toracica,12.0,12,87,SIH03
AIH aprovadas,Subgrupo proced.,mensal,2026-01,2026.0,0413 Cirurgia reparadora,,-,87,SIH03
AIH aprovadas,Subgrupo proced.,mensal,2026-01,2026.0,0415 Outras cirurgias,133.0,133,87,SIH03
AIH aprovadas,Subgrupo proced.,mensal,2026-01,2026.0,0503 Acoes relacionadas a doacao de orgaos e tecidos para transplante,,-,87,SIH03
AIH aprovadas,Subgrupo proced.,mensal,2026-01,2026.0,Total,701.0,701,87,SIH03
AIH aprovadas,Subgrupo proced.,mensal,2026-02,2026.0,0201 Coleta de material,,-,88,SIH03
AIH aprovadas,Subgrupo proced.,mensal,2026-02,2026.0,0301 Consultas / Atendimentos / Acompanhamentos,82.0,82,88,SIH03
AIH aprovadas,Subgrupo proced.,mensal,2026-02,2026.0,0303 Tratamentos clinicos (outras especialidades),174.0,174,88,SIH03
AIH aprovadas,Subgrupo proced.,mensal,2026-02,2026.0,0304 Tratamento em oncologia,2.0,2,88,SIH03
AIH aprovadas,Subgrupo proced.,mensal,2026-02,2026.0,0305 Tratamento em nefrologia,8.0,8,88,SIH03
AIH aprovadas,Subgrupo proced.,mensal,2026-02,2026.0,"0308 Tratamento de lesoes, envenenamentos e outros, decorrentes de causas externas",52.0,52,88,SIH03
AIH aprovadas,Subgrupo proced.,mensal,2026-02,2026.0,0310 Parto e nascimento,,-,88,SIH03
AIH aprovadas,Subgrupo proced.,mensal,2026-02,2026.0,"0401 Pequenas cirurgias e cirurgias de pele, tecido subcutaneo e mucosa",2.0,2,88,SIH03
AIH aprovadas,Subgrupo proced.,mensal,2026-02,2026.0,0402 Cirurgia de glandulas endocrinas,,-,88,SIH03
AIH aprovadas,Subgrupo proced.,mensal,2026-02,2026.0,0403 Cirurgia do sistema nervoso central e periferico,,-,88,SIH03
AIH aprovadas,Subgrupo proced.,mensal,2026-02,2026.0,"0404 Cirurgia das vias aereas superiores, da face, da cabeca e do pescoco",,-,88,SIH03
AIH aprovadas,Subgrupo proced.,mensal,2026-02,2026.0,0406 Cirurgia do aparelho circulatorio,27.0,27,88,SIH03
AIH aprovadas,Subgrupo proced.,mensal,2026-02,2026.0,"0407 Cirurgia do aparelho digestivo, orgaos anexos e parede abdominal",,-,88,SIH03
AIH aprovadas,Subgrupo proced.,mensal,2026-02,2026.0,0408 Cirurgia do sistema osteomuscular,159.0,159,88,SIH03
AIH aprovadas,Subgrupo proced.,mensal,2026-02,2026.0,0409 Cirurgia do aparelho geniturinario,1.0,1,88,SIH03
AIH aprovadas,Subgrupo proced.,mensal,2026-02,2026.0,0410 Cirurgia de mama,,-,88,SIH03
AIH aprovadas,Subgrupo proced.,mensal,2026-02,2026.0,0412 Cirurgia toracica,5.0,5,88,SIH03
AIH aprovadas,Subgrupo proced.,mensal,2026-02,2026.0,0413 Cirurgia reparadora,,-,88,SIH03
AIH aprovadas,Subgrupo proced.,mensal,2026-02,2026.0,0415 Outras cirurgias,84.0,84,88,SIH03
AIH aprovadas,Subgrupo proced.,mensal,2026-02,2026.0,0503 Acoes relacionadas a doacao de orgaos e tecidos para transplante,1.0,1,88,SIH03
AIH aprovadas,Subgrupo proced.,mensal,2026-02,2026.0,Total,597.0,597,88,SIH03
AIH aprovadas,Subgrupo proced.,mensal,2026-03,2026.0,0201 Coleta de material,,-,89,SIH03
AIH aprovadas,Subgrupo proced.,mensal,2026-03,2026.0,0301 Consultas / Atendimentos / Acompanhamentos,72.0,72,89,SIH03
AIH aprovadas,Subgrupo proced.,mensal,2026-03,2026.0,0303 Tratamentos clinicos (outras especialidades),186.0,186,89,SIH03
AIH aprovadas,Subgrupo proced.,mensal,2026-03,2026.0,0304 Tratamento em oncologia,,-,89,SIH03
AIH aprovadas,Subgrupo proced.,mensal,2026-03,2026.0,0305 Tratamento em nefrologia,9.0,9,89,SIH03
AIH aprovadas,Subgrupo proced.,mensal,2026-03,2026.0,"0308 Tratamento de lesoes, envenenamentos e outros, decorrentes de causas externas",56.0,56,89,SIH03
AIH aprovadas,Subgrupo proced.,mensal,2026-03,2026.0,0310 Parto e nascimento,,-,89,SIH03
AIH aprovadas,Subgrupo proced.,mensal,2026-03,2026.0,"0401 Pequenas cirurgias e cirurgias de pele, tecido subcutaneo e mucosa",1.0,1,89,SIH03
AIH aprovadas,Subgrupo proced.,mensal,2026-03,2026.0,0402 Cirurgia de glandulas endocrinas,,-,89,SIH03
AIH aprovadas,Subgrupo proced.,mensal,2026-03,2026.0,0403 Cirurgia do sistema nervoso central e periferico,1.0,1,89,SIH03
AIH aprovadas,Subgrupo proced.,mensal,2026-03,2026.0,"0404 Cirurgia das vias aereas superiores, da face, da cabeca e do pescoco",,-,89,SIH03
AIH aprovadas,Subgrupo proced.,mensal,2026-03,2026.0,0406 Cirurgia do aparelho circulatorio,48.0,48,89,SIH03
AIH aprovadas,Subgrupo proced.,mensal,2026-03,2026.0,"0407 Cirurgia do aparelho digestivo, orgaos anexos e parede abdominal",1.0,1,89,SIH03
AIH aprovadas,Subgrupo proced.,mensal,2026-03,2026.0,0408 Cirurgia do sistema osteomuscular,173.0,173,89,SIH03
AIH aprovadas,Subgrupo proced.,mensal,2026-03,2026.0,0409 Cirurgia do aparelho geniturinario,1.0,1,89,SIH03
AIH aprovadas,Subgrupo proced.,mensal,2026-03,2026.0,0410 Cirurgia de mama,,-,89,SIH03
AIH aprovadas,Subgrupo proced.,mensal,2026-03,2026.0,0412 Cirurgia toracica,7.0,7,89,SIH03
AIH aprovadas,Subgrupo proced.,mensal,2026-03,2026.0,0413 Cirurgia reparadora,1.0,1,89,SIH03
AIH aprovadas,Subgrupo proced.,mensal,2026-03,2026.0,0415 Outras cirurgias,111.0,111,89,SIH03
AIH aprovadas,Subgrupo proced.,mensal,2026-03,2026.0,0503 Acoes relacionadas a doacao de orgaos e tecidos para transplante,1.0,1,89,SIH03
AIH aprovadas,Subgrupo proced.,mensal,2026-03,2026.0,Total,668.0,668,89,SIH03
AIH aprovadas,Subgrupo proced.,mensal,2026-04,2026.0,0201 Coleta de material,1.0,1,90,SIH03
AIH aprovadas,Subgrupo proced.,mensal,2026-04,2026.0,0301 Consultas / Atendimentos / Acompanhamentos,79.0,79,90,SIH03
AIH aprovadas,Subgrupo proced.,mensal,2026-04,2026.0,0303 Tratamentos clinicos (outras especialidades),200.0,200,90,SIH03
AIH aprovadas,Subgrupo proced.,mensal,2026-04,2026.0,0304 Tratamento em oncologia,,-,90,SIH03
AIH aprovadas,Subgrupo proced.,mensal,2026-04,2026.0,0305 Tratamento em nefrologia,13.0,13,90,SIH03
AIH aprovadas,Subgrupo proced.,mensal,2026-04,2026.0,"0308 Tratamento de lesoes, envenenamentos e outros, decorrentes de causas externas",52.0,52,90,SIH03
AIH aprovadas,Subgrupo proced.,mensal,2026-04,2026.0,0310 Parto e nascimento,,-,90,SIH03
AIH aprovadas,Subgrupo proced.,mensal,2026-04,2026.0,"0401 Pequenas cirurgias e cirurgias de pele, tecido subcutaneo e mucosa",2.0,2,90,SIH03
AIH aprovadas,Subgrupo proced.,mensal,2026-04,2026.0,0402 Cirurgia de glandulas endocrinas,,-,90,SIH03
AIH aprovadas,Subgrupo proced.,mensal,2026-04,2026.0,0403 Cirurgia do sistema nervoso central e periferico,,-,90,SIH03
AIH aprovadas,Subgrupo proced.,mensal,2026-04,2026.0,"0404 Cirurgia das vias aereas superiores, da face, da cabeca e do pescoco",,-,90,SIH03
AIH aprovadas,Subgrupo proced.,mensal,2026-04,2026.0,0406 Cirurgia do aparelho circulatorio,39.0,39,90,SIH03
AIH aprovadas,Subgrupo proced.,mensal,2026-04,2026.0,"0407 Cirurgia do aparelho digestivo, orgaos anexos e parede abdominal",,-,90,SIH03
AIH aprovadas,Subgrupo proced.,mensal,2026-04,2026.0,0408 Cirurgia do sistema osteomuscular,164.0,164,90,SIH03
AIH aprovadas,Subgrupo proced.,mensal,2026-04,2026.0,0409 Cirurgia do aparelho geniturinario,,-,90,SIH03
AIH aprovadas,Subgrupo proced.,mensal,2026-04,2026.0,0410 Cirurgia de mama,,-,90,SIH03
AIH aprovadas,Subgrupo proced.,mensal,2026-04,2026.0,0412 Cirurgia toracica,6.0,6,90,SIH03
AIH aprovadas,Subgrupo proced.,mensal,2026-04,2026.0,0413 Cirurgia reparadora,6.0,6,90,SIH03
AIH aprovadas,Subgrupo proced.,mensal,2026-04,2026.0,0415 Outras cirurgias,125.0,125,90,SIH03
AIH aprovadas,Subgrupo proced.,mensal,2026-04,2026.0,0503 Acoes relacionadas a doacao de orgaos e tecidos para transplante,2.0,2,90,SIH03
AIH aprovadas,Subgrupo proced.,mensal,2026-04,2026.0,Total,689.0,689,90,SIH03
AIH aprovadas,Subgrupo proced.,mensal,2026-05,2026.0,0201 Coleta de material,1.0,1,91,SIH03
AIH aprovadas,Subgrupo proced.,mensal,2026-05,2026.0,0301 Consultas / Atendimentos / Acompanhamentos,85.0,85,91,SIH03
AIH aprovadas,Subgrupo proced.,mensal,2026-05,2026.0,0303 Tratamentos clinicos (outras especialidades),215.0,215,91,SIH03
AIH aprovadas,Subgrupo proced.,mensal,2026-05,2026.0,0304 Tratamento em oncologia,1.0,1,91,SIH03
AIH aprovadas,Subgrupo proced.,mensal,2026-05,2026.0,0305 Tratamento em nefrologia,13.0,13,91,SIH03
AIH aprovadas,Subgrupo proced.,mensal,2026-05,2026.0,"0308 Tratamento de lesoes, envenenamentos e outros, decorrentes de causas externas",46.0,46,91,SIH03
AIH aprovadas,Subgrupo proced.,mensal,2026-05,2026.0,0310 Parto e nascimento,,-,91,SIH03
AIH aprovadas,Subgrupo proced.,mensal,2026-05,2026.0,"0401 Pequenas cirurgias e cirurgias de pele, tecido subcutaneo e mucosa",,-,91,SIH03
AIH aprovadas,Subgrupo proced.,mensal,2026-05,2026.0,0402 Cirurgia de glandulas endocrinas,,-,91,SIH03
AIH aprovadas,Subgrupo proced.,mensal,2026-05,2026.0,0403 Cirurgia do sistema nervoso central e periferico,,-,91,SIH03
AIH aprovadas,Subgrupo proced.,mensal,2026-05,2026.0,"0404 Cirurgia das vias aereas superiores, da face, da cabeca e do pescoco",,-,91,SIH03
AIH aprovadas,Subgrupo proced.,mensal,2026-05,2026.0,0406 Cirurgia do aparelho circulatorio,38.0,38,91,SIH03
AIH aprovadas,Subgrupo proced.,mensal,2026-05,2026.0,"0407 Cirurgia do aparelho digestivo, orgaos anexos e parede abdominal",,-,91,SIH03
AIH aprovadas,Subgrupo proced.,mensal,2026-05,2026.0,0408 Cirurgia do sistema osteomuscular,138.0,138,91,SIH03
AIH aprovadas,Subgrupo proced.,mensal,2026-05,2026.0,0409 Cirurgia do aparelho geniturinario,,-,91,SIH03
AIH aprovadas,Subgrupo proced.,mensal,2026-05,2026.0,0410 Cirurgia de mama,,-,91,SIH03
AIH aprovadas,Subgrupo proced.,mensal,2026-05,2026.0,0412 Cirurgia toracica,7.0,7,91,SIH03
AIH aprovadas,Subgrupo proced.,mensal,2026-05,2026.0,0413 Cirurgia reparadora,1.0,1,91,SIH03
AIH aprovadas,Subgrupo proced.,mensal,2026-05,2026.0,0415 Outras cirurgias,163.0,163,91,SIH03
AIH aprovadas,Subgrupo proced.,mensal,2026-05,2026.0,0503 Acoes relacionadas a doacao de orgaos e tecidos para transplante,2.0,2,91,SIH03
AIH aprovadas,Subgrupo proced.,mensal,2026-05,2026.0,Total,710.0,710,91,SIH03
AIH aprovadas,Subgrupo proced.,mensal,2026-06,2026.0,0201 Coleta de material,,-,92,SIH03
AIH aprovadas,Subgrupo proced.,mensal,2026-06,2026.0,0301 Consultas / Atendimentos / Acompanhamentos,89.0,89,92,SIH03
AIH aprovadas,Subgrupo proced.,mensal,2026-06,2026.0,0303 Tratamentos clinicos (outras especialidades),184.0,184,92,SIH03
AIH aprovadas,Subgrupo proced.,mensal,2026-06,2026.0,0304 Tratamento em oncologia,2.0,2,92,SIH03
AIH aprovadas,Subgrupo proced.,mensal,2026-06,2026.0,0305 Tratamento em nefrologia,15.0,15,92,SIH03
AIH aprovadas,Subgrupo proced.,mensal,2026-06,2026.0,"0308 Tratamento de lesoes, envenenamentos e outros, decorrentes de causas externas",51.0,51,92,SIH03
AIH aprovadas,Subgrupo proced.,mensal,2026-06,2026.0,0310 Parto e nascimento,,-,92,SIH03
AIH aprovadas,Subgrupo proced.,mensal,2026-06,2026.0,"0401 Pequenas cirurgias e cirurgias de pele, tecido subcutaneo e mucosa",2.0,2,92,SIH03
AIH aprovadas,Subgrupo proced.,mensal,2026-06,2026.0,0402 Cirurgia de glandulas endocrinas,,-,92,SIH03
AIH aprovadas,Subgrupo proced.,mensal,2026-06,2026.0,0403 Cirurgia do sistema nervoso central e periferico,,-,92,SIH03
AIH aprovadas,Subgrupo proced.,mensal,2026-06,2026.0,"0404 Cirurgia das vias aereas superiores, da face, da cabeca e do pescoco",,-,92,SIH03
AIH aprovadas,Subgrupo proced.,mensal,2026-06,2026.0,0406 Cirurgia do aparelho circulatorio,38.0,38,92,SIH03
AIH aprovadas,Subgrupo proced.,mensal,2026-06,2026.0,"0407 Cirurgia do aparelho digestivo, orgaos anexos e parede abdominal",3.0,3,92,SIH03
AIH aprovadas,Subgrupo proced.,mensal,2026-06,2026.0,0408 Cirurgia do sistema osteomuscular,146.0,146,92,SIH03
AIH aprovadas,Subgrupo proced.,mensal,2026-06,2026.0,0409 Cirurgia do aparelho geniturinario,,-,92,SIH03
AIH aprovadas,Subgrupo proced.,mensal,2026-06,2026.0,0410 Cirurgia de mama,,-,92,SIH03
AIH aprovadas,Subgrupo proced.,mensal,2026-06,2026.0,0412 Cirurgia toracica,9.0,9,92,SIH03
AIH aprovadas,Subgrupo proced.,mensal,2026-06,2026.0,0413 Cirurgia reparadora,4.0,4,92,SIH03
AIH aprovadas,Subgrupo proced.,mensal,2026-06,2026.0,0415 Outras cirurgias,178.0,178,92,SIH03
AIH aprovadas,Subgrupo proced.,mensal,2026-06,2026.0,0503 Acoes relacionadas a doacao de orgaos e tecidos para transplante,,-,92,SIH03
AIH aprovadas,Subgrupo proced.,mensal,2026-06,2026.0,Total,721.0,721,92,SIH03
AIH aprovadas,Subgrupo proced.,mensal,2026-07,2026.0,0201 Coleta de material,,-,93,SIH03
AIH aprovadas,Subgrupo proced.,mensal,2026-07,2026.0,0301 Consultas / Atendimentos / Acompanhamentos,72.0,72,93,SIH03
AIH aprovadas,Subgrupo proced.,mensal,2026-07,2026.0,0303 Tratamentos clinicos (outras especialidades),182.0,182,93,SIH03
AIH aprovadas,Subgrupo proced.,mensal,2026-07,2026.0,0304 Tratamento em oncologia,,-,93,SIH03
AIH aprovadas,Subgrupo proced.,mensal,2026-07,2026.0,0305 Tratamento em nefrologia,11.0,11,93,SIH03
AIH aprovadas,Subgrupo proced.,mensal,2026-07,2026.0,"0308 Tratamento de lesoes, envenenamentos e outros, decorrentes de causas externas",75.0,75,93,SIH03
AIH aprovadas,Subgrupo proced.,mensal,2026-07,2026.0,0310 Parto e nascimento,,-,93,SIH03
AIH aprovadas,Subgrupo proced.,mensal,2026-07,2026.0,"0401 Pequenas cirurgias e cirurgias de pele, tecido subcutaneo e mucosa",4.0,4,93,SIH03
AIH aprovadas,Subgrupo proced.,mensal,2026-07,2026.0,0402 Cirurgia de glandulas endocrinas,,-,93,SIH03
AIH aprovadas,Subgrupo proced.,mensal,2026-07,2026.0,0403 Cirurgia do sistema nervoso central e periferico,1.0,1,93,SIH03
AIH aprovadas,Subgrupo proced.,mensal,2026-07,2026.0,"0404 Cirurgia das vias aereas superiores, da face, da cabeca e do pescoco",,-,93,SIH03
AIH aprovadas,Subgrupo proced.,mensal,2026-07,2026.0,0406 Cirurgia do aparelho circulatorio,22.0,22,93,SIH03
AIH aprovadas,Subgrupo proced.,mensal,2026-07,2026.0,"0407 Cirurgia do aparelho digestivo, orgaos anexos e parede abdominal",1.0,1,93,SIH03
AIH aprovadas,Subgrupo proced.,mensal,2026-07,2026.0,0408 Cirurgia do sistema osteomuscular,162.0,162,93,SIH03
AIH aprovadas,Subgrupo proced.,mensal,2026-07,2026.0,0409 Cirurgia do aparelho geniturinario,1.0,1,93,SIH03
AIH aprovadas,Subgrupo proced.,mensal,2026-07,2026.0,0410 Cirurgia de mama,,-,93,SIH03
AIH aprovadas,Subgrupo proced.,mensal,2026-07,2026.0,0412 Cirurgia toracica,5.0,5,93,SIH03
AIH aprovadas,Subgrupo proced.,mensal,2026-07,2026.0,0413 Cirurgia reparadora,4.0,4,93,SIH03
AIH aprovadas,Subgrupo proced.,mensal,2026-07,2026.0,0415 Outras cirurgias,185.0,185,93,SIH03
AIH aprovadas,Subgrupo proced.,mensal,2026-07,2026.0,0503 Acoes relacionadas a doacao de orgaos e tecidos para transplante,1.0,1,93,SIH03
AIH aprovadas,Subgrupo proced.,mensal,2026-07,2026.0,Total,726.0,726,93,SIH03
AIH aprovadas,Subgrupo proced.,total_publicado,,,0201 Coleta de material,7.0,7,94,SIH03
AIH aprovadas,Subgrupo proced.,total_publicado,,,0301 Consultas / Atendimentos / Acompanhamentos,2968.0,2968,94,SIH03
AIH aprovadas,Subgrupo proced.,total_publicado,,,0303 Tratamentos clinicos (outras especialidades),19074.0,19074,94,SIH03
AIH aprovadas,Subgrupo proced.,total_publicado,,,0304 Tratamento em oncologia,218.0,218,94,SIH03
AIH aprovadas,Subgrupo proced.,total_publicado,,,0305 Tratamento em nefrologia,1683.0,1683,94,SIH03
AIH aprovadas,Subgrupo proced.,total_publicado,,,"0308 Tratamento de lesoes, envenenamentos e outros, decorrentes de causas externas",3502.0,3502,94,SIH03
AIH aprovadas,Subgrupo proced.,total_publicado,,,0310 Parto e nascimento,1.0,1,94,SIH03
AIH aprovadas,Subgrupo proced.,total_publicado,,,"0401 Pequenas cirurgias e cirurgias de pele, tecido subcutaneo e mucosa",203.0,203,94,SIH03
AIH aprovadas,Subgrupo proced.,total_publicado,,,0402 Cirurgia de glandulas endocrinas,1.0,1,94,SIH03
AIH aprovadas,Subgrupo proced.,total_publicado,,,0403 Cirurgia do sistema nervoso central e periferico,33.0,33,94,SIH03
AIH aprovadas,Subgrupo proced.,total_publicado,,,"0404 Cirurgia das vias aereas superiores, da face, da cabeca e do pescoco",6.0,6,94,SIH03
AIH aprovadas,Subgrupo proced.,total_publicado,,,0406 Cirurgia do aparelho circulatorio,3228.0,3228,94,SIH03
AIH aprovadas,Subgrupo proced.,total_publicado,,,"0407 Cirurgia do aparelho digestivo, orgaos anexos e parede abdominal",248.0,248,94,SIH03
AIH aprovadas,Subgrupo proced.,total_publicado,,,0408 Cirurgia do sistema osteomuscular,16052.0,16052,94,SIH03
AIH aprovadas,Subgrupo proced.,total_publicado,,,0409 Cirurgia do aparelho geniturinario,43.0,43,94,SIH03
AIH aprovadas,Subgrupo proced.,total_publicado,,,0410 Cirurgia de mama,1.0,1,94,SIH03
AIH aprovadas,Subgrupo proced.,total_publicado,,,0412 Cirurgia toracica,511.0,511,94,SIH03
AIH aprovadas,Subgrupo proced.,total_publicado,,,0413 Cirurgia reparadora,158.0,158,94,SIH03
AIH aprovadas,Subgrupo proced.,total_publicado,,,0415 Outras cirurgias,9979.0,9979,94,SIH03
AIH aprovadas,Subgrupo proced.,total_publicado,,,0503 Acoes relacionadas a doacao de orgaos e tecidos para transplante,21.0,21,94,SIH03
AIH aprovadas,Subgrupo proced.,total_publicado,,,Total,57937.0,57937,94,SIH03
AIH aprovadas,Caráter atendimento,ano_publicado,,2019.0,Eletivo,,-,6,SIH04
AIH aprovadas,Caráter atendimento,ano_publicado,,2019.0,Urgência,129.0,129,6,SIH04
AIH aprovadas,Caráter atendimento,ano_publicado,,2019.0,Outros ac trab,9.0,9,6,SIH04
AIH aprovadas,Caráter atendimento,ano_publicado,,2019.0,Outras caus ext,29.0,29,6,SIH04
AIH aprovadas,Caráter atendimento,ano_publicado,,2019.0,Total,167.0,167,6,SIH04
AIH aprovadas,Caráter atendimento,mensal,2019-12,2019.0,Eletivo,,-,7,SIH04
AIH aprovadas,Caráter atendimento,mensal,2019-12,2019.0,Urgência,129.0,129,7,SIH04
AIH aprovadas,Caráter atendimento,mensal,2019-12,2019.0,Outros ac trab,9.0,9,7,SIH04
AIH aprovadas,Caráter atendimento,mensal,2019-12,2019.0,Outras caus ext,29.0,29,7,SIH04
AIH aprovadas,Caráter atendimento,mensal,2019-12,2019.0,Total,167.0,167,7,SIH04
AIH aprovadas,Caráter atendimento,ano_publicado,,2020.0,Eletivo,2.0,2,8,SIH04
AIH aprovadas,Caráter atendimento,ano_publicado,,2020.0,Urgência,7201.0,7201,8,SIH04
AIH aprovadas,Caráter atendimento,ano_publicado,,2020.0,Outros ac trab,591.0,591,8,SIH04
AIH aprovadas,Caráter atendimento,ano_publicado,,2020.0,Outras caus ext,1345.0,1345,8,SIH04
AIH aprovadas,Caráter atendimento,ano_publicado,,2020.0,Total,9139.0,9139,8,SIH04
AIH aprovadas,Caráter atendimento,mensal,2020-01,2020.0,Eletivo,,-,9,SIH04
AIH aprovadas,Caráter atendimento,mensal,2020-01,2020.0,Urgência,617.0,617,9,SIH04
AIH aprovadas,Caráter atendimento,mensal,2020-01,2020.0,Outros ac trab,49.0,49,9,SIH04
AIH aprovadas,Caráter atendimento,mensal,2020-01,2020.0,Outras caus ext,196.0,196,9,SIH04
AIH aprovadas,Caráter atendimento,mensal,2020-01,2020.0,Total,862.0,862,9,SIH04
AIH aprovadas,Caráter atendimento,mensal,2020-02,2020.0,Eletivo,,-,10,SIH04
AIH aprovadas,Caráter atendimento,mensal,2020-02,2020.0,Urgência,688.0,688,10,SIH04
AIH aprovadas,Caráter atendimento,mensal,2020-02,2020.0,Outros ac trab,43.0,43,10,SIH04
AIH aprovadas,Caráter atendimento,mensal,2020-02,2020.0,Outras caus ext,140.0,140,10,SIH04
AIH aprovadas,Caráter atendimento,mensal,2020-02,2020.0,Total,871.0,871,10,SIH04
AIH aprovadas,Caráter atendimento,mensal,2020-03,2020.0,Eletivo,,-,11,SIH04
AIH aprovadas,Caráter atendimento,mensal,2020-03,2020.0,Urgência,478.0,478,11,SIH04
AIH aprovadas,Caráter atendimento,mensal,2020-03,2020.0,Outros ac trab,50.0,50,11,SIH04
AIH aprovadas,Caráter atendimento,mensal,2020-03,2020.0,Outras caus ext,173.0,173,11,SIH04
AIH aprovadas,Caráter atendimento,mensal,2020-03,2020.0,Total,701.0,701,11,SIH04
AIH aprovadas,Caráter atendimento,mensal,2020-04,2020.0,Eletivo,,-,12,SIH04
AIH aprovadas,Caráter atendimento,mensal,2020-04,2020.0,Urgência,541.0,541,12,SIH04
AIH aprovadas,Caráter atendimento,mensal,2020-04,2020.0,Outros ac trab,38.0,38,12,SIH04
AIH aprovadas,Caráter atendimento,mensal,2020-04,2020.0,Outras caus ext,72.0,72,12,SIH04
AIH aprovadas,Caráter atendimento,mensal,2020-04,2020.0,Total,651.0,651,12,SIH04
AIH aprovadas,Caráter atendimento,mensal,2020-05,2020.0,Eletivo,,-,13,SIH04
AIH aprovadas,Caráter atendimento,mensal,2020-05,2020.0,Urgência,628.0,628,13,SIH04
AIH aprovadas,Caráter atendimento,mensal,2020-05,2020.0,Outros ac trab,53.0,53,13,SIH04
AIH aprovadas,Caráter atendimento,mensal,2020-05,2020.0,Outras caus ext,73.0,73,13,SIH04
AIH aprovadas,Caráter atendimento,mensal,2020-05,2020.0,Total,754.0,754,13,SIH04
AIH aprovadas,Caráter atendimento,mensal,2020-06,2020.0,Eletivo,,-,14,SIH04
AIH aprovadas,Caráter atendimento,mensal,2020-06,2020.0,Urgência,597.0,597,14,SIH04
AIH aprovadas,Caráter atendimento,mensal,2020-06,2020.0,Outros ac trab,46.0,46,14,SIH04
AIH aprovadas,Caráter atendimento,mensal,2020-06,2020.0,Outras caus ext,103.0,103,14,SIH04
AIH aprovadas,Caráter atendimento,mensal,2020-06,2020.0,Total,746.0,746,14,SIH04
AIH aprovadas,Caráter atendimento,mensal,2020-07,2020.0,Eletivo,,-,15,SIH04
AIH aprovadas,Caráter atendimento,mensal,2020-07,2020.0,Urgência,611.0,611,15,SIH04
AIH aprovadas,Caráter atendimento,mensal,2020-07,2020.0,Outros ac trab,39.0,39,15,SIH04
AIH aprovadas,Caráter atendimento,mensal,2020-07,2020.0,Outras caus ext,105.0,105,15,SIH04
AIH aprovadas,Caráter atendimento,mensal,2020-07,2020.0,Total,755.0,755,15,SIH04
AIH aprovadas,Caráter atendimento,mensal,2020-08,2020.0,Eletivo,,-,16,SIH04
AIH aprovadas,Caráter atendimento,mensal,2020-08,2020.0,Urgência,463.0,463,16,SIH04
AIH aprovadas,Caráter atendimento,mensal,2020-08,2020.0,Outros ac trab,57.0,57,16,SIH04
AIH aprovadas,Caráter atendimento,mensal,2020-08,2020.0,Outras caus ext,116.0,116,16,SIH04
AIH aprovadas,Caráter atendimento,mensal,2020-08,2020.0,Total,636.0,636,16,SIH04
AIH aprovadas,Caráter atendimento,mensal,2020-09,2020.0,Eletivo,1.0,1,17,SIH04
AIH aprovadas,Caráter atendimento,mensal,2020-09,2020.0,Urgência,658.0,658,17,SIH04
AIH aprovadas,Caráter atendimento,mensal,2020-09,2020.0,Outros ac trab,39.0,39,17,SIH04
AIH aprovadas,Caráter atendimento,mensal,2020-09,2020.0,Outras caus ext,92.0,92,17,SIH04
AIH aprovadas,Caráter atendimento,mensal,2020-09,2020.0,Total,790.0,790,17,SIH04
AIH aprovadas,Caráter atendimento,mensal,2020-10,2020.0,Eletivo,1.0,1,18,SIH04
AIH aprovadas,Caráter atendimento,mensal,2020-10,2020.0,Urgência,718.0,718,18,SIH04
AIH aprovadas,Caráter atendimento,mensal,2020-10,2020.0,Outros ac trab,17.0,17,18,SIH04
AIH aprovadas,Caráter atendimento,mensal,2020-10,2020.0,Outras caus ext,16.0,16,18,SIH04
AIH aprovadas,Caráter atendimento,mensal,2020-10,2020.0,Total,752.0,752,18,SIH04
AIH aprovadas,Caráter atendimento,mensal,2020-11,2020.0,Eletivo,,-,19,SIH04
AIH aprovadas,Caráter atendimento,mensal,2020-11,2020.0,Urgência,599.0,599,19,SIH04
AIH aprovadas,Caráter atendimento,mensal,2020-11,2020.0,Outros ac trab,79.0,79,19,SIH04
AIH aprovadas,Caráter atendimento,mensal,2020-11,2020.0,Outras caus ext,132.0,132,19,SIH04
AIH aprovadas,Caráter atendimento,mensal,2020-11,2020.0,Total,810.0,810,19,SIH04
AIH aprovadas,Caráter atendimento,mensal,2020-12,2020.0,Eletivo,,-,20,SIH04
AIH aprovadas,Caráter atendimento,mensal,2020-12,2020.0,Urgência,603.0,603,20,SIH04
AIH aprovadas,Caráter atendimento,mensal,2020-12,2020.0,Outros ac trab,81.0,81,20,SIH04
AIH aprovadas,Caráter atendimento,mensal,2020-12,2020.0,Outras caus ext,127.0,127,20,SIH04
AIH aprovadas,Caráter atendimento,mensal,2020-12,2020.0,Total,811.0,811,20,SIH04
AIH aprovadas,Caráter atendimento,ano_publicado,,2021.0,Eletivo,2.0,2,21,SIH04
AIH aprovadas,Caráter atendimento,ano_publicado,,2021.0,Urgência,7625.0,7625,21,SIH04
AIH aprovadas,Caráter atendimento,ano_publicado,,2021.0,Outros ac trab,433.0,433,21,SIH04
AIH aprovadas,Caráter atendimento,ano_publicado,,2021.0,Outras caus ext,805.0,805,21,SIH04
AIH aprovadas,Caráter atendimento,ano_publicado,,2021.0,Total,8865.0,8865,21,SIH04
AIH aprovadas,Caráter atendimento,mensal,2021-01,2021.0,Eletivo,,-,22,SIH04
AIH aprovadas,Caráter atendimento,mensal,2021-01,2021.0,Urgência,678.0,678,22,SIH04
AIH aprovadas,Caráter atendimento,mensal,2021-01,2021.0,Outros ac trab,62.0,62,22,SIH04
AIH aprovadas,Caráter atendimento,mensal,2021-01,2021.0,Outras caus ext,68.0,68,22,SIH04
AIH aprovadas,Caráter atendimento,mensal,2021-01,2021.0,Total,808.0,808,22,SIH04
AIH aprovadas,Caráter atendimento,mensal,2021-02,2021.0,Eletivo,,-,23,SIH04
AIH aprovadas,Caráter atendimento,mensal,2021-02,2021.0,Urgência,594.0,594,23,SIH04
AIH aprovadas,Caráter atendimento,mensal,2021-02,2021.0,Outros ac trab,31.0,31,23,SIH04
AIH aprovadas,Caráter atendimento,mensal,2021-02,2021.0,Outras caus ext,75.0,75,23,SIH04
AIH aprovadas,Caráter atendimento,mensal,2021-02,2021.0,Total,700.0,700,23,SIH04
AIH aprovadas,Caráter atendimento,mensal,2021-03,2021.0,Eletivo,,-,24,SIH04
AIH aprovadas,Caráter atendimento,mensal,2021-03,2021.0,Urgência,629.0,629,24,SIH04
AIH aprovadas,Caráter atendimento,mensal,2021-03,2021.0,Outros ac trab,55.0,55,24,SIH04
AIH aprovadas,Caráter atendimento,mensal,2021-03,2021.0,Outras caus ext,87.0,87,24,SIH04
AIH aprovadas,Caráter atendimento,mensal,2021-03,2021.0,Total,771.0,771,24,SIH04
AIH aprovadas,Caráter atendimento,mensal,2021-04,2021.0,Eletivo,,-,25,SIH04
AIH aprovadas,Caráter atendimento,mensal,2021-04,2021.0,Urgência,669.0,669,25,SIH04
AIH aprovadas,Caráter atendimento,mensal,2021-04,2021.0,Outros ac trab,39.0,39,25,SIH04
AIH aprovadas,Caráter atendimento,mensal,2021-04,2021.0,Outras caus ext,70.0,70,25,SIH04
AIH aprovadas,Caráter atendimento,mensal,2021-04,2021.0,Total,778.0,778,25,SIH04
AIH aprovadas,Caráter atendimento,mensal,2021-05,2021.0,Eletivo,,-,26,SIH04
AIH aprovadas,Caráter atendimento,mensal,2021-05,2021.0,Urgência,562.0,562,26,SIH04
AIH aprovadas,Caráter atendimento,mensal,2021-05,2021.0,Outros ac trab,38.0,38,26,SIH04
AIH aprovadas,Caráter atendimento,mensal,2021-05,2021.0,Outras caus ext,78.0,78,26,SIH04
AIH aprovadas,Caráter atendimento,mensal,2021-05,2021.0,Total,678.0,678,26,SIH04
AIH aprovadas,Caráter atendimento,mensal,2021-06,2021.0,Eletivo,,-,27,SIH04
AIH aprovadas,Caráter atendimento,mensal,2021-06,2021.0,Urgência,572.0,572,27,SIH04
AIH aprovadas,Caráter atendimento,mensal,2021-06,2021.0,Outros ac trab,30.0,30,27,SIH04
AIH aprovadas,Caráter atendimento,mensal,2021-06,2021.0,Outras caus ext,75.0,75,27,SIH04
AIH aprovadas,Caráter atendimento,mensal,2021-06,2021.0,Total,677.0,677,27,SIH04
AIH aprovadas,Caráter atendimento,mensal,2021-07,2021.0,Eletivo,1.0,1,28,SIH04
AIH aprovadas,Caráter atendimento,mensal,2021-07,2021.0,Urgência,657.0,657,28,SIH04
AIH aprovadas,Caráter atendimento,mensal,2021-07,2021.0,Outros ac trab,34.0,34,28,SIH04
AIH aprovadas,Caráter atendimento,mensal,2021-07,2021.0,Outras caus ext,64.0,64,28,SIH04
AIH aprovadas,Caráter atendimento,mensal,2021-07,2021.0,Total,756.0,756,28,SIH04
AIH aprovadas,Caráter atendimento,mensal,2021-08,2021.0,Eletivo,,-,29,SIH04
AIH aprovadas,Caráter atendimento,mensal,2021-08,2021.0,Urgência,579.0,579,29,SIH04
AIH aprovadas,Caráter atendimento,mensal,2021-08,2021.0,Outros ac trab,33.0,33,29,SIH04
AIH aprovadas,Caráter atendimento,mensal,2021-08,2021.0,Outras caus ext,79.0,79,29,SIH04
AIH aprovadas,Caráter atendimento,mensal,2021-08,2021.0,Total,691.0,691,29,SIH04
AIH aprovadas,Caráter atendimento,mensal,2021-09,2021.0,Eletivo,,-,30,SIH04
AIH aprovadas,Caráter atendimento,mensal,2021-09,2021.0,Urgência,713.0,713,30,SIH04
AIH aprovadas,Caráter atendimento,mensal,2021-09,2021.0,Outros ac trab,35.0,35,30,SIH04
AIH aprovadas,Caráter atendimento,mensal,2021-09,2021.0,Outras caus ext,65.0,65,30,SIH04
AIH aprovadas,Caráter atendimento,mensal,2021-09,2021.0,Total,813.0,813,30,SIH04
AIH aprovadas,Caráter atendimento,mensal,2021-10,2021.0,Eletivo,,-,31,SIH04
AIH aprovadas,Caráter atendimento,mensal,2021-10,2021.0,Urgência,659.0,659,31,SIH04
AIH aprovadas,Caráter atendimento,mensal,2021-10,2021.0,Outros ac trab,5.0,5,31,SIH04
AIH aprovadas,Caráter atendimento,mensal,2021-10,2021.0,Outras caus ext,3.0,3,31,SIH04
AIH aprovadas,Caráter atendimento,mensal,2021-10,2021.0,Total,667.0,667,31,SIH04
AIH aprovadas,Caráter atendimento,mensal,2021-11,2021.0,Eletivo,,-,32,SIH04
AIH aprovadas,Caráter atendimento,mensal,2021-11,2021.0,Urgência,621.0,621,32,SIH04
AIH aprovadas,Caráter atendimento,mensal,2021-11,2021.0,Outros ac trab,35.0,35,32,SIH04
AIH aprovadas,Caráter atendimento,mensal,2021-11,2021.0,Outras caus ext,67.0,67,32,SIH04
AIH aprovadas,Caráter atendimento,mensal,2021-11,2021.0,Total,723.0,723,32,SIH04
AIH aprovadas,Caráter atendimento,mensal,2021-12,2021.0,Eletivo,1.0,1,33,SIH04
AIH aprovadas,Caráter atendimento,mensal,2021-12,2021.0,Urgência,692.0,692,33,SIH04
AIH aprovadas,Caráter atendimento,mensal,2021-12,2021.0,Outros ac trab,36.0,36,33,SIH04
AIH aprovadas,Caráter atendimento,mensal,2021-12,2021.0,Outras caus ext,74.0,74,33,SIH04
AIH aprovadas,Caráter atendimento,mensal,2021-12,2021.0,Total,803.0,803,33,SIH04
AIH aprovadas,Caráter atendimento,ano_publicado,,2022.0,Eletivo,85.0,85,34,SIH04
AIH aprovadas,Caráter atendimento,ano_publicado,,2022.0,Urgência,7495.0,7495,34,SIH04
AIH aprovadas,Caráter atendimento,ano_publicado,,2022.0,Outros ac trab,391.0,391,34,SIH04
AIH aprovadas,Caráter atendimento,ano_publicado,,2022.0,Outras caus ext,616.0,616,34,SIH04
AIH aprovadas,Caráter atendimento,ano_publicado,,2022.0,Total,8587.0,8587,34,SIH04
AIH aprovadas,Caráter atendimento,mensal,2022-01,2022.0,Eletivo,1.0,1,35,SIH04
AIH aprovadas,Caráter atendimento,mensal,2022-01,2022.0,Urgência,676.0,676,35,SIH04
AIH aprovadas,Caráter atendimento,mensal,2022-01,2022.0,Outros ac trab,43.0,43,35,SIH04
AIH aprovadas,Caráter atendimento,mensal,2022-01,2022.0,Outras caus ext,66.0,66,35,SIH04
AIH aprovadas,Caráter atendimento,mensal,2022-01,2022.0,Total,786.0,786,35,SIH04
AIH aprovadas,Caráter atendimento,mensal,2022-02,2022.0,Eletivo,,-,36,SIH04
AIH aprovadas,Caráter atendimento,mensal,2022-02,2022.0,Urgência,594.0,594,36,SIH04
AIH aprovadas,Caráter atendimento,mensal,2022-02,2022.0,Outros ac trab,27.0,27,36,SIH04
AIH aprovadas,Caráter atendimento,mensal,2022-02,2022.0,Outras caus ext,56.0,56,36,SIH04
AIH aprovadas,Caráter atendimento,mensal,2022-02,2022.0,Total,677.0,677,36,SIH04
AIH aprovadas,Caráter atendimento,mensal,2022-03,2022.0,Eletivo,,-,37,SIH04
AIH aprovadas,Caráter atendimento,mensal,2022-03,2022.0,Urgência,518.0,518,37,SIH04
AIH aprovadas,Caráter atendimento,mensal,2022-03,2022.0,Outros ac trab,36.0,36,37,SIH04
AIH aprovadas,Caráter atendimento,mensal,2022-03,2022.0,Outras caus ext,65.0,65,37,SIH04
AIH aprovadas,Caráter atendimento,mensal,2022-03,2022.0,Total,619.0,619,37,SIH04
AIH aprovadas,Caráter atendimento,mensal,2022-04,2022.0,Eletivo,,-,38,SIH04
AIH aprovadas,Caráter atendimento,mensal,2022-04,2022.0,Urgência,657.0,657,38,SIH04
AIH aprovadas,Caráter atendimento,mensal,2022-04,2022.0,Outros ac trab,39.0,39,38,SIH04
AIH aprovadas,Caráter atendimento,mensal,2022-04,2022.0,Outras caus ext,67.0,67,38,SIH04
AIH aprovadas,Caráter atendimento,mensal,2022-04,2022.0,Total,763.0,763,38,SIH04
AIH aprovadas,Caráter atendimento,mensal,2022-05,2022.0,Eletivo,2.0,2,39,SIH04
AIH aprovadas,Caráter atendimento,mensal,2022-05,2022.0,Urgência,662.0,662,39,SIH04
AIH aprovadas,Caráter atendimento,mensal,2022-05,2022.0,Outros ac trab,32.0,32,39,SIH04
AIH aprovadas,Caráter atendimento,mensal,2022-05,2022.0,Outras caus ext,75.0,75,39,SIH04
AIH aprovadas,Caráter atendimento,mensal,2022-05,2022.0,Total,771.0,771,39,SIH04
AIH aprovadas,Caráter atendimento,mensal,2022-06,2022.0,Eletivo,5.0,5,40,SIH04
AIH aprovadas,Caráter atendimento,mensal,2022-06,2022.0,Urgência,612.0,612,40,SIH04
AIH aprovadas,Caráter atendimento,mensal,2022-06,2022.0,Outros ac trab,41.0,41,40,SIH04
AIH aprovadas,Caráter atendimento,mensal,2022-06,2022.0,Outras caus ext,53.0,53,40,SIH04
AIH aprovadas,Caráter atendimento,mensal,2022-06,2022.0,Total,711.0,711,40,SIH04
AIH aprovadas,Caráter atendimento,mensal,2022-07,2022.0,Eletivo,,-,41,SIH04
AIH aprovadas,Caráter atendimento,mensal,2022-07,2022.0,Urgência,687.0,687,41,SIH04
AIH aprovadas,Caráter atendimento,mensal,2022-07,2022.0,Outros ac trab,49.0,49,41,SIH04
AIH aprovadas,Caráter atendimento,mensal,2022-07,2022.0,Outras caus ext,57.0,57,41,SIH04
AIH aprovadas,Caráter atendimento,mensal,2022-07,2022.0,Total,793.0,793,41,SIH04
AIH aprovadas,Caráter atendimento,mensal,2022-08,2022.0,Eletivo,13.0,13,42,SIH04
AIH aprovadas,Caráter atendimento,mensal,2022-08,2022.0,Urgência,605.0,605,42,SIH04
AIH aprovadas,Caráter atendimento,mensal,2022-08,2022.0,Outros ac trab,50.0,50,42,SIH04
AIH aprovadas,Caráter atendimento,mensal,2022-08,2022.0,Outras caus ext,81.0,81,42,SIH04
AIH aprovadas,Caráter atendimento,mensal,2022-08,2022.0,Total,749.0,749,42,SIH04
AIH aprovadas,Caráter atendimento,mensal,2022-09,2022.0,Eletivo,21.0,21,43,SIH04
AIH aprovadas,Caráter atendimento,mensal,2022-09,2022.0,Urgência,643.0,643,43,SIH04
AIH aprovadas,Caráter atendimento,mensal,2022-09,2022.0,Outros ac trab,33.0,33,43,SIH04
AIH aprovadas,Caráter atendimento,mensal,2022-09,2022.0,Outras caus ext,50.0,50,43,SIH04
AIH aprovadas,Caráter atendimento,mensal,2022-09,2022.0,Total,747.0,747,43,SIH04
AIH aprovadas,Caráter atendimento,mensal,2022-10,2022.0,Eletivo,18.0,18,44,SIH04
AIH aprovadas,Caráter atendimento,mensal,2022-10,2022.0,Urgência,652.0,652,44,SIH04
AIH aprovadas,Caráter atendimento,mensal,2022-10,2022.0,Outros ac trab,3.0,3,44,SIH04
AIH aprovadas,Caráter atendimento,mensal,2022-10,2022.0,Outras caus ext,5.0,5,44,SIH04
AIH aprovadas,Caráter atendimento,mensal,2022-10,2022.0,Total,678.0,678,44,SIH04
AIH aprovadas,Caráter atendimento,mensal,2022-11,2022.0,Eletivo,17.0,17,45,SIH04
AIH aprovadas,Caráter atendimento,mensal,2022-11,2022.0,Urgência,615.0,615,45,SIH04
AIH aprovadas,Caráter atendimento,mensal,2022-11,2022.0,Outros ac trab,9.0,9,45,SIH04
AIH aprovadas,Caráter atendimento,mensal,2022-11,2022.0,Outras caus ext,2.0,2,45,SIH04
AIH aprovadas,Caráter atendimento,mensal,2022-11,2022.0,Total,643.0,643,45,SIH04
AIH aprovadas,Caráter atendimento,mensal,2022-12,2022.0,Eletivo,8.0,8,46,SIH04
AIH aprovadas,Caráter atendimento,mensal,2022-12,2022.0,Urgência,574.0,574,46,SIH04
AIH aprovadas,Caráter atendimento,mensal,2022-12,2022.0,Outros ac trab,29.0,29,46,SIH04
AIH aprovadas,Caráter atendimento,mensal,2022-12,2022.0,Outras caus ext,39.0,39,46,SIH04
AIH aprovadas,Caráter atendimento,mensal,2022-12,2022.0,Total,650.0,650,46,SIH04
AIH aprovadas,Caráter atendimento,ano_publicado,,2023.0,Eletivo,6.0,6,47,SIH04
AIH aprovadas,Caráter atendimento,ano_publicado,,2023.0,Urgência,6851.0,6851,47,SIH04
AIH aprovadas,Caráter atendimento,ano_publicado,,2023.0,Outros ac trab,441.0,441,47,SIH04
AIH aprovadas,Caráter atendimento,ano_publicado,,2023.0,Outras caus ext,609.0,609,47,SIH04
AIH aprovadas,Caráter atendimento,ano_publicado,,2023.0,Total,7907.0,7907,47,SIH04
AIH aprovadas,Caráter atendimento,mensal,2023-01,2023.0,Eletivo,,-,48,SIH04
AIH aprovadas,Caráter atendimento,mensal,2023-01,2023.0,Urgência,659.0,659,48,SIH04
AIH aprovadas,Caráter atendimento,mensal,2023-01,2023.0,Outros ac trab,26.0,26,48,SIH04
AIH aprovadas,Caráter atendimento,mensal,2023-01,2023.0,Outras caus ext,46.0,46,48,SIH04
AIH aprovadas,Caráter atendimento,mensal,2023-01,2023.0,Total,731.0,731,48,SIH04
AIH aprovadas,Caráter atendimento,mensal,2023-02,2023.0,Eletivo,,-,49,SIH04
AIH aprovadas,Caráter atendimento,mensal,2023-02,2023.0,Urgência,558.0,558,49,SIH04
AIH aprovadas,Caráter atendimento,mensal,2023-02,2023.0,Outros ac trab,36.0,36,49,SIH04
AIH aprovadas,Caráter atendimento,mensal,2023-02,2023.0,Outras caus ext,55.0,55,49,SIH04
AIH aprovadas,Caráter atendimento,mensal,2023-02,2023.0,Total,649.0,649,49,SIH04
AIH aprovadas,Caráter atendimento,mensal,2023-03,2023.0,Eletivo,,-,50,SIH04
AIH aprovadas,Caráter atendimento,mensal,2023-03,2023.0,Urgência,531.0,531,50,SIH04
AIH aprovadas,Caráter atendimento,mensal,2023-03,2023.0,Outros ac trab,60.0,60,50,SIH04
AIH aprovadas,Caráter atendimento,mensal,2023-03,2023.0,Outras caus ext,83.0,83,50,SIH04
AIH aprovadas,Caráter atendimento,mensal,2023-03,2023.0,Total,674.0,674,50,SIH04
AIH aprovadas,Caráter atendimento,mensal,2023-04,2023.0,Eletivo,1.0,1,51,SIH04
AIH aprovadas,Caráter atendimento,mensal,2023-04,2023.0,Urgência,549.0,549,51,SIH04
AIH aprovadas,Caráter atendimento,mensal,2023-04,2023.0,Outros ac trab,4.0,4,51,SIH04
AIH aprovadas,Caráter atendimento,mensal,2023-04,2023.0,Outras caus ext,4.0,4,51,SIH04
AIH aprovadas,Caráter atendimento,mensal,2023-04,2023.0,Total,558.0,558,51,SIH04
AIH aprovadas,Caráter atendimento,mensal,2023-05,2023.0,Eletivo,,-,52,SIH04
AIH aprovadas,Caráter atendimento,mensal,2023-05,2023.0,Urgência,429.0,429,52,SIH04
AIH aprovadas,Caráter atendimento,mensal,2023-05,2023.0,Outros ac trab,4.0,4,52,SIH04
AIH aprovadas,Caráter atendimento,mensal,2023-05,2023.0,Outras caus ext,9.0,9,52,SIH04
AIH aprovadas,Caráter atendimento,mensal,2023-05,2023.0,Total,442.0,442,52,SIH04
AIH aprovadas,Caráter atendimento,mensal,2023-06,2023.0,Eletivo,,-,53,SIH04
AIH aprovadas,Caráter atendimento,mensal,2023-06,2023.0,Urgência,507.0,507,53,SIH04
AIH aprovadas,Caráter atendimento,mensal,2023-06,2023.0,Outros ac trab,44.0,44,53,SIH04
AIH aprovadas,Caráter atendimento,mensal,2023-06,2023.0,Outras caus ext,68.0,68,53,SIH04
AIH aprovadas,Caráter atendimento,mensal,2023-06,2023.0,Total,619.0,619,53,SIH04
AIH aprovadas,Caráter atendimento,mensal,2023-07,2023.0,Eletivo,3.0,3,54,SIH04
AIH aprovadas,Caráter atendimento,mensal,2023-07,2023.0,Urgência,608.0,608,54,SIH04
AIH aprovadas,Caráter atendimento,mensal,2023-07,2023.0,Outros ac trab,22.0,22,54,SIH04
AIH aprovadas,Caráter atendimento,mensal,2023-07,2023.0,Outras caus ext,56.0,56,54,SIH04
AIH aprovadas,Caráter atendimento,mensal,2023-07,2023.0,Total,689.0,689,54,SIH04
AIH aprovadas,Caráter atendimento,mensal,2023-08,2023.0,Eletivo,,-,55,SIH04
AIH aprovadas,Caráter atendimento,mensal,2023-08,2023.0,Urgência,692.0,692,55,SIH04
AIH aprovadas,Caráter atendimento,mensal,2023-08,2023.0,Outros ac trab,49.0,49,55,SIH04
AIH aprovadas,Caráter atendimento,mensal,2023-08,2023.0,Outras caus ext,59.0,59,55,SIH04
AIH aprovadas,Caráter atendimento,mensal,2023-08,2023.0,Total,800.0,800,55,SIH04
AIH aprovadas,Caráter atendimento,mensal,2023-09,2023.0,Eletivo,,-,56,SIH04
AIH aprovadas,Caráter atendimento,mensal,2023-09,2023.0,Urgência,531.0,531,56,SIH04
AIH aprovadas,Caráter atendimento,mensal,2023-09,2023.0,Outros ac trab,53.0,53,56,SIH04
AIH aprovadas,Caráter atendimento,mensal,2023-09,2023.0,Outras caus ext,87.0,87,56,SIH04
AIH aprovadas,Caráter atendimento,mensal,2023-09,2023.0,Total,671.0,671,56,SIH04
AIH aprovadas,Caráter atendimento,mensal,2023-10,2023.0,Eletivo,,-,57,SIH04
AIH aprovadas,Caráter atendimento,mensal,2023-10,2023.0,Urgência,558.0,558,57,SIH04
AIH aprovadas,Caráter atendimento,mensal,2023-10,2023.0,Outros ac trab,76.0,76,57,SIH04
AIH aprovadas,Caráter atendimento,mensal,2023-10,2023.0,Outras caus ext,71.0,71,57,SIH04
AIH aprovadas,Caráter atendimento,mensal,2023-10,2023.0,Total,705.0,705,57,SIH04
AIH aprovadas,Caráter atendimento,mensal,2023-11,2023.0,Eletivo,,-,58,SIH04
AIH aprovadas,Caráter atendimento,mensal,2023-11,2023.0,Urgência,593.0,593,58,SIH04
AIH aprovadas,Caráter atendimento,mensal,2023-11,2023.0,Outros ac trab,26.0,26,58,SIH04
AIH aprovadas,Caráter atendimento,mensal,2023-11,2023.0,Outras caus ext,55.0,55,58,SIH04
AIH aprovadas,Caráter atendimento,mensal,2023-11,2023.0,Total,674.0,674,58,SIH04
AIH aprovadas,Caráter atendimento,mensal,2023-12,2023.0,Eletivo,2.0,2,59,SIH04
AIH aprovadas,Caráter atendimento,mensal,2023-12,2023.0,Urgência,636.0,636,59,SIH04
AIH aprovadas,Caráter atendimento,mensal,2023-12,2023.0,Outros ac trab,41.0,41,59,SIH04
AIH aprovadas,Caráter atendimento,mensal,2023-12,2023.0,Outras caus ext,16.0,16,59,SIH04
AIH aprovadas,Caráter atendimento,mensal,2023-12,2023.0,Total,695.0,695,59,SIH04
AIH aprovadas,Caráter atendimento,ano_publicado,,2024.0,Eletivo,4.0,4,60,SIH04
AIH aprovadas,Caráter atendimento,ano_publicado,,2024.0,Urgência,8602.0,8602,60,SIH04
AIH aprovadas,Caráter atendimento,ano_publicado,,2024.0,Outros ac trab,408.0,408,60,SIH04
AIH aprovadas,Caráter atendimento,ano_publicado,,2024.0,Outras caus ext,457.0,457,60,SIH04
AIH aprovadas,Caráter atendimento,ano_publicado,,2024.0,Total,9471.0,9471,60,SIH04
AIH aprovadas,Caráter atendimento,mensal,2024-01,2024.0,Eletivo,,-,61,SIH04
AIH aprovadas,Caráter atendimento,mensal,2024-01,2024.0,Urgência,654.0,654,61,SIH04
AIH aprovadas,Caráter atendimento,mensal,2024-01,2024.0,Outros ac trab,39.0,39,61,SIH04
AIH aprovadas,Caráter atendimento,mensal,2024-01,2024.0,Outras caus ext,18.0,18,61,SIH04
AIH aprovadas,Caráter atendimento,mensal,2024-01,2024.0,Total,711.0,711,61,SIH04
AIH aprovadas,Caráter atendimento,mensal,2024-02,2024.0,Eletivo,1.0,1,62,SIH04
AIH aprovadas,Caráter atendimento,mensal,2024-02,2024.0,Urgência,507.0,507,62,SIH04
AIH aprovadas,Caráter atendimento,mensal,2024-02,2024.0,Outros ac trab,34.0,34,62,SIH04
AIH aprovadas,Caráter atendimento,mensal,2024-02,2024.0,Outras caus ext,63.0,63,62,SIH04
AIH aprovadas,Caráter atendimento,mensal,2024-02,2024.0,Total,605.0,605,62,SIH04
AIH aprovadas,Caráter atendimento,mensal,2024-03,2024.0,Eletivo,1.0,1,63,SIH04
AIH aprovadas,Caráter atendimento,mensal,2024-03,2024.0,Urgência,646.0,646,63,SIH04
AIH aprovadas,Caráter atendimento,mensal,2024-03,2024.0,Outros ac trab,35.0,35,63,SIH04
AIH aprovadas,Caráter atendimento,mensal,2024-03,2024.0,Outras caus ext,70.0,70,63,SIH04
AIH aprovadas,Caráter atendimento,mensal,2024-03,2024.0,Total,752.0,752,63,SIH04
AIH aprovadas,Caráter atendimento,mensal,2024-04,2024.0,Eletivo,,-,64,SIH04
AIH aprovadas,Caráter atendimento,mensal,2024-04,2024.0,Urgência,703.0,703,64,SIH04
AIH aprovadas,Caráter atendimento,mensal,2024-04,2024.0,Outros ac trab,58.0,58,64,SIH04
AIH aprovadas,Caráter atendimento,mensal,2024-04,2024.0,Outras caus ext,56.0,56,64,SIH04
AIH aprovadas,Caráter atendimento,mensal,2024-04,2024.0,Total,817.0,817,64,SIH04
AIH aprovadas,Caráter atendimento,mensal,2024-05,2024.0,Eletivo,,-,65,SIH04
AIH aprovadas,Caráter atendimento,mensal,2024-05,2024.0,Urgência,724.0,724,65,SIH04
AIH aprovadas,Caráter atendimento,mensal,2024-05,2024.0,Outros ac trab,70.0,70,65,SIH04
AIH aprovadas,Caráter atendimento,mensal,2024-05,2024.0,Outras caus ext,78.0,78,65,SIH04
AIH aprovadas,Caráter atendimento,mensal,2024-05,2024.0,Total,872.0,872,65,SIH04
AIH aprovadas,Caráter atendimento,mensal,2024-06,2024.0,Eletivo,,-,66,SIH04
AIH aprovadas,Caráter atendimento,mensal,2024-06,2024.0,Urgência,694.0,694,66,SIH04
AIH aprovadas,Caráter atendimento,mensal,2024-06,2024.0,Outros ac trab,36.0,36,66,SIH04
AIH aprovadas,Caráter atendimento,mensal,2024-06,2024.0,Outras caus ext,66.0,66,66,SIH04
AIH aprovadas,Caráter atendimento,mensal,2024-06,2024.0,Total,796.0,796,66,SIH04
AIH aprovadas,Caráter atendimento,mensal,2024-07,2024.0,Eletivo,,-,67,SIH04
AIH aprovadas,Caráter atendimento,mensal,2024-07,2024.0,Urgência,700.0,700,67,SIH04
AIH aprovadas,Caráter atendimento,mensal,2024-07,2024.0,Outros ac trab,59.0,59,67,SIH04
AIH aprovadas,Caráter atendimento,mensal,2024-07,2024.0,Outras caus ext,101.0,101,67,SIH04
AIH aprovadas,Caráter atendimento,mensal,2024-07,2024.0,Total,860.0,860,67,SIH04
AIH aprovadas,Caráter atendimento,mensal,2024-08,2024.0,Eletivo,1.0,1,68,SIH04
AIH aprovadas,Caráter atendimento,mensal,2024-08,2024.0,Urgência,857.0,857,68,SIH04
AIH aprovadas,Caráter atendimento,mensal,2024-08,2024.0,Outros ac trab,10.0,10,68,SIH04
AIH aprovadas,Caráter atendimento,mensal,2024-08,2024.0,Outras caus ext,5.0,5,68,SIH04
AIH aprovadas,Caráter atendimento,mensal,2024-08,2024.0,Total,873.0,873,68,SIH04
AIH aprovadas,Caráter atendimento,mensal,2024-09,2024.0,Eletivo,,-,69,SIH04
AIH aprovadas,Caráter atendimento,mensal,2024-09,2024.0,Urgência,780.0,780,69,SIH04
AIH aprovadas,Caráter atendimento,mensal,2024-09,2024.0,Outros ac trab,7.0,7,69,SIH04
AIH aprovadas,Caráter atendimento,mensal,2024-09,2024.0,Outras caus ext,,-,69,SIH04
AIH aprovadas,Caráter atendimento,mensal,2024-09,2024.0,Total,787.0,787,69,SIH04
AIH aprovadas,Caráter atendimento,mensal,2024-10,2024.0,Eletivo,1.0,1,70,SIH04
AIH aprovadas,Caráter atendimento,mensal,2024-10,2024.0,Urgência,829.0,829,70,SIH04
AIH aprovadas,Caráter atendimento,mensal,2024-10,2024.0,Outros ac trab,21.0,21,70,SIH04
AIH aprovadas,Caráter atendimento,mensal,2024-10,2024.0,Outras caus ext,,-,70,SIH04
AIH aprovadas,Caráter atendimento,mensal,2024-10,2024.0,Total,851.0,851,70,SIH04
AIH aprovadas,Caráter atendimento,mensal,2024-11,2024.0,Eletivo,,-,71,SIH04
AIH aprovadas,Caráter atendimento,mensal,2024-11,2024.0,Urgência,755.0,755,71,SIH04
AIH aprovadas,Caráter atendimento,mensal,2024-11,2024.0,Outros ac trab,16.0,16,71,SIH04
AIH aprovadas,Caráter atendimento,mensal,2024-11,2024.0,Outras caus ext,,-,71,SIH04
AIH aprovadas,Caráter atendimento,mensal,2024-11,2024.0,Total,771.0,771,71,SIH04
AIH aprovadas,Caráter atendimento,mensal,2024-12,2024.0,Eletivo,,-,72,SIH04
AIH aprovadas,Caráter atendimento,mensal,2024-12,2024.0,Urgência,753.0,753,72,SIH04
AIH aprovadas,Caráter atendimento,mensal,2024-12,2024.0,Outros ac trab,23.0,23,72,SIH04
AIH aprovadas,Caráter atendimento,mensal,2024-12,2024.0,Outras caus ext,,-,72,SIH04
AIH aprovadas,Caráter atendimento,mensal,2024-12,2024.0,Total,776.0,776,72,SIH04
AIH aprovadas,Caráter atendimento,ano_publicado,,2025.0,Eletivo,276.0,276,73,SIH04
AIH aprovadas,Caráter atendimento,ano_publicado,,2025.0,Urgência,8318.0,8318,73,SIH04
AIH aprovadas,Caráter atendimento,ano_publicado,,2025.0,Outros ac trab,361.0,361,73,SIH04
AIH aprovadas,Caráter atendimento,ano_publicado,,2025.0,Outras caus ext,34.0,34,73,SIH04
AIH aprovadas,Caráter atendimento,ano_publicado,,2025.0,Total,8989.0,8989,73,SIH04
AIH aprovadas,Caráter atendimento,mensal,2025-01,2025.0,Eletivo,11.0,11,74,SIH04
AIH aprovadas,Caráter atendimento,mensal,2025-01,2025.0,Urgência,802.0,802,74,SIH04
AIH aprovadas,Caráter atendimento,mensal,2025-01,2025.0,Outros ac trab,19.0,19,74,SIH04
AIH aprovadas,Caráter atendimento,mensal,2025-01,2025.0,Outras caus ext,,-,74,SIH04
AIH aprovadas,Caráter atendimento,mensal,2025-01,2025.0,Total,832.0,832,74,SIH04
AIH aprovadas,Caráter atendimento,mensal,2025-02,2025.0,Eletivo,33.0,33,75,SIH04
AIH aprovadas,Caráter atendimento,mensal,2025-02,2025.0,Urgência,750.0,750,75,SIH04
AIH aprovadas,Caráter atendimento,mensal,2025-02,2025.0,Outros ac trab,16.0,16,75,SIH04
AIH aprovadas,Caráter atendimento,mensal,2025-02,2025.0,Outras caus ext,,-,75,SIH04
AIH aprovadas,Caráter atendimento,mensal,2025-02,2025.0,Total,799.0,799,75,SIH04
AIH aprovadas,Caráter atendimento,mensal,2025-03,2025.0,Eletivo,42.0,42,76,SIH04
AIH aprovadas,Caráter atendimento,mensal,2025-03,2025.0,Urgência,825.0,825,76,SIH04
AIH aprovadas,Caráter atendimento,mensal,2025-03,2025.0,Outros ac trab,25.0,25,76,SIH04
AIH aprovadas,Caráter atendimento,mensal,2025-03,2025.0,Outras caus ext,,-,76,SIH04
AIH aprovadas,Caráter atendimento,mensal,2025-03,2025.0,Total,892.0,892,76,SIH04
AIH aprovadas,Caráter atendimento,mensal,2025-04,2025.0,Eletivo,39.0,39,77,SIH04
AIH aprovadas,Caráter atendimento,mensal,2025-04,2025.0,Urgência,756.0,756,77,SIH04
AIH aprovadas,Caráter atendimento,mensal,2025-04,2025.0,Outros ac trab,14.0,14,77,SIH04
AIH aprovadas,Caráter atendimento,mensal,2025-04,2025.0,Outras caus ext,,-,77,SIH04
AIH aprovadas,Caráter atendimento,mensal,2025-04,2025.0,Total,809.0,809,77,SIH04
AIH aprovadas,Caráter atendimento,mensal,2025-05,2025.0,Eletivo,27.0,27,78,SIH04
AIH aprovadas,Caráter atendimento,mensal,2025-05,2025.0,Urgência,839.0,839,78,SIH04
AIH aprovadas,Caráter atendimento,mensal,2025-05,2025.0,Outros ac trab,13.0,13,78,SIH04
AIH aprovadas,Caráter atendimento,mensal,2025-05,2025.0,Outras caus ext,1.0,1,78,SIH04
AIH aprovadas,Caráter atendimento,mensal,2025-05,2025.0,Total,880.0,880,78,SIH04
AIH aprovadas,Caráter atendimento,mensal,2025-06,2025.0,Eletivo,1.0,1,79,SIH04
AIH aprovadas,Caráter atendimento,mensal,2025-06,2025.0,Urgência,687.0,687,79,SIH04
AIH aprovadas,Caráter atendimento,mensal,2025-06,2025.0,Outros ac trab,31.0,31,79,SIH04
AIH aprovadas,Caráter atendimento,mensal,2025-06,2025.0,Outras caus ext,3.0,3,79,SIH04
AIH aprovadas,Caráter atendimento,mensal,2025-06,2025.0,Total,722.0,722,79,SIH04
AIH aprovadas,Caráter atendimento,mensal,2025-07,2025.0,Eletivo,,-,80,SIH04
AIH aprovadas,Caráter atendimento,mensal,2025-07,2025.0,Urgência,598.0,598,80,SIH04
AIH aprovadas,Caráter atendimento,mensal,2025-07,2025.0,Outros ac trab,14.0,14,80,SIH04
AIH aprovadas,Caráter atendimento,mensal,2025-07,2025.0,Outras caus ext,1.0,1,80,SIH04
AIH aprovadas,Caráter atendimento,mensal,2025-07,2025.0,Total,613.0,613,80,SIH04
AIH aprovadas,Caráter atendimento,mensal,2025-08,2025.0,Eletivo,,-,81,SIH04
AIH aprovadas,Caráter atendimento,mensal,2025-08,2025.0,Urgência,647.0,647,81,SIH04
AIH aprovadas,Caráter atendimento,mensal,2025-08,2025.0,Outros ac trab,24.0,24,81,SIH04
AIH aprovadas,Caráter atendimento,mensal,2025-08,2025.0,Outras caus ext,5.0,5,81,SIH04
AIH aprovadas,Caráter atendimento,mensal,2025-08,2025.0,Total,676.0,676,81,SIH04
AIH aprovadas,Caráter atendimento,mensal,2025-09,2025.0,Eletivo,17.0,17,82,SIH04
AIH aprovadas,Caráter atendimento,mensal,2025-09,2025.0,Urgência,599.0,599,82,SIH04
AIH aprovadas,Caráter atendimento,mensal,2025-09,2025.0,Outros ac trab,33.0,33,82,SIH04
AIH aprovadas,Caráter atendimento,mensal,2025-09,2025.0,Outras caus ext,2.0,2,82,SIH04
AIH aprovadas,Caráter atendimento,mensal,2025-09,2025.0,Total,651.0,651,82,SIH04
AIH aprovadas,Caráter atendimento,mensal,2025-10,2025.0,Eletivo,39.0,39,83,SIH04
AIH aprovadas,Caráter atendimento,mensal,2025-10,2025.0,Urgência,609.0,609,83,SIH04
AIH aprovadas,Caráter atendimento,mensal,2025-10,2025.0,Outros ac trab,44.0,44,83,SIH04
AIH aprovadas,Caráter atendimento,mensal,2025-10,2025.0,Outras caus ext,11.0,11,83,SIH04
AIH aprovadas,Caráter atendimento,mensal,2025-10,2025.0,Total,703.0,703,83,SIH04
AIH aprovadas,Caráter atendimento,mensal,2025-11,2025.0,Eletivo,37.0,37,84,SIH04
AIH aprovadas,Caráter atendimento,mensal,2025-11,2025.0,Urgência,607.0,607,84,SIH04
AIH aprovadas,Caráter atendimento,mensal,2025-11,2025.0,Outros ac trab,70.0,70,84,SIH04
AIH aprovadas,Caráter atendimento,mensal,2025-11,2025.0,Outras caus ext,5.0,5,84,SIH04
AIH aprovadas,Caráter atendimento,mensal,2025-11,2025.0,Total,719.0,719,84,SIH04
AIH aprovadas,Caráter atendimento,mensal,2025-12,2025.0,Eletivo,30.0,30,85,SIH04
AIH aprovadas,Caráter atendimento,mensal,2025-12,2025.0,Urgência,599.0,599,85,SIH04
AIH aprovadas,Caráter atendimento,mensal,2025-12,2025.0,Outros ac trab,58.0,58,85,SIH04
AIH aprovadas,Caráter atendimento,mensal,2025-12,2025.0,Outras caus ext,6.0,6,85,SIH04
AIH aprovadas,Caráter atendimento,mensal,2025-12,2025.0,Total,693.0,693,85,SIH04
AIH aprovadas,Caráter atendimento,ano_publicado,,2026.0,Eletivo,120.0,120,86,SIH04
AIH aprovadas,Caráter atendimento,ano_publicado,,2026.0,Urgência,4287.0,4287,86,SIH04
AIH aprovadas,Caráter atendimento,ano_publicado,,2026.0,Outros ac trab,344.0,344,86,SIH04
AIH aprovadas,Caráter atendimento,ano_publicado,,2026.0,Outras caus ext,61.0,61,86,SIH04
AIH aprovadas,Caráter atendimento,ano_publicado,,2026.0,Total,4812.0,4812,86,SIH04
AIH aprovadas,Caráter atendimento,mensal,2026-01,2026.0,Eletivo,23.0,23,87,SIH04
AIH aprovadas,Caráter atendimento,mensal,2026-01,2026.0,Urgência,601.0,601,87,SIH04
AIH aprovadas,Caráter atendimento,mensal,2026-01,2026.0,Outros ac trab,67.0,67,87,SIH04
AIH aprovadas,Caráter atendimento,mensal,2026-01,2026.0,Outras caus ext,10.0,10,87,SIH04
AIH aprovadas,Caráter atendimento,mensal,2026-01,2026.0,Total,701.0,701,87,SIH04
AIH aprovadas,Caráter atendimento,mensal,2026-02,2026.0,Eletivo,21.0,21,88,SIH04
AIH aprovadas,Caráter atendimento,mensal,2026-02,2026.0,Urgência,517.0,517,88,SIH04
AIH aprovadas,Caráter atendimento,mensal,2026-02,2026.0,Outros ac trab,51.0,51,88,SIH04
AIH aprovadas,Caráter atendimento,mensal,2026-02,2026.0,Outras caus ext,8.0,8,88,SIH04
AIH aprovadas,Caráter atendimento,mensal,2026-02,2026.0,Total,597.0,597,88,SIH04
AIH aprovadas,Caráter atendimento,mensal,2026-03,2026.0,Eletivo,13.0,13,89,SIH04
AIH aprovadas,Caráter atendimento,mensal,2026-03,2026.0,Urgência,598.0,598,89,SIH04
AIH aprovadas,Caráter atendimento,mensal,2026-03,2026.0,Outros ac trab,45.0,45,89,SIH04
AIH aprovadas,Caráter atendimento,mensal,2026-03,2026.0,Outras caus ext,12.0,12,89,SIH04
AIH aprovadas,Caráter atendimento,mensal,2026-03,2026.0,Total,668.0,668,89,SIH04
AIH aprovadas,Caráter atendimento,mensal,2026-04,2026.0,Eletivo,2.0,2,90,SIH04
AIH aprovadas,Caráter atendimento,mensal,2026-04,2026.0,Urgência,627.0,627,90,SIH04
AIH aprovadas,Caráter atendimento,mensal,2026-04,2026.0,Outros ac trab,51.0,51,90,SIH04
AIH aprovadas,Caráter atendimento,mensal,2026-04,2026.0,Outras caus ext,9.0,9,90,SIH04
AIH aprovadas,Caráter atendimento,mensal,2026-04,2026.0,Total,689.0,689,90,SIH04
AIH aprovadas,Caráter atendimento,mensal,2026-05,2026.0,Eletivo,11.0,11,91,SIH04
AIH aprovadas,Caráter atendimento,mensal,2026-05,2026.0,Urgência,648.0,648,91,SIH04
AIH aprovadas,Caráter atendimento,mensal,2026-05,2026.0,Outros ac trab,41.0,41,91,SIH04
AIH aprovadas,Caráter atendimento,mensal,2026-05,2026.0,Outras caus ext,10.0,10,91,SIH04
AIH aprovadas,Caráter atendimento,mensal,2026-05,2026.0,Total,710.0,710,91,SIH04
AIH aprovadas,Caráter atendimento,mensal,2026-06,2026.0,Eletivo,25.0,25,92,SIH04
AIH aprovadas,Caráter atendimento,mensal,2026-06,2026.0,Urgência,658.0,658,92,SIH04
AIH aprovadas,Caráter atendimento,mensal,2026-06,2026.0,Outros ac trab,31.0,31,92,SIH04
AIH aprovadas,Caráter atendimento,mensal,2026-06,2026.0,Outras caus ext,7.0,7,92,SIH04
AIH aprovadas,Caráter atendimento,mensal,2026-06,2026.0,Total,721.0,721,92,SIH04
AIH aprovadas,Caráter atendimento,mensal,2026-07,2026.0,Eletivo,25.0,25,93,SIH04
AIH aprovadas,Caráter atendimento,mensal,2026-07,2026.0,Urgência,638.0,638,93,SIH04
AIH aprovadas,Caráter atendimento,mensal,2026-07,2026.0,Outros ac trab,58.0,58,93,SIH04
AIH aprovadas,Caráter atendimento,mensal,2026-07,2026.0,Outras caus ext,5.0,5,93,SIH04
AIH aprovadas,Caráter atendimento,mensal,2026-07,2026.0,Total,726.0,726,93,SIH04
AIH aprovadas,Caráter atendimento,total_publicado,,,Eletivo,495.0,495,94,SIH04
AIH aprovadas,Caráter atendimento,total_publicado,,,Urgência,50508.0,50508,94,SIH04
AIH aprovadas,Caráter atendimento,total_publicado,,,Outros ac trab,2978.0,2978,94,SIH04
AIH aprovadas,Caráter atendimento,total_publicado,,,Outras caus ext,3956.0,3956,94,SIH04
AIH aprovadas,Caráter atendimento,total_publicado,,,Total,57937.0,57937,94,SIH04
Média permanência,Caráter atendimento,ano_publicado,,2019.0,Eletivo,,...,6,SIH05
Média permanência,Caráter atendimento,ano_publicado,,2019.0,Urgência,12.4,"12,4",6,SIH05
Média permanência,Caráter atendimento,ano_publicado,,2019.0,Outros ac trab,8.0,"8,0",6,SIH05
Média permanência,Caráter atendimento,ano_publicado,,2019.0,Outras caus ext,8.1,"8,1",6,SIH05
Média permanência,Caráter atendimento,ano_publicado,,2019.0,Total,11.4,"11,4",6,SIH05
Média permanência,Caráter atendimento,mensal,2019-12,2019.0,Eletivo,,...,7,SIH05
Média permanência,Caráter atendimento,mensal,2019-12,2019.0,Urgência,12.4,"12,4",7,SIH05
Média permanência,Caráter atendimento,mensal,2019-12,2019.0,Outros ac trab,8.0,"8,0",7,SIH05
Média permanência,Caráter atendimento,mensal,2019-12,2019.0,Outras caus ext,8.1,"8,1",7,SIH05
Média permanência,Caráter atendimento,mensal,2019-12,2019.0,Total,11.4,"11,4",7,SIH05
Média permanência,Caráter atendimento,ano_publicado,,2020.0,Eletivo,16.0,"16,0",8,SIH05
Média permanência,Caráter atendimento,ano_publicado,,2020.0,Urgência,6.4,"6,4",8,SIH05
Média permanência,Caráter atendimento,ano_publicado,,2020.0,Outros ac trab,3.4,"3,4",8,SIH05
Média permanência,Caráter atendimento,ano_publicado,,2020.0,Outras caus ext,4.0,"4,0",8,SIH05
Média permanência,Caráter atendimento,ano_publicado,,2020.0,Total,5.9,"5,9",8,SIH05
Média permanência,Caráter atendimento,mensal,2020-01,2020.0,Eletivo,,...,9,SIH05
Média permanência,Caráter atendimento,mensal,2020-01,2020.0,Urgência,5.7,"5,7",9,SIH05
Média permanência,Caráter atendimento,mensal,2020-01,2020.0,Outros ac trab,2.6,"2,6",9,SIH05
Média permanência,Caráter atendimento,mensal,2020-01,2020.0,Outras caus ext,3.9,"3,9",9,SIH05
Média permanência,Caráter atendimento,mensal,2020-01,2020.0,Total,5.1,"5,1",9,SIH05
Média permanência,Caráter atendimento,mensal,2020-02,2020.0,Eletivo,,...,10,SIH05
Média permanência,Caráter atendimento,mensal,2020-02,2020.0,Urgência,6.2,"6,2",10,SIH05
Média permanência,Caráter atendimento,mensal,2020-02,2020.0,Outros ac trab,3.3,"3,3",10,SIH05
Média permanência,Caráter atendimento,mensal,2020-02,2020.0,Outras caus ext,4.9,"4,9",10,SIH05
Média permanência,Caráter atendimento,mensal,2020-02,2020.0,Total,5.9,"5,9",10,SIH05
Média permanência,Caráter atendimento,mensal,2020-03,2020.0,Eletivo,,...,11,SIH05
Média permanência,Caráter atendimento,mensal,2020-03,2020.0,Urgência,5.4,"5,4",11,SIH05
Média permanência,Caráter atendimento,mensal,2020-03,2020.0,Outros ac trab,2.9,"2,9",11,SIH05
Média permanência,Caráter atendimento,mensal,2020-03,2020.0,Outras caus ext,3.6,"3,6",11,SIH05
Média permanência,Caráter atendimento,mensal,2020-03,2020.0,Total,4.8,"4,8",11,SIH05
Média permanência,Caráter atendimento,mensal,2020-04,2020.0,Eletivo,,...,12,SIH05
Média permanência,Caráter atendimento,mensal,2020-04,2020.0,Urgência,6.8,"6,8",12,SIH05
Média permanência,Caráter atendimento,mensal,2020-04,2020.0,Outros ac trab,3.9,"3,9",12,SIH05
Média permanência,Caráter atendimento,mensal,2020-04,2020.0,Outras caus ext,3.4,"3,4",12,SIH05
Média permanência,Caráter atendimento,mensal,2020-04,2020.0,Total,6.3,"6,3",12,SIH05
Média permanência,Caráter atendimento,mensal,2020-05,2020.0,Eletivo,,...,13,SIH05
Média permanência,Caráter atendimento,mensal,2020-05,2020.0,Urgência,6.6,"6,6",13,SIH05
Média permanência,Caráter atendimento,mensal,2020-05,2020.0,Outros ac trab,4.4,"4,4",13,SIH05
Média permanência,Caráter atendimento,mensal,2020-05,2020.0,Outras caus ext,4.1,"4,1",13,SIH05
Média permanência,Caráter atendimento,mensal,2020-05,2020.0,Total,6.2,"6,2",13,SIH05
Média permanência,Caráter atendimento,mensal,2020-06,2020.0,Eletivo,,...,14,SIH05
Média permanência,Caráter atendimento,mensal,2020-06,2020.0,Urgência,7.8,"7,8",14,SIH05
Média permanência,Caráter atendimento,mensal,2020-06,2020.0,Outros ac trab,3.5,"3,5",14,SIH05
Média permanência,Caráter atendimento,mensal,2020-06,2020.0,Outras caus ext,3.3,"3,3",14,SIH05
Média permanência,Caráter atendimento,mensal,2020-06,2020.0,Total,6.9,"6,9",14,SIH05
Média permanência,Caráter atendimento,mensal,2020-07,2020.0,Eletivo,,...,15,SIH05
Média permanência,Caráter atendimento,mensal,2020-07,2020.0,Urgência,7.1,"7,1",15,SIH05
Média permanência,Caráter atendimento,mensal,2020-07,2020.0,Outros ac trab,3.5,"3,5",15,SIH05
Média permanência,Caráter atendimento,mensal,2020-07,2020.0,Outras caus ext,5.2,"5,2",15,SIH05
Média permanência,Caráter atendimento,mensal,2020-07,2020.0,Total,6.7,"6,7",15,SIH05
Média permanência,Caráter atendimento,mensal,2020-08,2020.0,Eletivo,,...,16,SIH05
Média permanência,Caráter atendimento,mensal,2020-08,2020.0,Urgência,5.6,"5,6",16,SIH05
Média permanência,Caráter atendimento,mensal,2020-08,2020.0,Outros ac trab,3.2,"3,2",16,SIH05
Média permanência,Caráter atendimento,mensal,2020-08,2020.0,Outras caus ext,3.4,"3,4",16,SIH05
Média permanência,Caráter atendimento,mensal,2020-08,2020.0,Total,5.0,"5,0",16,SIH05
Média permanência,Caráter atendimento,mensal,2020-09,2020.0,Eletivo,19.0,"19,0",17,SIH05
Média permanência,Caráter atendimento,mensal,2020-09,2020.0,Urgência,6.2,"6,2",17,SIH05
Média permanência,Caráter atendimento,mensal,2020-09,2020.0,Outros ac trab,2.6,"2,6",17,SIH05
Média permanência,Caráter atendimento,mensal,2020-09,2020.0,Outras caus ext,3.6,"3,6",17,SIH05
Média permanência,Caráter atendimento,mensal,2020-09,2020.0,Total,5.7,"5,7",17,SIH05
Média permanência,Caráter atendimento,mensal,2020-10,2020.0,Eletivo,13.0,"13,0",18,SIH05
Média permanência,Caráter atendimento,mensal,2020-10,2020.0,Urgência,5.6,"5,6",18,SIH05
Média permanência,Caráter atendimento,mensal,2020-10,2020.0,Outros ac trab,3.5,"3,5",18,SIH05
Média permanência,Caráter atendimento,mensal,2020-10,2020.0,Outras caus ext,3.8,"3,8",18,SIH05
Média permanência,Caráter atendimento,mensal,2020-10,2020.0,Total,5.5,"5,5",18,SIH05
Média permanência,Caráter atendimento,mensal,2020-11,2020.0,Eletivo,,...,19,SIH05
Média permanência,Caráter atendimento,mensal,2020-11,2020.0,Urgência,7.6,"7,6",19,SIH05
Média permanência,Caráter atendimento,mensal,2020-11,2020.0,Outros ac trab,3.7,"3,7",19,SIH05
Média permanência,Caráter atendimento,mensal,2020-11,2020.0,Outras caus ext,4.4,"4,4",19,SIH05
Média permanência,Caráter atendimento,mensal,2020-11,2020.0,Total,6.7,"6,7",19,SIH05
Média permanência,Caráter atendimento,mensal,2020-12,2020.0,Eletivo,,...,20,SIH05
Média permanência,Caráter atendimento,mensal,2020-12,2020.0,Urgência,6.6,"6,6",20,SIH05
Média permanência,Caráter atendimento,mensal,2020-12,2020.0,Outros ac trab,3.2,"3,2",20,SIH05
Média permanência,Caráter atendimento,mensal,2020-12,2020.0,Outras caus ext,4.4,"4,4",20,SIH05
Média permanência,Caráter atendimento,mensal,2020-12,2020.0,Total,5.9,"5,9",20,SIH05
Média permanência,Caráter atendimento,ano_publicado,,2021.0,Eletivo,8.5,"8,5",21,SIH05
Média permanência,Caráter atendimento,ano_publicado,,2021.0,Urgência,6.8,"6,8",21,SIH05
Média permanência,Caráter atendimento,ano_publicado,,2021.0,Outros ac trab,3.7,"3,7",21,SIH05
Média permanência,Caráter atendimento,ano_publicado,,2021.0,Outras caus ext,4.3,"4,3",21,SIH05
Média permanência,Caráter atendimento,ano_publicado,,2021.0,Total,6.5,"6,5",21,SIH05
Média permanência,Caráter atendimento,mensal,2021-01,2021.0,Eletivo,,...,22,SIH05
Média permanência,Caráter atendimento,mensal,2021-01,2021.0,Urgência,7.2,"7,2",22,SIH05
Média permanência,Caráter atendimento,mensal,2021-01,2021.0,Outros ac trab,3.6,"3,6",22,SIH05
Média permanência,Caráter atendimento,mensal,2021-01,2021.0,Outras caus ext,4.8,"4,8",22,SIH05
Média permanência,Caráter atendimento,mensal,2021-01,2021.0,Total,6.7,"6,7",22,SIH05
Média permanência,Caráter atendimento,mensal,2021-02,2021.0,Eletivo,,...,23,SIH05
Média permanência,Caráter atendimento,mensal,2021-02,2021.0,Urgência,6.9,"6,9",23,SIH05
Média permanência,Caráter atendimento,mensal,2021-02,2021.0,Outros ac trab,2.8,"2,8",23,SIH05
Média permanência,Caráter atendimento,mensal,2021-02,2021.0,Outras caus ext,4.5,"4,5",23,SIH05
Média permanência,Caráter atendimento,mensal,2021-02,2021.0,Total,6.5,"6,5",23,SIH05
Média permanência,Caráter atendimento,mensal,2021-03,2021.0,Eletivo,,...,24,SIH05
Média permanência,Caráter atendimento,mensal,2021-03,2021.0,Urgência,7.9,"7,9",24,SIH05
Média permanência,Caráter atendimento,mensal,2021-03,2021.0,Outros ac trab,3.1,"3,1",24,SIH05
Média permanência,Caráter atendimento,mensal,2021-03,2021.0,Outras caus ext,3.4,"3,4",24,SIH05
Média permanência,Caráter atendimento,mensal,2021-03,2021.0,Total,7.1,"7,1",24,SIH05
Média permanência,Caráter atendimento,mensal,2021-04,2021.0,Eletivo,,...,25,SIH05
Média permanência,Caráter atendimento,mensal,2021-04,2021.0,Urgência,7.4,"7,4",25,SIH05
Média permanência,Caráter atendimento,mensal,2021-04,2021.0,Outros ac trab,3.3,"3,3",25,SIH05
Média permanência,Caráter atendimento,mensal,2021-04,2021.0,Outras caus ext,4.5,"4,5",25,SIH05
Média permanência,Caráter atendimento,mensal,2021-04,2021.0,Total,7.0,"7,0",25,SIH05
Média permanência,Caráter atendimento,mensal,2021-05,2021.0,Eletivo,,...,26,SIH05
Média permanência,Caráter atendimento,mensal,2021-05,2021.0,Urgência,8.5,"8,5",26,SIH05
Média permanência,Caráter atendimento,mensal,2021-05,2021.0,Outros ac trab,4.8,"4,8",26,SIH05
Média permanência,Caráter atendimento,mensal,2021-05,2021.0,Outras caus ext,4.7,"4,7",26,SIH05
Média permanência,Caráter atendimento,mensal,2021-05,2021.0,Total,7.8,"7,8",26,SIH05
Média permanência,Caráter atendimento,mensal,2021-06,2021.0,Eletivo,,...,27,SIH05
Média permanência,Caráter atendimento,mensal,2021-06,2021.0,Urgência,6.5,"6,5",27,SIH05
Média permanência,Caráter atendimento,mensal,2021-06,2021.0,Outros ac trab,3.9,"3,9",27,SIH05
Média permanência,Caráter atendimento,mensal,2021-06,2021.0,Outras caus ext,3.8,"3,8",27,SIH05
Média permanência,Caráter atendimento,mensal,2021-06,2021.0,Total,6.1,"6,1",27,SIH05
Média permanência,Caráter atendimento,mensal,2021-07,2021.0,Eletivo,13.0,"13,0",28,SIH05
Média permanência,Caráter atendimento,mensal,2021-07,2021.0,Urgência,6.8,"6,8",28,SIH05
Média permanência,Caráter atendimento,mensal,2021-07,2021.0,Outros ac trab,4.0,"4,0",28,SIH05
Média permanência,Caráter atendimento,mensal,2021-07,2021.0,Outras caus ext,5.2,"5,2",28,SIH05
Média permanência,Caráter atendimento,mensal,2021-07,2021.0,Total,6.6,"6,6",28,SIH05
Média permanência,Caráter atendimento,mensal,2021-08,2021.0,Eletivo,,...,29,SIH05
Média permanência,Caráter atendimento,mensal,2021-08,2021.0,Urgência,6.5,"6,5",29,SIH05
Média permanência,Caráter atendimento,mensal,2021-08,2021.0,Outros ac trab,4.0,"4,0",29,SIH05
Média permanência,Caráter atendimento,mensal,2021-08,2021.0,Outras caus ext,4.4,"4,4",29,SIH05
Média permanência,Caráter atendimento,mensal,2021-08,2021.0,Total,6.1,"6,1",29,SIH05
Média permanência,Caráter atendimento,mensal,2021-09,2021.0,Eletivo,,...,30,SIH05
Média permanência,Caráter atendimento,mensal,2021-09,2021.0,Urgência,6.4,"6,4",30,SIH05
Média permanência,Caráter atendimento,mensal,2021-09,2021.0,Outros ac trab,3.1,"3,1",30,SIH05
Média permanência,Caráter atendimento,mensal,2021-09,2021.0,Outras caus ext,4.9,"4,9",30,SIH05
Média permanência,Caráter atendimento,mensal,2021-09,2021.0,Total,6.1,"6,1",30,SIH05
Média permanência,Caráter atendimento,mensal,2021-10,2021.0,Eletivo,,...,31,SIH05
Média permanência,Caráter atendimento,mensal,2021-10,2021.0,Urgência,6.0,"6,0",31,SIH05
Média permanência,Caráter atendimento,mensal,2021-10,2021.0,Outros ac trab,3.8,"3,8",31,SIH05
Média permanência,Caráter atendimento,mensal,2021-10,2021.0,Outras caus ext,4.3,"4,3",31,SIH05
Média permanência,Caráter atendimento,mensal,2021-10,2021.0,Total,5.9,"5,9",31,SIH05
Média permanência,Caráter atendimento,mensal,2021-11,2021.0,Eletivo,,...,32,SIH05
Média permanência,Caráter atendimento,mensal,2021-11,2021.0,Urgência,6.1,"6,1",32,SIH05
Média permanência,Caráter atendimento,mensal,2021-11,2021.0,Outros ac trab,3.6,"3,6",32,SIH05
Média permanência,Caráter atendimento,mensal,2021-11,2021.0,Outras caus ext,3.7,"3,7",32,SIH05
Média permanência,Caráter atendimento,mensal,2021-11,2021.0,Total,5.7,"5,7",32,SIH05
Média permanência,Caráter atendimento,mensal,2021-12,2021.0,Eletivo,4.0,"4,0",33,SIH05
Média permanência,Caráter atendimento,mensal,2021-12,2021.0,Urgência,6.1,"6,1",33,SIH05
Média permanência,Caráter atendimento,mensal,2021-12,2021.0,Outros ac trab,4.7,"4,7",33,SIH05
Média permanência,Caráter atendimento,mensal,2021-12,2021.0,Outras caus ext,4.2,"4,2",33,SIH05
Média permanência,Caráter atendimento,mensal,2021-12,2021.0,Total,5.9,"5,9",33,SIH05
Média permanência,Caráter atendimento,ano_publicado,,2022.0,Eletivo,3.8,"3,8",34,SIH05
Média permanência,Caráter atendimento,ano_publicado,,2022.0,Urgência,6.1,"6,1",34,SIH05
Média permanência,Caráter atendimento,ano_publicado,,2022.0,Outros ac trab,3.7,"3,7",34,SIH05
Média permanência,Caráter atendimento,ano_publicado,,2022.0,Outras caus ext,4.4,"4,4",34,SIH05
Média permanência,Caráter atendimento,ano_publicado,,2022.0,Total,5.9,"5,9",34,SIH05
Média permanência,Caráter atendimento,mensal,2022-01,2022.0,Eletivo,1.0,"1,0",35,SIH05
Média permanência,Caráter atendimento,mensal,2022-01,2022.0,Urgência,6.6,"6,6",35,SIH05
Média permanência,Caráter atendimento,mensal,2022-01,2022.0,Outros ac trab,4.1,"4,1",35,SIH05
Média permanência,Caráter atendimento,mensal,2022-01,2022.0,Outras caus ext,3.2,"3,2",35,SIH05
Média permanência,Caráter atendimento,mensal,2022-01,2022.0,Total,6.2,"6,2",35,SIH05
Média permanência,Caráter atendimento,mensal,2022-02,2022.0,Eletivo,,...,36,SIH05
Média permanência,Caráter atendimento,mensal,2022-02,2022.0,Urgência,6.8,"6,8",36,SIH05
Média permanência,Caráter atendimento,mensal,2022-02,2022.0,Outros ac trab,3.4,"3,4",36,SIH05
Média permanência,Caráter atendimento,mensal,2022-02,2022.0,Outras caus ext,5.4,"5,4",36,SIH05
Média permanência,Caráter atendimento,mensal,2022-02,2022.0,Total,6.5,"6,5",36,SIH05
Média permanência,Caráter atendimento,mensal,2022-03,2022.0,Eletivo,,...,37,SIH05
Média permanência,Caráter atendimento,mensal,2022-03,2022.0,Urgência,6.4,"6,4",37,SIH05
Média permanência,Caráter atendimento,mensal,2022-03,2022.0,Outros ac trab,3.2,"3,2",37,SIH05
Média permanência,Caráter atendimento,mensal,2022-03,2022.0,Outras caus ext,4.9,"4,9",37,SIH05
Média permanência,Caráter atendimento,mensal,2022-03,2022.0,Total,6.1,"6,1",37,SIH05
Média permanência,Caráter atendimento,mensal,2022-04,2022.0,Eletivo,,...,38,SIH05
Média permanência,Caráter atendimento,mensal,2022-04,2022.0,Urgência,6.1,"6,1",38,SIH05
Média permanência,Caráter atendimento,mensal,2022-04,2022.0,Outros ac trab,4.9,"4,9",38,SIH05
Média permanência,Caráter atendimento,mensal,2022-04,2022.0,Outras caus ext,5.4,"5,4",38,SIH05
Média permanência,Caráter atendimento,mensal,2022-04,2022.0,Total,6.0,"6,0",38,SIH05
Média permanência,Caráter atendimento,mensal,2022-05,2022.0,Eletivo,1.5,"1,5",39,SIH05
Média permanência,Caráter atendimento,mensal,2022-05,2022.0,Urgência,5.7,"5,7",39,SIH05
Média permanência,Caráter atendimento,mensal,2022-05,2022.0,Outros ac trab,3.8,"3,8",39,SIH05
Média permanência,Caráter atendimento,mensal,2022-05,2022.0,Outras caus ext,4.2,"4,2",39,SIH05
Média permanência,Caráter atendimento,mensal,2022-05,2022.0,Total,5.5,"5,5",39,SIH05
Média permanência,Caráter atendimento,mensal,2022-06,2022.0,Eletivo,5.4,"5,4",40,SIH05
Média permanência,Caráter atendimento,mensal,2022-06,2022.0,Urgência,5.6,"5,6",40,SIH05
Média permanência,Caráter atendimento,mensal,2022-06,2022.0,Outros ac trab,3.5,"3,5",40,SIH05
Média permanência,Caráter atendimento,mensal,2022-06,2022.0,Outras caus ext,4.4,"4,4",40,SIH05
Média permanência,Caráter atendimento,mensal,2022-06,2022.0,Total,5.4,"5,4",40,SIH05
Média permanência,Caráter atendimento,mensal,2022-07,2022.0,Eletivo,,...,41,SIH05
Média permanência,Caráter atendimento,mensal,2022-07,2022.0,Urgência,5.6,"5,6",41,SIH05
Média permanência,Caráter atendimento,mensal,2022-07,2022.0,Outros ac trab,3.7,"3,7",41,SIH05
Média permanência,Caráter atendimento,mensal,2022-07,2022.0,Outras caus ext,3.9,"3,9",41,SIH05
Média permanência,Caráter atendimento,mensal,2022-07,2022.0,Total,5.4,"5,4",41,SIH05
Média permanência,Caráter atendimento,mensal,2022-08,2022.0,Eletivo,6.8,"6,8",42,SIH05
Média permanência,Caráter atendimento,mensal,2022-08,2022.0,Urgência,5.8,"5,8",42,SIH05
Média permanência,Caráter atendimento,mensal,2022-08,2022.0,Outros ac trab,3.1,"3,1",42,SIH05
Média permanência,Caráter atendimento,mensal,2022-08,2022.0,Outras caus ext,4.2,"4,2",42,SIH05
Média permanência,Caráter atendimento,mensal,2022-08,2022.0,Total,5.5,"5,5",42,SIH05
Média permanência,Caráter atendimento,mensal,2022-09,2022.0,Eletivo,2.6,"2,6",43,SIH05
Média permanência,Caráter atendimento,mensal,2022-09,2022.0,Urgência,5.6,"5,6",43,SIH05
Média permanência,Caráter atendimento,mensal,2022-09,2022.0,Outros ac trab,3.3,"3,3",43,SIH05
Média permanência,Caráter atendimento,mensal,2022-09,2022.0,Outras caus ext,4.2,"4,2",43,SIH05
Média permanência,Caráter atendimento,mensal,2022-09,2022.0,Total,5.4,"5,4",43,SIH05
Média permanência,Caráter atendimento,mensal,2022-10,2022.0,Eletivo,3.9,"3,9",44,SIH05
Média permanência,Caráter atendimento,mensal,2022-10,2022.0,Urgência,6.8,"6,8",44,SIH05
Média permanência,Caráter atendimento,mensal,2022-10,2022.0,Outros ac trab,5.0,"5,0",44,SIH05
Média permanência,Caráter atendimento,mensal,2022-10,2022.0,Outras caus ext,7.4,"7,4",44,SIH05
Média permanência,Caráter atendimento,mensal,2022-10,2022.0,Total,6.7,"6,7",44,SIH05
Média permanência,Caráter atendimento,mensal,2022-11,2022.0,Eletivo,3.2,"3,2",45,SIH05
Média permanência,Caráter atendimento,mensal,2022-11,2022.0,Urgência,6.7,"6,7",45,SIH05
Média permanência,Caráter atendimento,mensal,2022-11,2022.0,Outros ac trab,5.4,"5,4",45,SIH05
Média permanência,Caráter atendimento,mensal,2022-11,2022.0,Outras caus ext,5.5,"5,5",45,SIH05
Média permanência,Caráter atendimento,mensal,2022-11,2022.0,Total,6.6,"6,6",45,SIH05
Média permanência,Caráter atendimento,mensal,2022-12,2022.0,Eletivo,2.9,"2,9",46,SIH05
Média permanência,Caráter atendimento,mensal,2022-12,2022.0,Urgência,5.7,"5,7",46,SIH05
Média permanência,Caráter atendimento,mensal,2022-12,2022.0,Outros ac trab,3.2,"3,2",46,SIH05
Média permanência,Caráter atendimento,mensal,2022-12,2022.0,Outras caus ext,3.2,"3,2",46,SIH05
Média permanência,Caráter atendimento,mensal,2022-12,2022.0,Total,5.4,"5,4",46,SIH05
Média permanência,Caráter atendimento,ano_publicado,,2023.0,Eletivo,3.2,"3,2",47,SIH05
Média permanência,Caráter atendimento,ano_publicado,,2023.0,Urgência,6.3,"6,3",47,SIH05
Média permanência,Caráter atendimento,ano_publicado,,2023.0,Outros ac trab,3.9,"3,9",47,SIH05
Média permanência,Caráter atendimento,ano_publicado,,2023.0,Outras caus ext,4.6,"4,6",47,SIH05
Média permanência,Caráter atendimento,ano_publicado,,2023.0,Total,6.0,"6,0",47,SIH05
Média permanência,Caráter atendimento,mensal,2023-01,2023.0,Eletivo,,...,48,SIH05
Média permanência,Caráter atendimento,mensal,2023-01,2023.0,Urgência,5.7,"5,7",48,SIH05
Média permanência,Caráter atendimento,mensal,2023-01,2023.0,Outros ac trab,3.5,"3,5",48,SIH05
Média permanência,Caráter atendimento,mensal,2023-01,2023.0,Outras caus ext,4.1,"4,1",48,SIH05
Média permanência,Caráter atendimento,mensal,2023-01,2023.0,Total,5.5,"5,5",48,SIH05
Média permanência,Caráter atendimento,mensal,2023-02,2023.0,Eletivo,,...,49,SIH05
Média permanência,Caráter atendimento,mensal,2023-02,2023.0,Urgência,6.4,"6,4",49,SIH05
Média permanência,Caráter atendimento,mensal,2023-02,2023.0,Outros ac trab,3.6,"3,6",49,SIH05
Média permanência,Caráter atendimento,mensal,2023-02,2023.0,Outras caus ext,3.9,"3,9",49,SIH05
Média permanência,Caráter atendimento,mensal,2023-02,2023.0,Total,6.1,"6,1",49,SIH05
Média permanência,Caráter atendimento,mensal,2023-03,2023.0,Eletivo,,...,50,SIH05
Média permanência,Caráter atendimento,mensal,2023-03,2023.0,Urgência,6.7,"6,7",50,SIH05
Média permanência,Caráter atendimento,mensal,2023-03,2023.0,Outros ac trab,3.5,"3,5",50,SIH05
Média permanência,Caráter atendimento,mensal,2023-03,2023.0,Outras caus ext,4.0,"4,0",50,SIH05
Média permanência,Caráter atendimento,mensal,2023-03,2023.0,Total,6.0,"6,0",50,SIH05
Média permanência,Caráter atendimento,mensal,2023-04,2023.0,Eletivo,2.0,"2,0",51,SIH05
Média permanência,Caráter atendimento,mensal,2023-04,2023.0,Urgência,6.8,"6,8",51,SIH05
Média permanência,Caráter atendimento,mensal,2023-04,2023.0,Outros ac trab,7.3,"7,3",51,SIH05
Média permanência,Caráter atendimento,mensal,2023-04,2023.0,Outras caus ext,24.8,"24,8",51,SIH05
Média permanência,Caráter atendimento,mensal,2023-04,2023.0,Total,7.0,"7,0",51,SIH05
Média permanência,Caráter atendimento,mensal,2023-05,2023.0,Eletivo,,...,52,SIH05
Média permanência,Caráter atendimento,mensal,2023-05,2023.0,Urgência,8.9,"8,9",52,SIH05
Média permanência,Caráter atendimento,mensal,2023-05,2023.0,Outros ac trab,2.8,"2,8",52,SIH05
Média permanência,Caráter atendimento,mensal,2023-05,2023.0,Outras caus ext,5.7,"5,7",52,SIH05
Média permanência,Caráter atendimento,mensal,2023-05,2023.0,Total,8.8,"8,8",52,SIH05
Média permanência,Caráter atendimento,mensal,2023-06,2023.0,Eletivo,,...,53,SIH05
Média permanência,Caráter atendimento,mensal,2023-06,2023.0,Urgência,7.4,"7,4",53,SIH05
Média permanência,Caráter atendimento,mensal,2023-06,2023.0,Outros ac trab,3.5,"3,5",53,SIH05
Média permanência,Caráter atendimento,mensal,2023-06,2023.0,Outras caus ext,4.7,"4,7",53,SIH05
Média permanência,Caráter atendimento,mensal,2023-06,2023.0,Total,6.8,"6,8",53,SIH05
Média permanência,Caráter atendimento,mensal,2023-07,2023.0,Eletivo,3.7,"3,7",54,SIH05
Média permanência,Caráter atendimento,mensal,2023-07,2023.0,Urgência,5.1,"5,1",54,SIH05
Média permanência,Caráter atendimento,mensal,2023-07,2023.0,Outros ac trab,3.3,"3,3",54,SIH05
Média permanência,Caráter atendimento,mensal,2023-07,2023.0,Outras caus ext,3.2,"3,2",54,SIH05
Média permanência,Caráter atendimento,mensal,2023-07,2023.0,Total,4.9,"4,9",54,SIH05
Média permanência,Caráter atendimento,mensal,2023-08,2023.0,Eletivo,,...,55,SIH05
Média permanência,Caráter atendimento,mensal,2023-08,2023.0,Urgência,5.8,"5,8",55,SIH05
Média permanência,Caráter atendimento,mensal,2023-08,2023.0,Outros ac trab,4.7,"4,7",55,SIH05
Média permanência,Caráter atendimento,mensal,2023-08,2023.0,Outras caus ext,4.2,"4,2",55,SIH05
Média permanência,Caráter atendimento,mensal,2023-08,2023.0,Total,5.7,"5,7",55,SIH05
Média permanência,Caráter atendimento,mensal,2023-09,2023.0,Eletivo,,...,56,SIH05
Média permanência,Caráter atendimento,mensal,2023-09,2023.0,Urgência,6.0,"6,0",56,SIH05
Média permanência,Caráter atendimento,mensal,2023-09,2023.0,Outros ac trab,4.1,"4,1",56,SIH05
Média permanência,Caráter atendimento,mensal,2023-09,2023.0,Outras caus ext,4.6,"4,6",56,SIH05
Média permanência,Caráter atendimento,mensal,2023-09,2023.0,Total,5.7,"5,7",56,SIH05
Média permanência,Caráter atendimento,mensal,2023-10,2023.0,Eletivo,,...,57,SIH05
Média permanência,Caráter atendimento,mensal,2023-10,2023.0,Urgência,6.1,"6,1",57,SIH05
Média permanência,Caráter atendimento,mensal,2023-10,2023.0,Outros ac trab,4.6,"4,6",57,SIH05
Média permanência,Caráter atendimento,mensal,2023-10,2023.0,Outras caus ext,5.8,"5,8",57,SIH05
Média permanência,Caráter atendimento,mensal,2023-10,2023.0,Total,5.9,"5,9",57,SIH05
Média permanência,Caráter atendimento,mensal,2023-11,2023.0,Eletivo,,...,58,SIH05
Média permanência,Caráter atendimento,mensal,2023-11,2023.0,Urgência,6.5,"6,5",58,SIH05
Média permanência,Caráter atendimento,mensal,2023-11,2023.0,Outros ac trab,2.7,"2,7",58,SIH05
Média permanência,Caráter atendimento,mensal,2023-11,2023.0,Outras caus ext,5.2,"5,2",58,SIH05
Média permanência,Caráter atendimento,mensal,2023-11,2023.0,Total,6.3,"6,3",58,SIH05
Média permanência,Caráter atendimento,mensal,2023-12,2023.0,Eletivo,3.0,"3,0",59,SIH05
Média permanência,Caráter atendimento,mensal,2023-12,2023.0,Urgência,5.4,"5,4",59,SIH05
Média permanência,Caráter atendimento,mensal,2023-12,2023.0,Outros ac trab,3.6,"3,6",59,SIH05
Média permanência,Caráter atendimento,mensal,2023-12,2023.0,Outras caus ext,3.4,"3,4",59,SIH05
Média permanência,Caráter atendimento,mensal,2023-12,2023.0,Total,5.3,"5,3",59,SIH05
Média permanência,Caráter atendimento,ano_publicado,,2024.0,Eletivo,1.0,"1,0",60,SIH05
Média permanência,Caráter atendimento,ano_publicado,,2024.0,Urgência,5.0,"5,0",60,SIH05
Média permanência,Caráter atendimento,ano_publicado,,2024.0,Outros ac trab,4.2,"4,2",60,SIH05
Média permanência,Caráter atendimento,ano_publicado,,2024.0,Outras caus ext,3.7,"3,7",60,SIH05
Média permanência,Caráter atendimento,ano_publicado,,2024.0,Total,4.9,"4,9",60,SIH05
Média permanência,Caráter atendimento,mensal,2024-01,2024.0,Eletivo,,...,61,SIH05
Média permanência,Caráter atendimento,mensal,2024-01,2024.0,Urgência,6.3,"6,3",61,SIH05
Média permanência,Caráter atendimento,mensal,2024-01,2024.0,Outros ac trab,5.5,"5,5",61,SIH05
Média permanência,Caráter atendimento,mensal,2024-01,2024.0,Outras caus ext,11.1,"11,1",61,SIH05
Média permanência,Caráter atendimento,mensal,2024-01,2024.0,Total,6.4,"6,4",61,SIH05
Média permanência,Caráter atendimento,mensal,2024-02,2024.0,Eletivo,,-,62,SIH05
Média permanência,Caráter atendimento,mensal,2024-02,2024.0,Urgência,6.3,"6,3",62,SIH05
Média permanência,Caráter atendimento,mensal,2024-02,2024.0,Outros ac trab,4.4,"4,4",62,SIH05
Média permanência,Caráter atendimento,mensal,2024-02,2024.0,Outras caus ext,4.8,"4,8",62,SIH05
Média permanência,Caráter atendimento,mensal,2024-02,2024.0,Total,6.0,"6,0",62,SIH05
Média permanência,Caráter atendimento,mensal,2024-03,2024.0,Eletivo,,-,63,SIH05
Média permanência,Caráter atendimento,mensal,2024-03,2024.0,Urgência,5.1,"5,1",63,SIH05
Média permanência,Caráter atendimento,mensal,2024-03,2024.0,Outros ac trab,4.1,"4,1",63,SIH05
Média permanência,Caráter atendimento,mensal,2024-03,2024.0,Outras caus ext,3.4,"3,4",63,SIH05
Média permanência,Caráter atendimento,mensal,2024-03,2024.0,Total,4.9,"4,9",63,SIH05
Média permanência,Caráter atendimento,mensal,2024-04,2024.0,Eletivo,,...,64,SIH05
Média permanência,Caráter atendimento,mensal,2024-04,2024.0,Urgência,4.8,"4,8",64,SIH05
Média permanência,Caráter atendimento,mensal,2024-04,2024.0,Outros ac trab,3.5,"3,5",64,SIH05
Média permanência,Caráter atendimento,mensal,2024-04,2024.0,Outras caus ext,3.6,"3,6",64,SIH05
Média permanência,Caráter atendimento,mensal,2024-04,2024.0,Total,4.6,"4,6",64,SIH05
Média permanência,Caráter atendimento,mensal,2024-05,2024.0,Eletivo,,...,65,SIH05
Média permanência,Caráter atendimento,mensal,2024-05,2024.0,Urgência,5.2,"5,2",65,SIH05
Média permanência,Caráter atendimento,mensal,2024-05,2024.0,Outros ac trab,3.2,"3,2",65,SIH05
Média permanência,Caráter atendimento,mensal,2024-05,2024.0,Outras caus ext,3.7,"3,7",65,SIH05
Média permanência,Caráter atendimento,mensal,2024-05,2024.0,Total,4.9,"4,9",65,SIH05
Média permanência,Caráter atendimento,mensal,2024-06,2024.0,Eletivo,,...,66,SIH05
Média permanência,Caráter atendimento,mensal,2024-06,2024.0,Urgência,4.6,"4,6",66,SIH05
Média permanência,Caráter atendimento,mensal,2024-06,2024.0,Outros ac trab,3.0,"3,0",66,SIH05
Média permanência,Caráter atendimento,mensal,2024-06,2024.0,Outras caus ext,3.0,"3,0",66,SIH05
Média permanência,Caráter atendimento,mensal,2024-06,2024.0,Total,4.4,"4,4",66,SIH05
Média permanência,Caráter atendimento,mensal,2024-07,2024.0,Eletivo,,...,67,SIH05
Média permanência,Caráter atendimento,mensal,2024-07,2024.0,Urgência,4.8,"4,8",67,SIH05
Média permanência,Caráter atendimento,mensal,2024-07,2024.0,Outros ac trab,3.3,"3,3",67,SIH05
Média permanência,Caráter atendimento,mensal,2024-07,2024.0,Outras caus ext,2.6,"2,6",67,SIH05
Média permanência,Caráter atendimento,mensal,2024-07,2024.0,Total,4.4,"4,4",67,SIH05
Média permanência,Caráter atendimento,mensal,2024-08,2024.0,Eletivo,1.0,"1,0",68,SIH05
Média permanência,Caráter atendimento,mensal,2024-08,2024.0,Urgência,4.9,"4,9",68,SIH05
Média permanência,Caráter atendimento,mensal,2024-08,2024.0,Outros ac trab,6.6,"6,6",68,SIH05
Média permanência,Caráter atendimento,mensal,2024-08,2024.0,Outras caus ext,1.6,"1,6",68,SIH05
Média permanência,Caráter atendimento,mensal,2024-08,2024.0,Total,4.9,"4,9",68,SIH05
Média permanência,Caráter atendimento,mensal,2024-09,2024.0,Eletivo,,...,69,SIH05
Média permanência,Caráter atendimento,mensal,2024-09,2024.0,Urgência,4.5,"4,5",69,SIH05
Média permanência,Caráter atendimento,mensal,2024-09,2024.0,Outros ac trab,9.1,"9,1",69,SIH05
Média permanência,Caráter atendimento,mensal,2024-09,2024.0,Outras caus ext,,...,69,SIH05
Média permanência,Caráter atendimento,mensal,2024-09,2024.0,Total,4.6,"4,6",69,SIH05
Média permanência,Caráter atendimento,mensal,2024-10,2024.0,Eletivo,3.0,"3,0",70,SIH05
Média permanência,Caráter atendimento,mensal,2024-10,2024.0,Urgência,4.4,"4,4",70,SIH05
Média permanência,Caráter atendimento,mensal,2024-10,2024.0,Outros ac trab,4.3,"4,3",70,SIH05
Média permanência,Caráter atendimento,mensal,2024-10,2024.0,Outras caus ext,,...,70,SIH05
Média permanência,Caráter atendimento,mensal,2024-10,2024.0,Total,4.4,"4,4",70,SIH05
Média permanência,Caráter atendimento,mensal,2024-11,2024.0,Eletivo,,...,71,SIH05
Média permanência,Caráter atendimento,mensal,2024-11,2024.0,Urgência,4.8,"4,8",71,SIH05
Média permanência,Caráter atendimento,mensal,2024-11,2024.0,Outros ac trab,9.4,"9,4",71,SIH05
Média permanência,Caráter atendimento,mensal,2024-11,2024.0,Outras caus ext,,...,71,SIH05
Média permanência,Caráter atendimento,mensal,2024-11,2024.0,Total,4.9,"4,9",71,SIH05
Média permanência,Caráter atendimento,mensal,2024-12,2024.0,Eletivo,,...,72,SIH05
Média permanência,Caráter atendimento,mensal,2024-12,2024.0,Urgência,4.8,"4,8",72,SIH05
Média permanência,Caráter atendimento,mensal,2024-12,2024.0,Outros ac trab,4.0,"4,0",72,SIH05
Média permanência,Caráter atendimento,mensal,2024-12,2024.0,Outras caus ext,,...,72,SIH05
Média permanência,Caráter atendimento,mensal,2024-12,2024.0,Total,4.8,"4,8",72,SIH05
Média permanência,Caráter atendimento,ano_publicado,,2025.0,Eletivo,2.8,"2,8",73,SIH05
Média permanência,Caráter atendimento,ano_publicado,,2025.0,Urgência,4.7,"4,7",73,SIH05
Média permanência,Caráter atendimento,ano_publicado,,2025.0,Outros ac trab,3.8,"3,8",73,SIH05
Média permanência,Caráter atendimento,ano_publicado,,2025.0,Outras caus ext,4.8,"4,8",73,SIH05
Média permanência,Caráter atendimento,ano_publicado,,2025.0,Total,4.6,"4,6",73,SIH05
Média permanência,Caráter atendimento,mensal,2025-01,2025.0,Eletivo,2.9,"2,9",74,SIH05
Média permanência,Caráter atendimento,mensal,2025-01,2025.0,Urgência,4.6,"4,6",74,SIH05
Média permanência,Caráter atendimento,mensal,2025-01,2025.0,Outros ac trab,5.7,"5,7",74,SIH05
Média permanência,Caráter atendimento,mensal,2025-01,2025.0,Outras caus ext,,...,74,SIH05
Média permanência,Caráter atendimento,mensal,2025-01,2025.0,Total,4.6,"4,6",74,SIH05
Média permanência,Caráter atendimento,mensal,2025-02,2025.0,Eletivo,3.3,"3,3",75,SIH05
Média permanência,Caráter atendimento,mensal,2025-02,2025.0,Urgência,4.3,"4,3",75,SIH05
Média permanência,Caráter atendimento,mensal,2025-02,2025.0,Outros ac trab,5.9,"5,9",75,SIH05
Média permanência,Caráter atendimento,mensal,2025-02,2025.0,Outras caus ext,,...,75,SIH05
Média permanência,Caráter atendimento,mensal,2025-02,2025.0,Total,4.3,"4,3",75,SIH05
Média permanência,Caráter atendimento,mensal,2025-03,2025.0,Eletivo,3.8,"3,8",76,SIH05
Média permanência,Caráter atendimento,mensal,2025-03,2025.0,Urgência,4.8,"4,8",76,SIH05
Média permanência,Caráter atendimento,mensal,2025-03,2025.0,Outros ac trab,5.1,"5,1",76,SIH05
Média permanência,Caráter atendimento,mensal,2025-03,2025.0,Outras caus ext,,...,76,SIH05
Média permanência,Caráter atendimento,mensal,2025-03,2025.0,Total,4.7,"4,7",76,SIH05
Média permanência,Caráter atendimento,mensal,2025-04,2025.0,Eletivo,3.3,"3,3",77,SIH05
Média permanência,Caráter atendimento,mensal,2025-04,2025.0,Urgência,4.4,"4,4",77,SIH05
Média permanência,Caráter atendimento,mensal,2025-04,2025.0,Outros ac trab,4.1,"4,1",77,SIH05
Média permanência,Caráter atendimento,mensal,2025-04,2025.0,Outras caus ext,,...,77,SIH05
Média permanência,Caráter atendimento,mensal,2025-04,2025.0,Total,4.4,"4,4",77,SIH05
Média permanência,Caráter atendimento,mensal,2025-05,2025.0,Eletivo,2.7,"2,7",78,SIH05
Média permanência,Caráter atendimento,mensal,2025-05,2025.0,Urgência,4.8,"4,8",78,SIH05
Média permanência,Caráter atendimento,mensal,2025-05,2025.0,Outros ac trab,6.8,"6,8",78,SIH05
Média permanência,Caráter atendimento,mensal,2025-05,2025.0,Outras caus ext,10.0,"10,0",78,SIH05
Média permanência,Caráter atendimento,mensal,2025-05,2025.0,Total,4.7,"4,7",78,SIH05
Média permanência,Caráter atendimento,mensal,2025-06,2025.0,Eletivo,3.0,"3,0",79,SIH05
Média permanência,Caráter atendimento,mensal,2025-06,2025.0,Urgência,6.0,"6,0",79,SIH05
Média permanência,Caráter atendimento,mensal,2025-06,2025.0,Outros ac trab,3.3,"3,3",79,SIH05
Média permanência,Caráter atendimento,mensal,2025-06,2025.0,Outras caus ext,2.7,"2,7",79,SIH05
Média permanência,Caráter atendimento,mensal,2025-06,2025.0,Total,5.9,"5,9",79,SIH05
Média permanência,Caráter atendimento,mensal,2025-07,2025.0,Eletivo,,...,80,SIH05
Média permanência,Caráter atendimento,mensal,2025-07,2025.0,Urgência,4.4,"4,4",80,SIH05
Média permanência,Caráter atendimento,mensal,2025-07,2025.0,Outros ac trab,2.0,"2,0",80,SIH05
Média permanência,Caráter atendimento,mensal,2025-07,2025.0,Outras caus ext,3.0,"3,0",80,SIH05
Média permanência,Caráter atendimento,mensal,2025-07,2025.0,Total,4.4,"4,4",80,SIH05
Média permanência,Caráter atendimento,mensal,2025-08,2025.0,Eletivo,,...,81,SIH05
Média permanência,Caráter atendimento,mensal,2025-08,2025.0,Urgência,4.5,"4,5",81,SIH05
Média permanência,Caráter atendimento,mensal,2025-08,2025.0,Outros ac trab,2.6,"2,6",81,SIH05
Média permanência,Caráter atendimento,mensal,2025-08,2025.0,Outras caus ext,3.8,"3,8",81,SIH05
Média permanência,Caráter atendimento,mensal,2025-08,2025.0,Total,4.4,"4,4",81,SIH05
Média permanência,Caráter atendimento,mensal,2025-09,2025.0,Eletivo,2.2,"2,2",82,SIH05
Média permanência,Caráter atendimento,mensal,2025-09,2025.0,Urgência,5.2,"5,2",82,SIH05
Média permanência,Caráter atendimento,mensal,2025-09,2025.0,Outros ac trab,5.0,"5,0",82,SIH05
Média permanência,Caráter atendimento,mensal,2025-09,2025.0,Outras caus ext,2.5,"2,5",82,SIH05
Média permanência,Caráter atendimento,mensal,2025-09,2025.0,Total,5.1,"5,1",82,SIH05
Média permanência,Caráter atendimento,mensal,2025-10,2025.0,Eletivo,2.3,"2,3",83,SIH05
Média permanência,Caráter atendimento,mensal,2025-10,2025.0,Urgência,4.4,"4,4",83,SIH05
Média permanência,Caráter atendimento,mensal,2025-10,2025.0,Outros ac trab,3.3,"3,3",83,SIH05
Média permanência,Caráter atendimento,mensal,2025-10,2025.0,Outras caus ext,2.5,"2,5",83,SIH05
Média permanência,Caráter atendimento,mensal,2025-10,2025.0,Total,4.2,"4,2",83,SIH05
Média permanência,Caráter atendimento,mensal,2025-11,2025.0,Eletivo,2.1,"2,1",84,SIH05
Média permanência,Caráter atendimento,mensal,2025-11,2025.0,Urgência,4.3,"4,3",84,SIH05
Média permanência,Caráter atendimento,mensal,2025-11,2025.0,Outros ac trab,3.4,"3,4",84,SIH05
Média permanência,Caráter atendimento,mensal,2025-11,2025.0,Outras caus ext,4.8,"4,8",84,SIH05
Média permanência,Caráter atendimento,mensal,2025-11,2025.0,Total,4.1,"4,1",84,SIH05
Média permanência,Caráter atendimento,mensal,2025-12,2025.0,Eletivo,2.0,"2,0",85,SIH05
Média permanência,Caráter atendimento,mensal,2025-12,2025.0,Urgência,4.7,"4,7",85,SIH05
Média permanência,Caráter atendimento,mensal,2025-12,2025.0,Outros ac trab,2.8,"2,8",85,SIH05
Média permanência,Caráter atendimento,mensal,2025-12,2025.0,Outras caus ext,10.8,"10,8",85,SIH05
Média permanência,Caráter atendimento,mensal,2025-12,2025.0,Total,4.5,"4,5",85,SIH05
Média permanência,Caráter atendimento,ano_publicado,,2026.0,Eletivo,1.7,"1,7",86,SIH05
Média permanência,Caráter atendimento,ano_publicado,,2026.0,Urgência,4.8,"4,8",86,SIH05
Média permanência,Caráter atendimento,ano_publicado,,2026.0,Outros ac trab,3.5,"3,5",86,SIH05
Média permanência,Caráter atendimento,ano_publicado,,2026.0,Outras caus ext,4.0,"4,0",86,SIH05
Média permanência,Caráter atendimento,ano_publicado,,2026.0,Total,4.6,"4,6",86,SIH05
Média permanência,Caráter atendimento,mensal,2026-01,2026.0,Eletivo,1.7,"1,7",87,SIH05
Média permanência,Caráter atendimento,mensal,2026-01,2026.0,Urgência,4.9,"4,9",87,SIH05
Média permanência,Caráter atendimento,mensal,2026-01,2026.0,Outros ac trab,3.3,"3,3",87,SIH05
Média permanência,Caráter atendimento,mensal,2026-01,2026.0,Outras caus ext,3.0,"3,0",87,SIH05
Média permanência,Caráter atendimento,mensal,2026-01,2026.0,Total,4.6,"4,6",87,SIH05
Média permanência,Caráter atendimento,mensal,2026-02,2026.0,Eletivo,1.6,"1,6",88,SIH05
Média permanência,Caráter atendimento,mensal,2026-02,2026.0,Urgência,4.7,"4,7",88,SIH05
Média permanência,Caráter atendimento,mensal,2026-02,2026.0,Outros ac trab,4.7,"4,7",88,SIH05
Média permanência,Caráter atendimento,mensal,2026-02,2026.0,Outras caus ext,4.9,"4,9",88,SIH05
Média permanência,Caráter atendimento,mensal,2026-02,2026.0,Total,4.6,"4,6",88,SIH05
Média permanência,Caráter atendimento,mensal,2026-03,2026.0,Eletivo,2.9,"2,9",89,SIH05
Média permanência,Caráter atendimento,mensal,2026-03,2026.0,Urgência,4.8,"4,8",89,SIH05
Média permanência,Caráter atendimento,mensal,2026-03,2026.0,Outros ac trab,4.0,"4,0",89,SIH05
Média permanência,Caráter atendimento,mensal,2026-03,2026.0,Outras caus ext,4.4,"4,4",89,SIH05
Média permanência,Caráter atendimento,mensal,2026-03,2026.0,Total,4.7,"4,7",89,SIH05
Média permanência,Caráter atendimento,mensal,2026-04,2026.0,Eletivo,1.0,"1,0",90,SIH05
Média permanência,Caráter atendimento,mensal,2026-04,2026.0,Urgência,5.1,"5,1",90,SIH05
Média permanência,Caráter atendimento,mensal,2026-04,2026.0,Outros ac trab,2.8,"2,8",90,SIH05
Média permanência,Caráter atendimento,mensal,2026-04,2026.0,Outras caus ext,2.6,"2,6",90,SIH05
Média permanência,Caráter atendimento,mensal,2026-04,2026.0,Total,4.8,"4,8",90,SIH05
Média permanência,Caráter atendimento,mensal,2026-05,2026.0,Eletivo,1.5,"1,5",91,SIH05
Média permanência,Caráter atendimento,mensal,2026-05,2026.0,Urgência,5.0,"5,0",91,SIH05
Média permanência,Caráter atendimento,mensal,2026-05,2026.0,Outros ac trab,2.6,"2,6",91,SIH05
Média permanência,Caráter atendimento,mensal,2026-05,2026.0,Outras caus ext,3.1,"3,1",91,SIH05
Média permanência,Caráter atendimento,mensal,2026-05,2026.0,Total,4.8,"4,8",91,SIH05
Média permanência,Caráter atendimento,mensal,2026-06,2026.0,Eletivo,1.5,"1,5",92,SIH05
Média permanência,Caráter atendimento,mensal,2026-06,2026.0,Urgência,4.9,"4,9",92,SIH05
Média permanência,Caráter atendimento,mensal,2026-06,2026.0,Outros ac trab,3.0,"3,0",92,SIH05
Média permanência,Caráter atendimento,mensal,2026-06,2026.0,Outras caus ext,5.9,"5,9",92,SIH05
Média permanência,Caráter atendimento,mensal,2026-06,2026.0,Total,4.7,"4,7",92,SIH05
Média permanência,Caráter atendimento,mensal,2026-07,2026.0,Eletivo,1.4,"1,4",93,SIH05
Média permanência,Caráter atendimento,mensal,2026-07,2026.0,Urgência,4.5,"4,5",93,SIH05
Média permanência,Caráter atendimento,mensal,2026-07,2026.0,Outros ac trab,3.8,"3,8",93,SIH05
Média permanência,Caráter atendimento,mensal,2026-07,2026.0,Outras caus ext,5.6,"5,6",93,SIH05
Média permanência,Caráter atendimento,mensal,2026-07,2026.0,Total,4.3,"4,3",93,SIH05
Média permanência,Caráter atendimento,total_publicado,,,Eletivo,2.8,"2,8",94,SIH05
Média permanência,Caráter atendimento,total_publicado,,,Urgência,5.8,"5,8",94,SIH05
Média permanência,Caráter atendimento,total_publicado,,,Outros ac trab,3.7,"3,7",94,SIH05
Média permanência,Caráter atendimento,total_publicado,,,Outras caus ext,4.2,"4,2",94,SIH05
Média permanência,Caráter atendimento,total_publicado,,,Total,5.5,"5,5",94,SIH05
AIH aprovadas,Grupo procedimento,ano_publicado,,2019.0,02 Procedimentos com finalidade diagnostica,,-,6,SIH06
AIH aprovadas,Grupo procedimento,ano_publicado,,2019.0,03 Procedimentos clinicos,89.0,89,6,SIH06
AIH aprovadas,Grupo procedimento,ano_publicado,,2019.0,04 Procedimentos cirurgicos,78.0,78,6,SIH06
AIH aprovadas,Grupo procedimento,ano_publicado,,2019.0,"05 Transplantes de orgaos, tecidos e celulas",,-,6,SIH06
AIH aprovadas,Grupo procedimento,ano_publicado,,2019.0,Total,167.0,167,6,SIH06
AIH aprovadas,Grupo procedimento,mensal,2019-12,2019.0,02 Procedimentos com finalidade diagnostica,,-,7,SIH06
AIH aprovadas,Grupo procedimento,mensal,2019-12,2019.0,03 Procedimentos clinicos,89.0,89,7,SIH06
AIH aprovadas,Grupo procedimento,mensal,2019-12,2019.0,04 Procedimentos cirurgicos,78.0,78,7,SIH06
AIH aprovadas,Grupo procedimento,mensal,2019-12,2019.0,"05 Transplantes de orgaos, tecidos e celulas",,-,7,SIH06
AIH aprovadas,Grupo procedimento,mensal,2019-12,2019.0,Total,167.0,167,7,SIH06
AIH aprovadas,Grupo procedimento,ano_publicado,,2020.0,02 Procedimentos com finalidade diagnostica,1.0,1,8,SIH06
AIH aprovadas,Grupo procedimento,ano_publicado,,2020.0,03 Procedimentos clinicos,4892.0,4892,8,SIH06
AIH aprovadas,Grupo procedimento,ano_publicado,,2020.0,04 Procedimentos cirurgicos,4246.0,4246,8,SIH06
AIH aprovadas,Grupo procedimento,ano_publicado,,2020.0,"05 Transplantes de orgaos, tecidos e celulas",,-,8,SIH06
AIH aprovadas,Grupo procedimento,ano_publicado,,2020.0,Total,9139.0,9139,8,SIH06
AIH aprovadas,Grupo procedimento,mensal,2020-01,2020.0,02 Procedimentos com finalidade diagnostica,,-,9,SIH06
AIH aprovadas,Grupo procedimento,mensal,2020-01,2020.0,03 Procedimentos clinicos,431.0,431,9,SIH06
AIH aprovadas,Grupo procedimento,mensal,2020-01,2020.0,04 Procedimentos cirurgicos,431.0,431,9,SIH06
AIH aprovadas,Grupo procedimento,mensal,2020-01,2020.0,"05 Transplantes de orgaos, tecidos e celulas",,-,9,SIH06
AIH aprovadas,Grupo procedimento,mensal,2020-01,2020.0,Total,862.0,862,9,SIH06
AIH aprovadas,Grupo procedimento,mensal,2020-02,2020.0,02 Procedimentos com finalidade diagnostica,,-,10,SIH06
AIH aprovadas,Grupo procedimento,mensal,2020-02,2020.0,03 Procedimentos clinicos,446.0,446,10,SIH06
AIH aprovadas,Grupo procedimento,mensal,2020-02,2020.0,04 Procedimentos cirurgicos,425.0,425,10,SIH06
AIH aprovadas,Grupo procedimento,mensal,2020-02,2020.0,"05 Transplantes de orgaos, tecidos e celulas",,-,10,SIH06
AIH aprovadas,Grupo procedimento,mensal,2020-02,2020.0,Total,871.0,871,10,SIH06
AIH aprovadas,Grupo procedimento,mensal,2020-03,2020.0,02 Procedimentos com finalidade diagnostica,,-,11,SIH06
AIH aprovadas,Grupo procedimento,mensal,2020-03,2020.0,03 Procedimentos clinicos,328.0,328,11,SIH06
AIH aprovadas,Grupo procedimento,mensal,2020-03,2020.0,04 Procedimentos cirurgicos,373.0,373,11,SIH06
AIH aprovadas,Grupo procedimento,mensal,2020-03,2020.0,"05 Transplantes de orgaos, tecidos e celulas",,-,11,SIH06
AIH aprovadas,Grupo procedimento,mensal,2020-03,2020.0,Total,701.0,701,11,SIH06
AIH aprovadas,Grupo procedimento,mensal,2020-04,2020.0,02 Procedimentos com finalidade diagnostica,,-,12,SIH06
AIH aprovadas,Grupo procedimento,mensal,2020-04,2020.0,03 Procedimentos clinicos,393.0,393,12,SIH06
AIH aprovadas,Grupo procedimento,mensal,2020-04,2020.0,04 Procedimentos cirurgicos,258.0,258,12,SIH06
AIH aprovadas,Grupo procedimento,mensal,2020-04,2020.0,"05 Transplantes de orgaos, tecidos e celulas",,-,12,SIH06
AIH aprovadas,Grupo procedimento,mensal,2020-04,2020.0,Total,651.0,651,12,SIH06
AIH aprovadas,Grupo procedimento,mensal,2020-05,2020.0,02 Procedimentos com finalidade diagnostica,,-,13,SIH06
AIH aprovadas,Grupo procedimento,mensal,2020-05,2020.0,03 Procedimentos clinicos,492.0,492,13,SIH06
AIH aprovadas,Grupo procedimento,mensal,2020-05,2020.0,04 Procedimentos cirurgicos,262.0,262,13,SIH06
AIH aprovadas,Grupo procedimento,mensal,2020-05,2020.0,"05 Transplantes de orgaos, tecidos e celulas",,-,13,SIH06
AIH aprovadas,Grupo procedimento,mensal,2020-05,2020.0,Total,754.0,754,13,SIH06
AIH aprovadas,Grupo procedimento,mensal,2020-06,2020.0,02 Procedimentos com finalidade diagnostica,,-,14,SIH06
AIH aprovadas,Grupo procedimento,mensal,2020-06,2020.0,03 Procedimentos clinicos,435.0,435,14,SIH06
AIH aprovadas,Grupo procedimento,mensal,2020-06,2020.0,04 Procedimentos cirurgicos,311.0,311,14,SIH06
AIH aprovadas,Grupo procedimento,mensal,2020-06,2020.0,"05 Transplantes de orgaos, tecidos e celulas",,-,14,SIH06
AIH aprovadas,Grupo procedimento,mensal,2020-06,2020.0,Total,746.0,746,14,SIH06
AIH aprovadas,Grupo procedimento,mensal,2020-07,2020.0,02 Procedimentos com finalidade diagnostica,,-,15,SIH06
AIH aprovadas,Grupo procedimento,mensal,2020-07,2020.0,03 Procedimentos clinicos,444.0,444,15,SIH06
AIH aprovadas,Grupo procedimento,mensal,2020-07,2020.0,04 Procedimentos cirurgicos,311.0,311,15,SIH06
AIH aprovadas,Grupo procedimento,mensal,2020-07,2020.0,"05 Transplantes de orgaos, tecidos e celulas",,-,15,SIH06
AIH aprovadas,Grupo procedimento,mensal,2020-07,2020.0,Total,755.0,755,15,SIH06
AIH aprovadas,Grupo procedimento,mensal,2020-08,2020.0,02 Procedimentos com finalidade diagnostica,,-,16,SIH06
AIH aprovadas,Grupo procedimento,mensal,2020-08,2020.0,03 Procedimentos clinicos,319.0,319,16,SIH06
AIH aprovadas,Grupo procedimento,mensal,2020-08,2020.0,04 Procedimentos cirurgicos,317.0,317,16,SIH06
AIH aprovadas,Grupo procedimento,mensal,2020-08,2020.0,"05 Transplantes de orgaos, tecidos e celulas",,-,16,SIH06
AIH aprovadas,Grupo procedimento,mensal,2020-08,2020.0,Total,636.0,636,16,SIH06
AIH aprovadas,Grupo procedimento,mensal,2020-09,2020.0,02 Procedimentos com finalidade diagnostica,1.0,1,17,SIH06
AIH aprovadas,Grupo procedimento,mensal,2020-09,2020.0,03 Procedimentos clinicos,370.0,370,17,SIH06
AIH aprovadas,Grupo procedimento,mensal,2020-09,2020.0,04 Procedimentos cirurgicos,419.0,419,17,SIH06
AIH aprovadas,Grupo procedimento,mensal,2020-09,2020.0,"05 Transplantes de orgaos, tecidos e celulas",,-,17,SIH06
AIH aprovadas,Grupo procedimento,mensal,2020-09,2020.0,Total,790.0,790,17,SIH06
AIH aprovadas,Grupo procedimento,mensal,2020-10,2020.0,02 Procedimentos com finalidade diagnostica,,-,18,SIH06
AIH aprovadas,Grupo procedimento,mensal,2020-10,2020.0,03 Procedimentos clinicos,392.0,392,18,SIH06
AIH aprovadas,Grupo procedimento,mensal,2020-10,2020.0,04 Procedimentos cirurgicos,360.0,360,18,SIH06
AIH aprovadas,Grupo procedimento,mensal,2020-10,2020.0,"05 Transplantes de orgaos, tecidos e celulas",,-,18,SIH06
AIH aprovadas,Grupo procedimento,mensal,2020-10,2020.0,Total,752.0,752,18,SIH06
AIH aprovadas,Grupo procedimento,mensal,2020-11,2020.0,02 Procedimentos com finalidade diagnostica,,-,19,SIH06
AIH aprovadas,Grupo procedimento,mensal,2020-11,2020.0,03 Procedimentos clinicos,444.0,444,19,SIH06
AIH aprovadas,Grupo procedimento,mensal,2020-11,2020.0,04 Procedimentos cirurgicos,366.0,366,19,SIH06
AIH aprovadas,Grupo procedimento,mensal,2020-11,2020.0,"05 Transplantes de orgaos, tecidos e celulas",,-,19,SIH06
AIH aprovadas,Grupo procedimento,mensal,2020-11,2020.0,Total,810.0,810,19,SIH06
AIH aprovadas,Grupo procedimento,mensal,2020-12,2020.0,02 Procedimentos com finalidade diagnostica,,-,20,SIH06
AIH aprovadas,Grupo procedimento,mensal,2020-12,2020.0,03 Procedimentos clinicos,398.0,398,20,SIH06
AIH aprovadas,Grupo procedimento,mensal,2020-12,2020.0,04 Procedimentos cirurgicos,413.0,413,20,SIH06
AIH aprovadas,Grupo procedimento,mensal,2020-12,2020.0,"05 Transplantes de orgaos, tecidos e celulas",,-,20,SIH06
AIH aprovadas,Grupo procedimento,mensal,2020-12,2020.0,Total,811.0,811,20,SIH06
AIH aprovadas,Grupo procedimento,ano_publicado,,2021.0,02 Procedimentos com finalidade diagnostica,,-,21,SIH06
AIH aprovadas,Grupo procedimento,ano_publicado,,2021.0,03 Procedimentos clinicos,4265.0,4265,21,SIH06
AIH aprovadas,Grupo procedimento,ano_publicado,,2021.0,04 Procedimentos cirurgicos,4600.0,4600,21,SIH06
AIH aprovadas,Grupo procedimento,ano_publicado,,2021.0,"05 Transplantes de orgaos, tecidos e celulas",,-,21,SIH06
AIH aprovadas,Grupo procedimento,ano_publicado,,2021.0,Total,8865.0,8865,21,SIH06
AIH aprovadas,Grupo procedimento,mensal,2021-01,2021.0,02 Procedimentos com finalidade diagnostica,,-,22,SIH06
AIH aprovadas,Grupo procedimento,mensal,2021-01,2021.0,03 Procedimentos clinicos,439.0,439,22,SIH06
AIH aprovadas,Grupo procedimento,mensal,2021-01,2021.0,04 Procedimentos cirurgicos,369.0,369,22,SIH06
AIH aprovadas,Grupo procedimento,mensal,2021-01,2021.0,"05 Transplantes de orgaos, tecidos e celulas",,-,22,SIH06
AIH aprovadas,Grupo procedimento,mensal,2021-01,2021.0,Total,808.0,808,22,SIH06
AIH aprovadas,Grupo procedimento,mensal,2021-02,2021.0,02 Procedimentos com finalidade diagnostica,,-,23,SIH06
AIH aprovadas,Grupo procedimento,mensal,2021-02,2021.0,03 Procedimentos clinicos,344.0,344,23,SIH06
AIH aprovadas,Grupo procedimento,mensal,2021-02,2021.0,04 Procedimentos cirurgicos,356.0,356,23,SIH06
AIH aprovadas,Grupo procedimento,mensal,2021-02,2021.0,"05 Transplantes de orgaos, tecidos e celulas",,-,23,SIH06
AIH aprovadas,Grupo procedimento,mensal,2021-02,2021.0,Total,700.0,700,23,SIH06
AIH aprovadas,Grupo procedimento,mensal,2021-03,2021.0,02 Procedimentos com finalidade diagnostica,,-,24,SIH06
AIH aprovadas,Grupo procedimento,mensal,2021-03,2021.0,03 Procedimentos clinicos,438.0,438,24,SIH06
AIH aprovadas,Grupo procedimento,mensal,2021-03,2021.0,04 Procedimentos cirurgicos,333.0,333,24,SIH06
AIH aprovadas,Grupo procedimento,mensal,2021-03,2021.0,"05 Transplantes de orgaos, tecidos e celulas",,-,24,SIH06
AIH aprovadas,Grupo procedimento,mensal,2021-03,2021.0,Total,771.0,771,24,SIH06
AIH aprovadas,Grupo procedimento,mensal,2021-04,2021.0,02 Procedimentos com finalidade diagnostica,,-,25,SIH06
AIH aprovadas,Grupo procedimento,mensal,2021-04,2021.0,03 Procedimentos clinicos,415.0,415,25,SIH06
AIH aprovadas,Grupo procedimento,mensal,2021-04,2021.0,04 Procedimentos cirurgicos,363.0,363,25,SIH06
AIH aprovadas,Grupo procedimento,mensal,2021-04,2021.0,"05 Transplantes de orgaos, tecidos e celulas",,-,25,SIH06
AIH aprovadas,Grupo procedimento,mensal,2021-04,2021.0,Total,778.0,778,25,SIH06
AIH aprovadas,Grupo procedimento,mensal,2021-05,2021.0,02 Procedimentos com finalidade diagnostica,,-,26,SIH06
AIH aprovadas,Grupo procedimento,mensal,2021-05,2021.0,03 Procedimentos clinicos,333.0,333,26,SIH06
AIH aprovadas,Grupo procedimento,mensal,2021-05,2021.0,04 Procedimentos cirurgicos,345.0,345,26,SIH06
AIH aprovadas,Grupo procedimento,mensal,2021-05,2021.0,"05 Transplantes de orgaos, tecidos e celulas",,-,26,SIH06
AIH aprovadas,Grupo procedimento,mensal,2021-05,2021.0,Total,678.0,678,26,SIH06
AIH aprovadas,Grupo procedimento,mensal,2021-06,2021.0,02 Procedimentos com finalidade diagnostica,,-,27,SIH06
AIH aprovadas,Grupo procedimento,mensal,2021-06,2021.0,03 Procedimentos clinicos,288.0,288,27,SIH06
AIH aprovadas,Grupo procedimento,mensal,2021-06,2021.0,04 Procedimentos cirurgicos,389.0,389,27,SIH06
AIH aprovadas,Grupo procedimento,mensal,2021-06,2021.0,"05 Transplantes de orgaos, tecidos e celulas",,-,27,SIH06
AIH aprovadas,Grupo procedimento,mensal,2021-06,2021.0,Total,677.0,677,27,SIH06
AIH aprovadas,Grupo procedimento,mensal,2021-07,2021.0,02 Procedimentos com finalidade diagnostica,,-,28,SIH06
AIH aprovadas,Grupo procedimento,mensal,2021-07,2021.0,03 Procedimentos clinicos,341.0,341,28,SIH06
AIH aprovadas,Grupo procedimento,mensal,2021-07,2021.0,04 Procedimentos cirurgicos,415.0,415,28,SIH06
AIH aprovadas,Grupo procedimento,mensal,2021-07,2021.0,"05 Transplantes de orgaos, tecidos e celulas",,-,28,SIH06
AIH aprovadas,Grupo procedimento,mensal,2021-07,2021.0,Total,756.0,756,28,SIH06
AIH aprovadas,Grupo procedimento,mensal,2021-08,2021.0,02 Procedimentos com finalidade diagnostica,,-,29,SIH06
AIH aprovadas,Grupo procedimento,mensal,2021-08,2021.0,03 Procedimentos clinicos,303.0,303,29,SIH06
AIH aprovadas,Grupo procedimento,mensal,2021-08,2021.0,04 Procedimentos cirurgicos,388.0,388,29,SIH06
AIH aprovadas,Grupo procedimento,mensal,2021-08,2021.0,"05 Transplantes de orgaos, tecidos e celulas",,-,29,SIH06
AIH aprovadas,Grupo procedimento,mensal,2021-08,2021.0,Total,691.0,691,29,SIH06
AIH aprovadas,Grupo procedimento,mensal,2021-09,2021.0,02 Procedimentos com finalidade diagnostica,,-,30,SIH06
AIH aprovadas,Grupo procedimento,mensal,2021-09,2021.0,03 Procedimentos clinicos,354.0,354,30,SIH06
AIH aprovadas,Grupo procedimento,mensal,2021-09,2021.0,04 Procedimentos cirurgicos,459.0,459,30,SIH06
AIH aprovadas,Grupo procedimento,mensal,2021-09,2021.0,"05 Transplantes de orgaos, tecidos e celulas",,-,30,SIH06
AIH aprovadas,Grupo procedimento,mensal,2021-09,2021.0,Total,813.0,813,30,SIH06
AIH aprovadas,Grupo procedimento,mensal,2021-10,2021.0,02 Procedimentos com finalidade diagnostica,,-,31,SIH06
AIH aprovadas,Grupo procedimento,mensal,2021-10,2021.0,03 Procedimentos clinicos,297.0,297,31,SIH06
AIH aprovadas,Grupo procedimento,mensal,2021-10,2021.0,04 Procedimentos cirurgicos,370.0,370,31,SIH06
AIH aprovadas,Grupo procedimento,mensal,2021-10,2021.0,"05 Transplantes de orgaos, tecidos e celulas",,-,31,SIH06
AIH aprovadas,Grupo procedimento,mensal,2021-10,2021.0,Total,667.0,667,31,SIH06
AIH aprovadas,Grupo procedimento,mensal,2021-11,2021.0,02 Procedimentos com finalidade diagnostica,,-,32,SIH06
AIH aprovadas,Grupo procedimento,mensal,2021-11,2021.0,03 Procedimentos clinicos,336.0,336,32,SIH06
AIH aprovadas,Grupo procedimento,mensal,2021-11,2021.0,04 Procedimentos cirurgicos,387.0,387,32,SIH06
AIH aprovadas,Grupo procedimento,mensal,2021-11,2021.0,"05 Transplantes de orgaos, tecidos e celulas",,-,32,SIH06
AIH aprovadas,Grupo procedimento,mensal,2021-11,2021.0,Total,723.0,723,32,SIH06
AIH aprovadas,Grupo procedimento,mensal,2021-12,2021.0,02 Procedimentos com finalidade diagnostica,,-,33,SIH06
AIH aprovadas,Grupo procedimento,mensal,2021-12,2021.0,03 Procedimentos clinicos,377.0,377,33,SIH06
AIH aprovadas,Grupo procedimento,mensal,2021-12,2021.0,04 Procedimentos cirurgicos,426.0,426,33,SIH06
AIH aprovadas,Grupo procedimento,mensal,2021-12,2021.0,"05 Transplantes de orgaos, tecidos e celulas",,-,33,SIH06
AIH aprovadas,Grupo procedimento,mensal,2021-12,2021.0,Total,803.0,803,33,SIH06
AIH aprovadas,Grupo procedimento,ano_publicado,,2022.0,02 Procedimentos com finalidade diagnostica,,-,34,SIH06
AIH aprovadas,Grupo procedimento,ano_publicado,,2022.0,03 Procedimentos clinicos,3631.0,3631,34,SIH06
AIH aprovadas,Grupo procedimento,ano_publicado,,2022.0,04 Procedimentos cirurgicos,4956.0,4956,34,SIH06
AIH aprovadas,Grupo procedimento,ano_publicado,,2022.0,"05 Transplantes de orgaos, tecidos e celulas",,-,34,SIH06
AIH aprovadas,Grupo procedimento,ano_publicado,,2022.0,Total,8587.0,8587,34,SIH06
AIH aprovadas,Grupo procedimento,mensal,2022-01,2022.0,02 Procedimentos com finalidade diagnostica,,-,35,SIH06
AIH aprovadas,Grupo procedimento,mensal,2022-01,2022.0,03 Procedimentos clinicos,373.0,373,35,SIH06
AIH aprovadas,Grupo procedimento,mensal,2022-01,2022.0,04 Procedimentos cirurgicos,413.0,413,35,SIH06
AIH aprovadas,Grupo procedimento,mensal,2022-01,2022.0,"05 Transplantes de orgaos, tecidos e celulas",,-,35,SIH06
AIH aprovadas,Grupo procedimento,mensal,2022-01,2022.0,Total,786.0,786,35,SIH06
AIH aprovadas,Grupo procedimento,mensal,2022-02,2022.0,02 Procedimentos com finalidade diagnostica,,-,36,SIH06
AIH aprovadas,Grupo procedimento,mensal,2022-02,2022.0,03 Procedimentos clinicos,355.0,355,36,SIH06
AIH aprovadas,Grupo procedimento,mensal,2022-02,2022.0,04 Procedimentos cirurgicos,322.0,322,36,SIH06
AIH aprovadas,Grupo procedimento,mensal,2022-02,2022.0,"05 Transplantes de orgaos, tecidos e celulas",,-,36,SIH06
AIH aprovadas,Grupo procedimento,mensal,2022-02,2022.0,Total,677.0,677,36,SIH06
AIH aprovadas,Grupo procedimento,mensal,2022-03,2022.0,02 Procedimentos com finalidade diagnostica,,-,37,SIH06
AIH aprovadas,Grupo procedimento,mensal,2022-03,2022.0,03 Procedimentos clinicos,248.0,248,37,SIH06
AIH aprovadas,Grupo procedimento,mensal,2022-03,2022.0,04 Procedimentos cirurgicos,371.0,371,37,SIH06
AIH aprovadas,Grupo procedimento,mensal,2022-03,2022.0,"05 Transplantes de orgaos, tecidos e celulas",,-,37,SIH06
AIH aprovadas,Grupo procedimento,mensal,2022-03,2022.0,Total,619.0,619,37,SIH06
AIH aprovadas,Grupo procedimento,mensal,2022-04,2022.0,02 Procedimentos com finalidade diagnostica,,-,38,SIH06
AIH aprovadas,Grupo procedimento,mensal,2022-04,2022.0,03 Procedimentos clinicos,324.0,324,38,SIH06
AIH aprovadas,Grupo procedimento,mensal,2022-04,2022.0,04 Procedimentos cirurgicos,439.0,439,38,SIH06
AIH aprovadas,Grupo procedimento,mensal,2022-04,2022.0,"05 Transplantes de orgaos, tecidos e celulas",,-,38,SIH06
AIH aprovadas,Grupo procedimento,mensal,2022-04,2022.0,Total,763.0,763,38,SIH06
AIH aprovadas,Grupo procedimento,mensal,2022-05,2022.0,02 Procedimentos com finalidade diagnostica,,-,39,SIH06
AIH aprovadas,Grupo procedimento,mensal,2022-05,2022.0,03 Procedimentos clinicos,336.0,336,39,SIH06
AIH aprovadas,Grupo procedimento,mensal,2022-05,2022.0,04 Procedimentos cirurgicos,435.0,435,39,SIH06
AIH aprovadas,Grupo procedimento,mensal,2022-05,2022.0,"05 Transplantes de orgaos, tecidos e celulas",,-,39,SIH06
AIH aprovadas,Grupo procedimento,mensal,2022-05,2022.0,Total,771.0,771,39,SIH06
AIH aprovadas,Grupo procedimento,mensal,2022-06,2022.0,02 Procedimentos com finalidade diagnostica,,-,40,SIH06
AIH aprovadas,Grupo procedimento,mensal,2022-06,2022.0,03 Procedimentos clinicos,312.0,312,40,SIH06
AIH aprovadas,Grupo procedimento,mensal,2022-06,2022.0,04 Procedimentos cirurgicos,399.0,399,40,SIH06
AIH aprovadas,Grupo procedimento,mensal,2022-06,2022.0,"05 Transplantes de orgaos, tecidos e celulas",,-,40,SIH06
AIH aprovadas,Grupo procedimento,mensal,2022-06,2022.0,Total,711.0,711,40,SIH06
AIH aprovadas,Grupo procedimento,mensal,2022-07,2022.0,02 Procedimentos com finalidade diagnostica,,-,41,SIH06
AIH aprovadas,Grupo procedimento,mensal,2022-07,2022.0,03 Procedimentos clinicos,332.0,332,41,SIH06
AIH aprovadas,Grupo procedimento,mensal,2022-07,2022.0,04 Procedimentos cirurgicos,461.0,461,41,SIH06
AIH aprovadas,Grupo procedimento,mensal,2022-07,2022.0,"05 Transplantes de orgaos, tecidos e celulas",,-,41,SIH06
AIH aprovadas,Grupo procedimento,mensal,2022-07,2022.0,Total,793.0,793,41,SIH06
AIH aprovadas,Grupo procedimento,mensal,2022-08,2022.0,02 Procedimentos com finalidade diagnostica,,-,42,SIH06
AIH aprovadas,Grupo procedimento,mensal,2022-08,2022.0,03 Procedimentos clinicos,345.0,345,42,SIH06
AIH aprovadas,Grupo procedimento,mensal,2022-08,2022.0,04 Procedimentos cirurgicos,404.0,404,42,SIH06
AIH aprovadas,Grupo procedimento,mensal,2022-08,2022.0,"05 Transplantes de orgaos, tecidos e celulas",,-,42,SIH06
AIH aprovadas,Grupo procedimento,mensal,2022-08,2022.0,Total,749.0,749,42,SIH06
AIH aprovadas,Grupo procedimento,mensal,2022-09,2022.0,02 Procedimentos com finalidade diagnostica,,-,43,SIH06
AIH aprovadas,Grupo procedimento,mensal,2022-09,2022.0,03 Procedimentos clinicos,308.0,308,43,SIH06
AIH aprovadas,Grupo procedimento,mensal,2022-09,2022.0,04 Procedimentos cirurgicos,439.0,439,43,SIH06
AIH aprovadas,Grupo procedimento,mensal,2022-09,2022.0,"05 Transplantes de orgaos, tecidos e celulas",,-,43,SIH06
AIH aprovadas,Grupo procedimento,mensal,2022-09,2022.0,Total,747.0,747,43,SIH06
AIH aprovadas,Grupo procedimento,mensal,2022-10,2022.0,02 Procedimentos com finalidade diagnostica,,-,44,SIH06
AIH aprovadas,Grupo procedimento,mensal,2022-10,2022.0,03 Procedimentos clinicos,291.0,291,44,SIH06
AIH aprovadas,Grupo procedimento,mensal,2022-10,2022.0,04 Procedimentos cirurgicos,387.0,387,44,SIH06
AIH aprovadas,Grupo procedimento,mensal,2022-10,2022.0,"05 Transplantes de orgaos, tecidos e celulas",,-,44,SIH06
AIH aprovadas,Grupo procedimento,mensal,2022-10,2022.0,Total,678.0,678,44,SIH06
AIH aprovadas,Grupo procedimento,mensal,2022-11,2022.0,02 Procedimentos com finalidade diagnostica,,-,45,SIH06
AIH aprovadas,Grupo procedimento,mensal,2022-11,2022.0,03 Procedimentos clinicos,229.0,229,45,SIH06
AIH aprovadas,Grupo procedimento,mensal,2022-11,2022.0,04 Procedimentos cirurgicos,414.0,414,45,SIH06
AIH aprovadas,Grupo procedimento,mensal,2022-11,2022.0,"05 Transplantes de orgaos, tecidos e celulas",,-,45,SIH06
AIH aprovadas,Grupo procedimento,mensal,2022-11,2022.0,Total,643.0,643,45,SIH06
AIH aprovadas,Grupo procedimento,mensal,2022-12,2022.0,02 Procedimentos com finalidade diagnostica,,-,46,SIH06
AIH aprovadas,Grupo procedimento,mensal,2022-12,2022.0,03 Procedimentos clinicos,178.0,178,46,SIH06
AIH aprovadas,Grupo procedimento,mensal,2022-12,2022.0,04 Procedimentos cirurgicos,472.0,472,46,SIH06
AIH aprovadas,Grupo procedimento,mensal,2022-12,2022.0,"05 Transplantes de orgaos, tecidos e celulas",,-,46,SIH06
AIH aprovadas,Grupo procedimento,mensal,2022-12,2022.0,Total,650.0,650,46,SIH06
AIH aprovadas,Grupo procedimento,ano_publicado,,2023.0,02 Procedimentos com finalidade diagnostica,,-,47,SIH06
AIH aprovadas,Grupo procedimento,ano_publicado,,2023.0,03 Procedimentos clinicos,2898.0,2898,47,SIH06
AIH aprovadas,Grupo procedimento,ano_publicado,,2023.0,04 Procedimentos cirurgicos,5009.0,5009,47,SIH06
AIH aprovadas,Grupo procedimento,ano_publicado,,2023.0,"05 Transplantes de orgaos, tecidos e celulas",,-,47,SIH06
AIH aprovadas,Grupo procedimento,ano_publicado,,2023.0,Total,7907.0,7907,47,SIH06
AIH aprovadas,Grupo procedimento,mensal,2023-01,2023.0,02 Procedimentos com finalidade diagnostica,,-,48,SIH06
AIH aprovadas,Grupo procedimento,mensal,2023-01,2023.0,03 Procedimentos clinicos,281.0,281,48,SIH06
AIH aprovadas,Grupo procedimento,mensal,2023-01,2023.0,04 Procedimentos cirurgicos,450.0,450,48,SIH06
AIH aprovadas,Grupo procedimento,mensal,2023-01,2023.0,"05 Transplantes de orgaos, tecidos e celulas",,-,48,SIH06
AIH aprovadas,Grupo procedimento,mensal,2023-01,2023.0,Total,731.0,731,48,SIH06
AIH aprovadas,Grupo procedimento,mensal,2023-02,2023.0,02 Procedimentos com finalidade diagnostica,,-,49,SIH06
AIH aprovadas,Grupo procedimento,mensal,2023-02,2023.0,03 Procedimentos clinicos,239.0,239,49,SIH06
AIH aprovadas,Grupo procedimento,mensal,2023-02,2023.0,04 Procedimentos cirurgicos,410.0,410,49,SIH06
AIH aprovadas,Grupo procedimento,mensal,2023-02,2023.0,"05 Transplantes de orgaos, tecidos e celulas",,-,49,SIH06
AIH aprovadas,Grupo procedimento,mensal,2023-02,2023.0,Total,649.0,649,49,SIH06
AIH aprovadas,Grupo procedimento,mensal,2023-03,2023.0,02 Procedimentos com finalidade diagnostica,,-,50,SIH06
AIH aprovadas,Grupo procedimento,mensal,2023-03,2023.0,03 Procedimentos clinicos,226.0,226,50,SIH06
AIH aprovadas,Grupo procedimento,mensal,2023-03,2023.0,04 Procedimentos cirurgicos,448.0,448,50,SIH06
AIH aprovadas,Grupo procedimento,mensal,2023-03,2023.0,"05 Transplantes de orgaos, tecidos e celulas",,-,50,SIH06
AIH aprovadas,Grupo procedimento,mensal,2023-03,2023.0,Total,674.0,674,50,SIH06
AIH aprovadas,Grupo procedimento,mensal,2023-04,2023.0,02 Procedimentos com finalidade diagnostica,,-,51,SIH06
AIH aprovadas,Grupo procedimento,mensal,2023-04,2023.0,03 Procedimentos clinicos,202.0,202,51,SIH06
AIH aprovadas,Grupo procedimento,mensal,2023-04,2023.0,04 Procedimentos cirurgicos,356.0,356,51,SIH06
AIH aprovadas,Grupo procedimento,mensal,2023-04,2023.0,"05 Transplantes de orgaos, tecidos e celulas",,-,51,SIH06
AIH aprovadas,Grupo procedimento,mensal,2023-04,2023.0,Total,558.0,558,51,SIH06
AIH aprovadas,Grupo procedimento,mensal,2023-05,2023.0,02 Procedimentos com finalidade diagnostica,,-,52,SIH06
AIH aprovadas,Grupo procedimento,mensal,2023-05,2023.0,03 Procedimentos clinicos,261.0,261,52,SIH06
AIH aprovadas,Grupo procedimento,mensal,2023-05,2023.0,04 Procedimentos cirurgicos,181.0,181,52,SIH06
AIH aprovadas,Grupo procedimento,mensal,2023-05,2023.0,"05 Transplantes de orgaos, tecidos e celulas",,-,52,SIH06
AIH aprovadas,Grupo procedimento,mensal,2023-05,2023.0,Total,442.0,442,52,SIH06
AIH aprovadas,Grupo procedimento,mensal,2023-06,2023.0,02 Procedimentos com finalidade diagnostica,,-,53,SIH06
AIH aprovadas,Grupo procedimento,mensal,2023-06,2023.0,03 Procedimentos clinicos,244.0,244,53,SIH06
AIH aprovadas,Grupo procedimento,mensal,2023-06,2023.0,04 Procedimentos cirurgicos,375.0,375,53,SIH06
AIH aprovadas,Grupo procedimento,mensal,2023-06,2023.0,"05 Transplantes de orgaos, tecidos e celulas",,-,53,SIH06
AIH aprovadas,Grupo procedimento,mensal,2023-06,2023.0,Total,619.0,619,53,SIH06
AIH aprovadas,Grupo procedimento,mensal,2023-07,2023.0,02 Procedimentos com finalidade diagnostica,,-,54,SIH06
AIH aprovadas,Grupo procedimento,mensal,2023-07,2023.0,03 Procedimentos clinicos,274.0,274,54,SIH06
AIH aprovadas,Grupo procedimento,mensal,2023-07,2023.0,04 Procedimentos cirurgicos,415.0,415,54,SIH06
AIH aprovadas,Grupo procedimento,mensal,2023-07,2023.0,"05 Transplantes de orgaos, tecidos e celulas",,-,54,SIH06
AIH aprovadas,Grupo procedimento,mensal,2023-07,2023.0,Total,689.0,689,54,SIH06
AIH aprovadas,Grupo procedimento,mensal,2023-08,2023.0,02 Procedimentos com finalidade diagnostica,,-,55,SIH06
AIH aprovadas,Grupo procedimento,mensal,2023-08,2023.0,03 Procedimentos clinicos,283.0,283,55,SIH06
AIH aprovadas,Grupo procedimento,mensal,2023-08,2023.0,04 Procedimentos cirurgicos,517.0,517,55,SIH06
AIH aprovadas,Grupo procedimento,mensal,2023-08,2023.0,"05 Transplantes de orgaos, tecidos e celulas",,-,55,SIH06
AIH aprovadas,Grupo procedimento,mensal,2023-08,2023.0,Total,800.0,800,55,SIH06
AIH aprovadas,Grupo procedimento,mensal,2023-09,2023.0,02 Procedimentos com finalidade diagnostica,,-,56,SIH06
AIH aprovadas,Grupo procedimento,mensal,2023-09,2023.0,03 Procedimentos clinicos,223.0,223,56,SIH06
AIH aprovadas,Grupo procedimento,mensal,2023-09,2023.0,04 Procedimentos cirurgicos,448.0,448,56,SIH06
AIH aprovadas,Grupo procedimento,mensal,2023-09,2023.0,"05 Transplantes de orgaos, tecidos e celulas",,-,56,SIH06
AIH aprovadas,Grupo procedimento,mensal,2023-09,2023.0,Total,671.0,671,56,SIH06
AIH aprovadas,Grupo procedimento,mensal,2023-10,2023.0,02 Procedimentos com finalidade diagnostica,,-,57,SIH06
AIH aprovadas,Grupo procedimento,mensal,2023-10,2023.0,03 Procedimentos clinicos,192.0,192,57,SIH06
AIH aprovadas,Grupo procedimento,mensal,2023-10,2023.0,04 Procedimentos cirurgicos,513.0,513,57,SIH06
AIH aprovadas,Grupo procedimento,mensal,2023-10,2023.0,"05 Transplantes de orgaos, tecidos e celulas",,-,57,SIH06
AIH aprovadas,Grupo procedimento,mensal,2023-10,2023.0,Total,705.0,705,57,SIH06
AIH aprovadas,Grupo procedimento,mensal,2023-11,2023.0,02 Procedimentos com finalidade diagnostica,,-,58,SIH06
AIH aprovadas,Grupo procedimento,mensal,2023-11,2023.0,03 Procedimentos clinicos,227.0,227,58,SIH06
AIH aprovadas,Grupo procedimento,mensal,2023-11,2023.0,04 Procedimentos cirurgicos,447.0,447,58,SIH06
AIH aprovadas,Grupo procedimento,mensal,2023-11,2023.0,"05 Transplantes de orgaos, tecidos e celulas",,-,58,SIH06
AIH aprovadas,Grupo procedimento,mensal,2023-11,2023.0,Total,674.0,674,58,SIH06
AIH aprovadas,Grupo procedimento,mensal,2023-12,2023.0,02 Procedimentos com finalidade diagnostica,,-,59,SIH06
AIH aprovadas,Grupo procedimento,mensal,2023-12,2023.0,03 Procedimentos clinicos,246.0,246,59,SIH06
AIH aprovadas,Grupo procedimento,mensal,2023-12,2023.0,04 Procedimentos cirurgicos,449.0,449,59,SIH06
AIH aprovadas,Grupo procedimento,mensal,2023-12,2023.0,"05 Transplantes de orgaos, tecidos e celulas",,-,59,SIH06
AIH aprovadas,Grupo procedimento,mensal,2023-12,2023.0,Total,695.0,695,59,SIH06
AIH aprovadas,Grupo procedimento,ano_publicado,,2024.0,02 Procedimentos com finalidade diagnostica,1.0,1,60,SIH06
AIH aprovadas,Grupo procedimento,ano_publicado,,2024.0,03 Procedimentos clinicos,4721.0,4721,60,SIH06
AIH aprovadas,Grupo procedimento,ano_publicado,,2024.0,04 Procedimentos cirurgicos,4742.0,4742,60,SIH06
AIH aprovadas,Grupo procedimento,ano_publicado,,2024.0,"05 Transplantes de orgaos, tecidos e celulas",7.0,7,60,SIH06
AIH aprovadas,Grupo procedimento,ano_publicado,,2024.0,Total,9471.0,9471,60,SIH06
AIH aprovadas,Grupo procedimento,mensal,2024-01,2024.0,02 Procedimentos com finalidade diagnostica,,-,61,SIH06
AIH aprovadas,Grupo procedimento,mensal,2024-01,2024.0,03 Procedimentos clinicos,224.0,224,61,SIH06
AIH aprovadas,Grupo procedimento,mensal,2024-01,2024.0,04 Procedimentos cirurgicos,487.0,487,61,SIH06
AIH aprovadas,Grupo procedimento,mensal,2024-01,2024.0,"05 Transplantes de orgaos, tecidos e celulas",,-,61,SIH06
AIH aprovadas,Grupo procedimento,mensal,2024-01,2024.0,Total,711.0,711,61,SIH06
AIH aprovadas,Grupo procedimento,mensal,2024-02,2024.0,02 Procedimentos com finalidade diagnostica,,-,62,SIH06
AIH aprovadas,Grupo procedimento,mensal,2024-02,2024.0,03 Procedimentos clinicos,222.0,222,62,SIH06
AIH aprovadas,Grupo procedimento,mensal,2024-02,2024.0,04 Procedimentos cirurgicos,382.0,382,62,SIH06
AIH aprovadas,Grupo procedimento,mensal,2024-02,2024.0,"05 Transplantes de orgaos, tecidos e celulas",1.0,1,62,SIH06
AIH aprovadas,Grupo procedimento,mensal,2024-02,2024.0,Total,605.0,605,62,SIH06
AIH aprovadas,Grupo procedimento,mensal,2024-03,2024.0,02 Procedimentos com finalidade diagnostica,,-,63,SIH06
AIH aprovadas,Grupo procedimento,mensal,2024-03,2024.0,03 Procedimentos clinicos,357.0,357,63,SIH06
AIH aprovadas,Grupo procedimento,mensal,2024-03,2024.0,04 Procedimentos cirurgicos,394.0,394,63,SIH06
AIH aprovadas,Grupo procedimento,mensal,2024-03,2024.0,"05 Transplantes de orgaos, tecidos e celulas",1.0,1,63,SIH06
AIH aprovadas,Grupo procedimento,mensal,2024-03,2024.0,Total,752.0,752,63,SIH06
AIH aprovadas,Grupo procedimento,mensal,2024-04,2024.0,02 Procedimentos com finalidade diagnostica,,-,64,SIH06
AIH aprovadas,Grupo procedimento,mensal,2024-04,2024.0,03 Procedimentos clinicos,449.0,449,64,SIH06
AIH aprovadas,Grupo procedimento,mensal,2024-04,2024.0,04 Procedimentos cirurgicos,367.0,367,64,SIH06
AIH aprovadas,Grupo procedimento,mensal,2024-04,2024.0,"05 Transplantes de orgaos, tecidos e celulas",1.0,1,64,SIH06
AIH aprovadas,Grupo procedimento,mensal,2024-04,2024.0,Total,817.0,817,64,SIH06
AIH aprovadas,Grupo procedimento,mensal,2024-05,2024.0,02 Procedimentos com finalidade diagnostica,1.0,1,65,SIH06
AIH aprovadas,Grupo procedimento,mensal,2024-05,2024.0,03 Procedimentos clinicos,409.0,409,65,SIH06
AIH aprovadas,Grupo procedimento,mensal,2024-05,2024.0,04 Procedimentos cirurgicos,461.0,461,65,SIH06
AIH aprovadas,Grupo procedimento,mensal,2024-05,2024.0,"05 Transplantes de orgaos, tecidos e celulas",1.0,1,65,SIH06
AIH aprovadas,Grupo procedimento,mensal,2024-05,2024.0,Total,872.0,872,65,SIH06
AIH aprovadas,Grupo procedimento,mensal,2024-06,2024.0,02 Procedimentos com finalidade diagnostica,,-,66,SIH06
AIH aprovadas,Grupo procedimento,mensal,2024-06,2024.0,03 Procedimentos clinicos,441.0,441,66,SIH06
AIH aprovadas,Grupo procedimento,mensal,2024-06,2024.0,04 Procedimentos cirurgicos,354.0,354,66,SIH06
AIH aprovadas,Grupo procedimento,mensal,2024-06,2024.0,"05 Transplantes de orgaos, tecidos e celulas",1.0,1,66,SIH06
AIH aprovadas,Grupo procedimento,mensal,2024-06,2024.0,Total,796.0,796,66,SIH06
AIH aprovadas,Grupo procedimento,mensal,2024-07,2024.0,02 Procedimentos com finalidade diagnostica,,-,67,SIH06
AIH aprovadas,Grupo procedimento,mensal,2024-07,2024.0,03 Procedimentos clinicos,461.0,461,67,SIH06
AIH aprovadas,Grupo procedimento,mensal,2024-07,2024.0,04 Procedimentos cirurgicos,399.0,399,67,SIH06
AIH aprovadas,Grupo procedimento,mensal,2024-07,2024.0,"05 Transplantes de orgaos, tecidos e celulas",,-,67,SIH06
AIH aprovadas,Grupo procedimento,mensal,2024-07,2024.0,Total,860.0,860,67,SIH06
AIH aprovadas,Grupo procedimento,mensal,2024-08,2024.0,02 Procedimentos com finalidade diagnostica,,-,68,SIH06
AIH aprovadas,Grupo procedimento,mensal,2024-08,2024.0,03 Procedimentos clinicos,402.0,402,68,SIH06
AIH aprovadas,Grupo procedimento,mensal,2024-08,2024.0,04 Procedimentos cirurgicos,471.0,471,68,SIH06
AIH aprovadas,Grupo procedimento,mensal,2024-08,2024.0,"05 Transplantes de orgaos, tecidos e celulas",,-,68,SIH06
AIH aprovadas,Grupo procedimento,mensal,2024-08,2024.0,Total,873.0,873,68,SIH06
AIH aprovadas,Grupo procedimento,mensal,2024-09,2024.0,02 Procedimentos com finalidade diagnostica,,-,69,SIH06
AIH aprovadas,Grupo procedimento,mensal,2024-09,2024.0,03 Procedimentos clinicos,423.0,423,69,SIH06
AIH aprovadas,Grupo procedimento,mensal,2024-09,2024.0,04 Procedimentos cirurgicos,363.0,363,69,SIH06
AIH aprovadas,Grupo procedimento,mensal,2024-09,2024.0,"05 Transplantes de orgaos, tecidos e celulas",1.0,1,69,SIH06
AIH aprovadas,Grupo procedimento,mensal,2024-09,2024.0,Total,787.0,787,69,SIH06
AIH aprovadas,Grupo procedimento,mensal,2024-10,2024.0,02 Procedimentos com finalidade diagnostica,,-,70,SIH06
AIH aprovadas,Grupo procedimento,mensal,2024-10,2024.0,03 Procedimentos clinicos,463.0,463,70,SIH06
AIH aprovadas,Grupo procedimento,mensal,2024-10,2024.0,04 Procedimentos cirurgicos,387.0,387,70,SIH06
AIH aprovadas,Grupo procedimento,mensal,2024-10,2024.0,"05 Transplantes de orgaos, tecidos e celulas",1.0,1,70,SIH06
AIH aprovadas,Grupo procedimento,mensal,2024-10,2024.0,Total,851.0,851,70,SIH06
AIH aprovadas,Grupo procedimento,mensal,2024-11,2024.0,02 Procedimentos com finalidade diagnostica,,-,71,SIH06
AIH aprovadas,Grupo procedimento,mensal,2024-11,2024.0,03 Procedimentos clinicos,424.0,424,71,SIH06
AIH aprovadas,Grupo procedimento,mensal,2024-11,2024.0,04 Procedimentos cirurgicos,347.0,347,71,SIH06
AIH aprovadas,Grupo procedimento,mensal,2024-11,2024.0,"05 Transplantes de orgaos, tecidos e celulas",,-,71,SIH06
AIH aprovadas,Grupo procedimento,mensal,2024-11,2024.0,Total,771.0,771,71,SIH06
AIH aprovadas,Grupo procedimento,mensal,2024-12,2024.0,02 Procedimentos com finalidade diagnostica,,-,72,SIH06
AIH aprovadas,Grupo procedimento,mensal,2024-12,2024.0,03 Procedimentos clinicos,446.0,446,72,SIH06
AIH aprovadas,Grupo procedimento,mensal,2024-12,2024.0,04 Procedimentos cirurgicos,330.0,330,72,SIH06
AIH aprovadas,Grupo procedimento,mensal,2024-12,2024.0,"05 Transplantes de orgaos, tecidos e celulas",,-,72,SIH06
AIH aprovadas,Grupo procedimento,mensal,2024-12,2024.0,Total,776.0,776,72,SIH06
AIH aprovadas,Grupo procedimento,ano_publicado,,2025.0,02 Procedimentos com finalidade diagnostica,2.0,2,73,SIH06
AIH aprovadas,Grupo procedimento,ano_publicado,,2025.0,03 Procedimentos clinicos,4583.0,4583,73,SIH06
AIH aprovadas,Grupo procedimento,ano_publicado,,2025.0,04 Procedimentos cirurgicos,4397.0,4397,73,SIH06
AIH aprovadas,Grupo procedimento,ano_publicado,,2025.0,"05 Transplantes de orgaos, tecidos e celulas",7.0,7,73,SIH06
AIH aprovadas,Grupo procedimento,ano_publicado,,2025.0,Total,8989.0,8989,73,SIH06
AIH aprovadas,Grupo procedimento,mensal,2025-01,2025.0,02 Procedimentos com finalidade diagnostica,,-,74,SIH06
AIH aprovadas,Grupo procedimento,mensal,2025-01,2025.0,03 Procedimentos clinicos,453.0,453,74,SIH06
AIH aprovadas,Grupo procedimento,mensal,2025-01,2025.0,04 Procedimentos cirurgicos,377.0,377,74,SIH06
AIH aprovadas,Grupo procedimento,mensal,2025-01,2025.0,"05 Transplantes de orgaos, tecidos e celulas",2.0,2,74,SIH06
AIH aprovadas,Grupo procedimento,mensal,2025-01,2025.0,Total,832.0,832,74,SIH06
AIH aprovadas,Grupo procedimento,mensal,2025-02,2025.0,02 Procedimentos com finalidade diagnostica,,-,75,SIH06
AIH aprovadas,Grupo procedimento,mensal,2025-02,2025.0,03 Procedimentos clinicos,457.0,457,75,SIH06
AIH aprovadas,Grupo procedimento,mensal,2025-02,2025.0,04 Procedimentos cirurgicos,342.0,342,75,SIH06
AIH aprovadas,Grupo procedimento,mensal,2025-02,2025.0,"05 Transplantes de orgaos, tecidos e celulas",,-,75,SIH06
AIH aprovadas,Grupo procedimento,mensal,2025-02,2025.0,Total,799.0,799,75,SIH06
AIH aprovadas,Grupo procedimento,mensal,2025-03,2025.0,02 Procedimentos com finalidade diagnostica,,-,76,SIH06
AIH aprovadas,Grupo procedimento,mensal,2025-03,2025.0,03 Procedimentos clinicos,425.0,425,76,SIH06
AIH aprovadas,Grupo procedimento,mensal,2025-03,2025.0,04 Procedimentos cirurgicos,465.0,465,76,SIH06
AIH aprovadas,Grupo procedimento,mensal,2025-03,2025.0,"05 Transplantes de orgaos, tecidos e celulas",2.0,2,76,SIH06
AIH aprovadas,Grupo procedimento,mensal,2025-03,2025.0,Total,892.0,892,76,SIH06
AIH aprovadas,Grupo procedimento,mensal,2025-04,2025.0,02 Procedimentos com finalidade diagnostica,,-,77,SIH06
AIH aprovadas,Grupo procedimento,mensal,2025-04,2025.0,03 Procedimentos clinicos,467.0,467,77,SIH06
AIH aprovadas,Grupo procedimento,mensal,2025-04,2025.0,04 Procedimentos cirurgicos,342.0,342,77,SIH06
AIH aprovadas,Grupo procedimento,mensal,2025-04,2025.0,"05 Transplantes de orgaos, tecidos e celulas",,-,77,SIH06
AIH aprovadas,Grupo procedimento,mensal,2025-04,2025.0,Total,809.0,809,77,SIH06
AIH aprovadas,Grupo procedimento,mensal,2025-05,2025.0,02 Procedimentos com finalidade diagnostica,1.0,1,78,SIH06
AIH aprovadas,Grupo procedimento,mensal,2025-05,2025.0,03 Procedimentos clinicos,457.0,457,78,SIH06
AIH aprovadas,Grupo procedimento,mensal,2025-05,2025.0,04 Procedimentos cirurgicos,421.0,421,78,SIH06
AIH aprovadas,Grupo procedimento,mensal,2025-05,2025.0,"05 Transplantes de orgaos, tecidos e celulas",1.0,1,78,SIH06
AIH aprovadas,Grupo procedimento,mensal,2025-05,2025.0,Total,880.0,880,78,SIH06
AIH aprovadas,Grupo procedimento,mensal,2025-06,2025.0,02 Procedimentos com finalidade diagnostica,1.0,1,79,SIH06
AIH aprovadas,Grupo procedimento,mensal,2025-06,2025.0,03 Procedimentos clinicos,377.0,377,79,SIH06
AIH aprovadas,Grupo procedimento,mensal,2025-06,2025.0,04 Procedimentos cirurgicos,344.0,344,79,SIH06
AIH aprovadas,Grupo procedimento,mensal,2025-06,2025.0,"05 Transplantes de orgaos, tecidos e celulas",,-,79,SIH06
AIH aprovadas,Grupo procedimento,mensal,2025-06,2025.0,Total,722.0,722,79,SIH06
AIH aprovadas,Grupo procedimento,mensal,2025-07,2025.0,02 Procedimentos com finalidade diagnostica,,-,80,SIH06
AIH aprovadas,Grupo procedimento,mensal,2025-07,2025.0,03 Procedimentos clinicos,319.0,319,80,SIH06
AIH aprovadas,Grupo procedimento,mensal,2025-07,2025.0,04 Procedimentos cirurgicos,293.0,293,80,SIH06
AIH aprovadas,Grupo procedimento,mensal,2025-07,2025.0,"05 Transplantes de orgaos, tecidos e celulas",1.0,1,80,SIH06
AIH aprovadas,Grupo procedimento,mensal,2025-07,2025.0,Total,613.0,613,80,SIH06
AIH aprovadas,Grupo procedimento,mensal,2025-08,2025.0,02 Procedimentos com finalidade diagnostica,,-,81,SIH06
AIH aprovadas,Grupo procedimento,mensal,2025-08,2025.0,03 Procedimentos clinicos,375.0,375,81,SIH06
AIH aprovadas,Grupo procedimento,mensal,2025-08,2025.0,04 Procedimentos cirurgicos,301.0,301,81,SIH06
AIH aprovadas,Grupo procedimento,mensal,2025-08,2025.0,"05 Transplantes de orgaos, tecidos e celulas",,-,81,SIH06
AIH aprovadas,Grupo procedimento,mensal,2025-08,2025.0,Total,676.0,676,81,SIH06
AIH aprovadas,Grupo procedimento,mensal,2025-09,2025.0,02 Procedimentos com finalidade diagnostica,,-,82,SIH06
AIH aprovadas,Grupo procedimento,mensal,2025-09,2025.0,03 Procedimentos clinicos,311.0,311,82,SIH06
AIH aprovadas,Grupo procedimento,mensal,2025-09,2025.0,04 Procedimentos cirurgicos,339.0,339,82,SIH06
AIH aprovadas,Grupo procedimento,mensal,2025-09,2025.0,"05 Transplantes de orgaos, tecidos e celulas",1.0,1,82,SIH06
AIH aprovadas,Grupo procedimento,mensal,2025-09,2025.0,Total,651.0,651,82,SIH06
AIH aprovadas,Grupo procedimento,mensal,2025-10,2025.0,02 Procedimentos com finalidade diagnostica,,-,83,SIH06
AIH aprovadas,Grupo procedimento,mensal,2025-10,2025.0,03 Procedimentos clinicos,324.0,324,83,SIH06
AIH aprovadas,Grupo procedimento,mensal,2025-10,2025.0,04 Procedimentos cirurgicos,379.0,379,83,SIH06
AIH aprovadas,Grupo procedimento,mensal,2025-10,2025.0,"05 Transplantes de orgaos, tecidos e celulas",,-,83,SIH06
AIH aprovadas,Grupo procedimento,mensal,2025-10,2025.0,Total,703.0,703,83,SIH06
AIH aprovadas,Grupo procedimento,mensal,2025-11,2025.0,02 Procedimentos com finalidade diagnostica,,-,84,SIH06
AIH aprovadas,Grupo procedimento,mensal,2025-11,2025.0,03 Procedimentos clinicos,341.0,341,84,SIH06
AIH aprovadas,Grupo procedimento,mensal,2025-11,2025.0,04 Procedimentos cirurgicos,378.0,378,84,SIH06
AIH aprovadas,Grupo procedimento,mensal,2025-11,2025.0,"05 Transplantes de orgaos, tecidos e celulas",,-,84,SIH06
AIH aprovadas,Grupo procedimento,mensal,2025-11,2025.0,Total,719.0,719,84,SIH06
AIH aprovadas,Grupo procedimento,mensal,2025-12,2025.0,02 Procedimentos com finalidade diagnostica,,-,85,SIH06
AIH aprovadas,Grupo procedimento,mensal,2025-12,2025.0,03 Procedimentos clinicos,277.0,277,85,SIH06
AIH aprovadas,Grupo procedimento,mensal,2025-12,2025.0,04 Procedimentos cirurgicos,416.0,416,85,SIH06
AIH aprovadas,Grupo procedimento,mensal,2025-12,2025.0,"05 Transplantes de orgaos, tecidos e celulas",,-,85,SIH06
AIH aprovadas,Grupo procedimento,mensal,2025-12,2025.0,Total,693.0,693,85,SIH06
AIH aprovadas,Grupo procedimento,ano_publicado,,2026.0,02 Procedimentos com finalidade diagnostica,3.0,3,86,SIH06
AIH aprovadas,Grupo procedimento,ano_publicado,,2026.0,03 Procedimentos clinicos,2367.0,2367,86,SIH06
AIH aprovadas,Grupo procedimento,ano_publicado,,2026.0,04 Procedimentos cirurgicos,2435.0,2435,86,SIH06
AIH aprovadas,Grupo procedimento,ano_publicado,,2026.0,"05 Transplantes de orgaos, tecidos e celulas",7.0,7,86,SIH06
AIH aprovadas,Grupo procedimento,ano_publicado,,2026.0,Total,4812.0,4812,86,SIH06
AIH aprovadas,Grupo procedimento,mensal,2026-01,2026.0,02 Procedimentos com finalidade diagnostica,1.0,1,87,SIH06
AIH aprovadas,Grupo procedimento,mensal,2026-01,2026.0,03 Procedimentos clinicos,341.0,341,87,SIH06
AIH aprovadas,Grupo procedimento,mensal,2026-01,2026.0,04 Procedimentos cirurgicos,359.0,359,87,SIH06
AIH aprovadas,Grupo procedimento,mensal,2026-01,2026.0,"05 Transplantes de orgaos, tecidos e celulas",,-,87,SIH06
AIH aprovadas,Grupo procedimento,mensal,2026-01,2026.0,Total,701.0,701,87,SIH06
AIH aprovadas,Grupo procedimento,mensal,2026-02,2026.0,02 Procedimentos com finalidade diagnostica,,-,88,SIH06
AIH aprovadas,Grupo procedimento,mensal,2026-02,2026.0,03 Procedimentos clinicos,318.0,318,88,SIH06
AIH aprovadas,Grupo procedimento,mensal,2026-02,2026.0,04 Procedimentos cirurgicos,278.0,278,88,SIH06
AIH aprovadas,Grupo procedimento,mensal,2026-02,2026.0,"05 Transplantes de orgaos, tecidos e celulas",1.0,1,88,SIH06
AIH aprovadas,Grupo procedimento,mensal,2026-02,2026.0,Total,597.0,597,88,SIH06
AIH aprovadas,Grupo procedimento,mensal,2026-03,2026.0,02 Procedimentos com finalidade diagnostica,,-,89,SIH06
AIH aprovadas,Grupo procedimento,mensal,2026-03,2026.0,03 Procedimentos clinicos,323.0,323,89,SIH06
AIH aprovadas,Grupo procedimento,mensal,2026-03,2026.0,04 Procedimentos cirurgicos,344.0,344,89,SIH06
AIH aprovadas,Grupo procedimento,mensal,2026-03,2026.0,"05 Transplantes de orgaos, tecidos e celulas",1.0,1,89,SIH06
AIH aprovadas,Grupo procedimento,mensal,2026-03,2026.0,Total,668.0,668,89,SIH06
AIH aprovadas,Grupo procedimento,mensal,2026-04,2026.0,02 Procedimentos com finalidade diagnostica,1.0,1,90,SIH06
AIH aprovadas,Grupo procedimento,mensal,2026-04,2026.0,03 Procedimentos clinicos,344.0,344,90,SIH06
AIH aprovadas,Grupo procedimento,mensal,2026-04,2026.0,04 Procedimentos cirurgicos,342.0,342,90,SIH06
AIH aprovadas,Grupo procedimento,mensal,2026-04,2026.0,"05 Transplantes de orgaos, tecidos e celulas",2.0,2,90,SIH06
AIH aprovadas,Grupo procedimento,mensal,2026-04,2026.0,Total,689.0,689,90,SIH06
AIH aprovadas,Grupo procedimento,mensal,2026-05,2026.0,02 Procedimentos com finalidade diagnostica,1.0,1,91,SIH06
AIH aprovadas,Grupo procedimento,mensal,2026-05,2026.0,03 Procedimentos clinicos,360.0,360,91,SIH06
AIH aprovadas,Grupo procedimento,mensal,2026-05,2026.0,04 Procedimentos cirurgicos,347.0,347,91,SIH06
AIH aprovadas,Grupo procedimento,mensal,2026-05,2026.0,"05 Transplantes de orgaos, tecidos e celulas",2.0,2,91,SIH06
AIH aprovadas,Grupo procedimento,mensal,2026-05,2026.0,Total,710.0,710,91,SIH06
AIH aprovadas,Grupo procedimento,mensal,2026-06,2026.0,02 Procedimentos com finalidade diagnostica,,-,92,SIH06
AIH aprovadas,Grupo procedimento,mensal,2026-06,2026.0,03 Procedimentos clinicos,341.0,341,92,SIH06
AIH aprovadas,Grupo procedimento,mensal,2026-06,2026.0,04 Procedimentos cirurgicos,380.0,380,92,SIH06
AIH aprovadas,Grupo procedimento,mensal,2026-06,2026.0,"05 Transplantes de orgaos, tecidos e celulas",,-,92,SIH06
AIH aprovadas,Grupo procedimento,mensal,2026-06,2026.0,Total,721.0,721,92,SIH06
AIH aprovadas,Grupo procedimento,mensal,2026-07,2026.0,02 Procedimentos com finalidade diagnostica,,-,93,SIH06
AIH aprovadas,Grupo procedimento,mensal,2026-07,2026.0,03 Procedimentos clinicos,340.0,340,93,SIH06
AIH aprovadas,Grupo procedimento,mensal,2026-07,2026.0,04 Procedimentos cirurgicos,385.0,385,93,SIH06
AIH aprovadas,Grupo procedimento,mensal,2026-07,2026.0,"05 Transplantes de orgaos, tecidos e celulas",1.0,1,93,SIH06
AIH aprovadas,Grupo procedimento,mensal,2026-07,2026.0,Total,726.0,726,93,SIH06
AIH aprovadas,Grupo procedimento,total_publicado,,,02 Procedimentos com finalidade diagnostica,7.0,7,94,SIH06
AIH aprovadas,Grupo procedimento,total_publicado,,,03 Procedimentos clinicos,27446.0,27446,94,SIH06
AIH aprovadas,Grupo procedimento,total_publicado,,,04 Procedimentos cirurgicos,30463.0,30463,94,SIH06
AIH aprovadas,Grupo procedimento,total_publicado,,,"05 Transplantes de orgaos, tecidos e celulas",21.0,21,94,SIH06
AIH aprovadas,Grupo procedimento,total_publicado,,,Total,57937.0,57937,94,SIH06
Valor serviços profissionais,Caráter atendimento,ano_publicado,,2019.0,Eletivo,,-,6,SIH07
Valor serviços profissionais,Caráter atendimento,ano_publicado,,2019.0,Urgência,55722.73,"55722,73",6,SIH07
Valor serviços profissionais,Caráter atendimento,ano_publicado,,2019.0,Outros ac trab,3487.97,"3487,97",6,SIH07
Valor serviços profissionais,Caráter atendimento,ano_publicado,,2019.0,Outras caus ext,9446.68,"9446,68",6,SIH07
Valor serviços profissionais,Caráter atendimento,ano_publicado,,2019.0,Total,68657.38,"68657,38",6,SIH07
Valor serviços profissionais,Caráter atendimento,mensal,2019-12,2019.0,Eletivo,,-,7,SIH07
Valor serviços profissionais,Caráter atendimento,mensal,2019-12,2019.0,Urgência,55722.73,"55722,73",7,SIH07
Valor serviços profissionais,Caráter atendimento,mensal,2019-12,2019.0,Outros ac trab,3487.97,"3487,97",7,SIH07
Valor serviços profissionais,Caráter atendimento,mensal,2019-12,2019.0,Outras caus ext,9446.68,"9446,68",7,SIH07
Valor serviços profissionais,Caráter atendimento,mensal,2019-12,2019.0,Total,68657.38,"68657,38",7,SIH07
Valor serviços profissionais,Caráter atendimento,ano_publicado,,2020.0,Eletivo,1138.54,"1138,54",8,SIH07
Valor serviços profissionais,Caráter atendimento,ano_publicado,,2020.0,Urgência,3632700.24,"3632700,24",8,SIH07
Valor serviços profissionais,Caráter atendimento,ano_publicado,,2020.0,Outros ac trab,122108.06,"122108,06",8,SIH07
Valor serviços profissionais,Caráter atendimento,ano_publicado,,2020.0,Outras caus ext,240476.36,"240476,36",8,SIH07
Valor serviços profissionais,Caráter atendimento,ano_publicado,,2020.0,Total,3996423.2,"3996423,20",8,SIH07
Valor serviços profissionais,Caráter atendimento,mensal,2020-01,2020.0,Eletivo,,-,9,SIH07
Valor serviços profissionais,Caráter atendimento,mensal,2020-01,2020.0,Urgência,256962.13,"256962,13",9,SIH07
Valor serviços profissionais,Caráter atendimento,mensal,2020-01,2020.0,Outros ac trab,8016.82,"8016,82",9,SIH07
Valor serviços profissionais,Caráter atendimento,mensal,2020-01,2020.0,Outras caus ext,37885.32,"37885,32",9,SIH07
Valor serviços profissionais,Caráter atendimento,mensal,2020-01,2020.0,Total,302864.27,"302864,27",9,SIH07
Valor serviços profissionais,Caráter atendimento,mensal,2020-02,2020.0,Eletivo,,-,10,SIH07
Valor serviços profissionais,Caráter atendimento,mensal,2020-02,2020.0,Urgência,245288.76,"245288,76",10,SIH07
Valor serviços profissionais,Caráter atendimento,mensal,2020-02,2020.0,Outros ac trab,7602.39,"7602,39",10,SIH07
Valor serviços profissionais,Caráter atendimento,mensal,2020-02,2020.0,Outras caus ext,30700.35,"30700,35",10,SIH07
Valor serviços profissionais,Caráter atendimento,mensal,2020-02,2020.0,Total,283591.5,"283591,50",10,SIH07
Valor serviços profissionais,Caráter atendimento,mensal,2020-03,2020.0,Eletivo,,-,11,SIH07
Valor serviços profissionais,Caráter atendimento,mensal,2020-03,2020.0,Urgência,169192.22,"169192,22",11,SIH07
Valor serviços profissionais,Caráter atendimento,mensal,2020-03,2020.0,Outros ac trab,10294.07,"10294,07",11,SIH07
Valor serviços profissionais,Caráter atendimento,mensal,2020-03,2020.0,Outras caus ext,33299.07,"33299,07",11,SIH07
Valor serviços profissionais,Caráter atendimento,mensal,2020-03,2020.0,Total,212785.36,"212785,36",11,SIH07
Valor serviços profissionais,Caráter atendimento,mensal,2020-04,2020.0,Eletivo,,-,12,SIH07
Valor serviços profissionais,Caráter atendimento,mensal,2020-04,2020.0,Urgência,296132.78,"296132,78",12,SIH07
Valor serviços profissionais,Caráter atendimento,mensal,2020-04,2020.0,Outros ac trab,6950.23,"6950,23",12,SIH07
Valor serviços profissionais,Caráter atendimento,mensal,2020-04,2020.0,Outras caus ext,15913.65,"15913,65",12,SIH07
Valor serviços profissionais,Caráter atendimento,mensal,2020-04,2020.0,Total,318996.66,"318996,66",12,SIH07
Valor serviços profissionais,Caráter atendimento,mensal,2020-05,2020.0,Eletivo,,-,13,SIH07
Valor serviços profissionais,Caráter atendimento,mensal,2020-05,2020.0,Urgência,431209.8,"431209,80",13,SIH07
Valor serviços profissionais,Caráter atendimento,mensal,2020-05,2020.0,Outros ac trab,9790.38,"9790,38",13,SIH07
Valor serviços profissionais,Caráter atendimento,mensal,2020-05,2020.0,Outras caus ext,11688.96,"11688,96",13,SIH07
Valor serviços profissionais,Caráter atendimento,mensal,2020-05,2020.0,Total,452689.14,"452689,14",13,SIH07
Valor serviços profissionais,Caráter atendimento,mensal,2020-06,2020.0,Eletivo,,-,14,SIH07
Valor serviços profissionais,Caráter atendimento,mensal,2020-06,2020.0,Urgência,414427.51,"414427,51",14,SIH07
Valor serviços profissionais,Caráter atendimento,mensal,2020-06,2020.0,Outros ac trab,8873.59,"8873,59",14,SIH07
Valor serviços profissionais,Caráter atendimento,mensal,2020-06,2020.0,Outras caus ext,12477.22,"12477,22",14,SIH07
Valor serviços profissionais,Caráter atendimento,mensal,2020-06,2020.0,Total,435778.32,"435778,32",14,SIH07
Valor serviços profissionais,Caráter atendimento,mensal,2020-07,2020.0,Eletivo,,-,15,SIH07
Valor serviços profissionais,Caráter atendimento,mensal,2020-07,2020.0,Urgência,304778.41,"304778,41",15,SIH07
Valor serviços profissionais,Caráter atendimento,mensal,2020-07,2020.0,Outros ac trab,9097.73,"9097,73",15,SIH07
Valor serviços profissionais,Caráter atendimento,mensal,2020-07,2020.0,Outras caus ext,21762.85,"21762,85",15,SIH07
Valor serviços profissionais,Caráter atendimento,mensal,2020-07,2020.0,Total,335638.99,"335638,99",15,SIH07
Valor serviços profissionais,Caráter atendimento,mensal,2020-08,2020.0,Eletivo,,-,16,SIH07
Valor serviços profissionais,Caráter atendimento,mensal,2020-08,2020.0,Urgência,248795.23,"248795,23",16,SIH07
Valor serviços profissionais,Caráter atendimento,mensal,2020-08,2020.0,Outros ac trab,12045.21,"12045,21",16,SIH07
Valor serviços profissionais,Caráter atendimento,mensal,2020-08,2020.0,Outras caus ext,15289.95,"15289,95",16,SIH07
Valor serviços profissionais,Caráter atendimento,mensal,2020-08,2020.0,Total,276130.39,"276130,39",16,SIH07
Valor serviços profissionais,Caráter atendimento,mensal,2020-09,2020.0,Eletivo,645.99,"645,99",17,SIH07
Valor serviços profissionais,Caráter atendimento,mensal,2020-09,2020.0,Urgência,279861.91,"279861,91",17,SIH07
Valor serviços profissionais,Caráter atendimento,mensal,2020-09,2020.0,Outros ac trab,11494.5,"11494,50",17,SIH07
Valor serviços profissionais,Caráter atendimento,mensal,2020-09,2020.0,Outras caus ext,13168.51,"13168,51",17,SIH07
Valor serviços profissionais,Caráter atendimento,mensal,2020-09,2020.0,Total,305170.91,"305170,91",17,SIH07
Valor serviços profissionais,Caráter atendimento,mensal,2020-10,2020.0,Eletivo,492.55,"492,55",18,SIH07
Valor serviços profissionais,Caráter atendimento,mensal,2020-10,2020.0,Urgência,248551.96,"248551,96",18,SIH07
Valor serviços profissionais,Caráter atendimento,mensal,2020-10,2020.0,Outros ac trab,3076.73,"3076,73",18,SIH07
Valor serviços profissionais,Caráter atendimento,mensal,2020-10,2020.0,Outras caus ext,1910.69,"1910,69",18,SIH07
Valor serviços profissionais,Caráter atendimento,mensal,2020-10,2020.0,Total,254031.93,"254031,93",18,SIH07
Valor serviços profissionais,Caráter atendimento,mensal,2020-11,2020.0,Eletivo,,-,19,SIH07
Valor serviços profissionais,Caráter atendimento,mensal,2020-11,2020.0,Urgência,282476.48,"282476,48",19,SIH07
Valor serviços profissionais,Caráter atendimento,mensal,2020-11,2020.0,Outros ac trab,15531.42,"15531,42",19,SIH07
Valor serviços profissionais,Caráter atendimento,mensal,2020-11,2020.0,Outras caus ext,23162.13,"23162,13",19,SIH07
Valor serviços profissionais,Caráter atendimento,mensal,2020-11,2020.0,Total,321170.03,"321170,03",19,SIH07
Valor serviços profissionais,Caráter atendimento,mensal,2020-12,2020.0,Eletivo,,-,20,SIH07
Valor serviços profissionais,Caráter atendimento,mensal,2020-12,2020.0,Urgência,455023.05,"455023,05",20,SIH07
Valor serviços profissionais,Caráter atendimento,mensal,2020-12,2020.0,Outros ac trab,19334.99,"19334,99",20,SIH07
Valor serviços profissionais,Caráter atendimento,mensal,2020-12,2020.0,Outras caus ext,23217.66,"23217,66",20,SIH07
Valor serviços profissionais,Caráter atendimento,mensal,2020-12,2020.0,Total,497575.7,"497575,70",20,SIH07
Valor serviços profissionais,Caráter atendimento,ano_publicado,,2021.0,Eletivo,970.01,"970,01",21,SIH07
Valor serviços profissionais,Caráter atendimento,ano_publicado,,2021.0,Urgência,5048046.25,"5048046,25",21,SIH07
Valor serviços profissionais,Caráter atendimento,ano_publicado,,2021.0,Outros ac trab,95361.57,"95361,57",21,SIH07
Valor serviços profissionais,Caráter atendimento,ano_publicado,,2021.0,Outras caus ext,148709.33,"148709,33",21,SIH07
Valor serviços profissionais,Caráter atendimento,ano_publicado,,2021.0,Total,5293087.16,"5293087,16",21,SIH07
Valor serviços profissionais,Caráter atendimento,mensal,2021-01,2021.0,Eletivo,,-,22,SIH07
Valor serviços profissionais,Caráter atendimento,mensal,2021-01,2021.0,Urgência,481863.23,"481863,23",22,SIH07
Valor serviços profissionais,Caráter atendimento,mensal,2021-01,2021.0,Outros ac trab,14300.89,"14300,89",22,SIH07
Valor serviços profissionais,Caráter atendimento,mensal,2021-01,2021.0,Outras caus ext,13184.63,"13184,63",22,SIH07
Valor serviços profissionais,Caráter atendimento,mensal,2021-01,2021.0,Total,509348.75,"509348,75",22,SIH07
Valor serviços profissionais,Caráter atendimento,mensal,2021-02,2021.0,Eletivo,,-,23,SIH07
Valor serviços profissionais,Caráter atendimento,mensal,2021-02,2021.0,Urgência,444761.23,"444761,23",23,SIH07
Valor serviços profissionais,Caráter atendimento,mensal,2021-02,2021.0,Outros ac trab,6017.27,"6017,27",23,SIH07
Valor serviços profissionais,Caráter atendimento,mensal,2021-02,2021.0,Outras caus ext,13595.25,"13595,25",23,SIH07
Valor serviços profissionais,Caráter atendimento,mensal,2021-02,2021.0,Total,464373.75,"464373,75",23,SIH07
Valor serviços profissionais,Caráter atendimento,mensal,2021-03,2021.0,Eletivo,,-,24,SIH07
Valor serviços profissionais,Caráter atendimento,mensal,2021-03,2021.0,Urgência,533256.37,"533256,37",24,SIH07
Valor serviços profissionais,Caráter atendimento,mensal,2021-03,2021.0,Outros ac trab,11081.52,"11081,52",24,SIH07
Valor serviços profissionais,Caráter atendimento,mensal,2021-03,2021.0,Outras caus ext,16093.46,"16093,46",24,SIH07
Valor serviços profissionais,Caráter atendimento,mensal,2021-03,2021.0,Total,560431.35,"560431,35",24,SIH07
Valor serviços profissionais,Caráter atendimento,mensal,2021-04,2021.0,Eletivo,,-,25,SIH07
Valor serviços profissionais,Caráter atendimento,mensal,2021-04,2021.0,Urgência,524053.05,"524053,05",25,SIH07
Valor serviços profissionais,Caráter atendimento,mensal,2021-04,2021.0,Outros ac trab,9140.96,"9140,96",25,SIH07
Valor serviços profissionais,Caráter atendimento,mensal,2021-04,2021.0,Outras caus ext,14185.11,"14185,11",25,SIH07
Valor serviços profissionais,Caráter atendimento,mensal,2021-04,2021.0,Total,547379.12,"547379,12",25,SIH07
Valor serviços profissionais,Caráter atendimento,mensal,2021-05,2021.0,Eletivo,,-,26,SIH07
Valor serviços profissionais,Caráter atendimento,mensal,2021-05,2021.0,Urgência,496901.41,"496901,41",26,SIH07
Valor serviços profissionais,Caráter atendimento,mensal,2021-05,2021.0,Outros ac trab,8344.07,"8344,07",26,SIH07
Valor serviços profissionais,Caráter atendimento,mensal,2021-05,2021.0,Outras caus ext,16055.56,"16055,56",26,SIH07
Valor serviços profissionais,Caráter atendimento,mensal,2021-05,2021.0,Total,521301.04,"521301,04",26,SIH07
Valor serviços profissionais,Caráter atendimento,mensal,2021-06,2021.0,Eletivo,,-,27,SIH07
Valor serviços profissionais,Caráter atendimento,mensal,2021-06,2021.0,Urgência,430144.02,"430144,02",27,SIH07
Valor serviços profissionais,Caráter atendimento,mensal,2021-06,2021.0,Outros ac trab,9427.48,"9427,48",27,SIH07
Valor serviços profissionais,Caráter atendimento,mensal,2021-06,2021.0,Outras caus ext,15054.15,"15054,15",27,SIH07
Valor serviços profissionais,Caráter atendimento,mensal,2021-06,2021.0,Total,454625.65,"454625,65",27,SIH07
Valor serviços profissionais,Caráter atendimento,mensal,2021-07,2021.0,Eletivo,940.8,"940,80",28,SIH07
Valor serviços profissionais,Caráter atendimento,mensal,2021-07,2021.0,Urgência,465079.26,"465079,26",28,SIH07
Valor serviços profissionais,Caráter atendimento,mensal,2021-07,2021.0,Outros ac trab,7139.36,"7139,36",28,SIH07
Valor serviços profissionais,Caráter atendimento,mensal,2021-07,2021.0,Outras caus ext,13457.58,"13457,58",28,SIH07
Valor serviços profissionais,Caráter atendimento,mensal,2021-07,2021.0,Total,486617.0,"486617,00",28,SIH07
Valor serviços profissionais,Caráter atendimento,mensal,2021-08,2021.0,Eletivo,,-,29,SIH07
Valor serviços profissionais,Caráter atendimento,mensal,2021-08,2021.0,Urgência,386498.45,"386498,45",29,SIH07
Valor serviços profissionais,Caráter atendimento,mensal,2021-08,2021.0,Outros ac trab,6113.53,"6113,53",29,SIH07
Valor serviços profissionais,Caráter atendimento,mensal,2021-08,2021.0,Outras caus ext,13940.38,"13940,38",29,SIH07
Valor serviços profissionais,Caráter atendimento,mensal,2021-08,2021.0,Total,406552.36,"406552,36",29,SIH07
Valor serviços profissionais,Caráter atendimento,mensal,2021-09,2021.0,Eletivo,,-,30,SIH07
Valor serviços profissionais,Caráter atendimento,mensal,2021-09,2021.0,Urgência,378285.87,"378285,87",30,SIH07
Valor serviços profissionais,Caráter atendimento,mensal,2021-09,2021.0,Outros ac trab,6933.84,"6933,84",30,SIH07
Valor serviços profissionais,Caráter atendimento,mensal,2021-09,2021.0,Outras caus ext,13277.78,"13277,78",30,SIH07
Valor serviços profissionais,Caráter atendimento,mensal,2021-09,2021.0,Total,398497.49,"398497,49",30,SIH07
Valor serviços profissionais,Caráter atendimento,mensal,2021-10,2021.0,Eletivo,,-,31,SIH07
Valor serviços profissionais,Caráter atendimento,mensal,2021-10,2021.0,Urgência,329306.25,"329306,25",31,SIH07
Valor serviços profissionais,Caráter atendimento,mensal,2021-10,2021.0,Outros ac trab,1082.56,"1082,56",31,SIH07
Valor serviços profissionais,Caráter atendimento,mensal,2021-10,2021.0,Outras caus ext,272.45,"272,45",31,SIH07
Valor serviços profissionais,Caráter atendimento,mensal,2021-10,2021.0,Total,330661.26,"330661,26",31,SIH07
Valor serviços profissionais,Caráter atendimento,mensal,2021-11,2021.0,Eletivo,,-,32,SIH07
Valor serviços profissionais,Caráter atendimento,mensal,2021-11,2021.0,Urgência,302555.4,"302555,40",32,SIH07
Valor serviços profissionais,Caráter atendimento,mensal,2021-11,2021.0,Outros ac trab,6112.12,"6112,12",32,SIH07
Valor serviços profissionais,Caráter atendimento,mensal,2021-11,2021.0,Outras caus ext,8158.83,"8158,83",32,SIH07
Valor serviços profissionais,Caráter atendimento,mensal,2021-11,2021.0,Total,316826.35,"316826,35",32,SIH07
Valor serviços profissionais,Caráter atendimento,mensal,2021-12,2021.0,Eletivo,29.21,"29,21",33,SIH07
Valor serviços profissionais,Caráter atendimento,mensal,2021-12,2021.0,Urgência,275341.71,"275341,71",33,SIH07
Valor serviços profissionais,Caráter atendimento,mensal,2021-12,2021.0,Outros ac trab,9667.97,"9667,97",33,SIH07
Valor serviços profissionais,Caráter atendimento,mensal,2021-12,2021.0,Outras caus ext,11434.15,"11434,15",33,SIH07
Valor serviços profissionais,Caráter atendimento,mensal,2021-12,2021.0,Total,296473.04,"296473,04",33,SIH07
Valor serviços profissionais,Caráter atendimento,ano_publicado,,2022.0,Eletivo,35101.69,"35101,69",34,SIH07
Valor serviços profissionais,Caráter atendimento,ano_publicado,,2022.0,Urgência,2977131.27,"2977131,27",34,SIH07
Valor serviços profissionais,Caráter atendimento,ano_publicado,,2022.0,Outros ac trab,84051.21,"84051,21",34,SIH07
Valor serviços profissionais,Caráter atendimento,ano_publicado,,2022.0,Outras caus ext,105949.36,"105949,36",34,SIH07
Valor serviços profissionais,Caráter atendimento,ano_publicado,,2022.0,Total,3202233.53,"3202233,53",34,SIH07
Valor serviços profissionais,Caráter atendimento,mensal,2022-01,2022.0,Eletivo,150.34,"150,34",35,SIH07
Valor serviços profissionais,Caráter atendimento,mensal,2022-01,2022.0,Urgência,383067.33,"383067,33",35,SIH07
Valor serviços profissionais,Caráter atendimento,mensal,2022-01,2022.0,Outros ac trab,8470.2,"8470,20",35,SIH07
Valor serviços profissionais,Caráter atendimento,mensal,2022-01,2022.0,Outras caus ext,7350.18,"7350,18",35,SIH07
Valor serviços profissionais,Caráter atendimento,mensal,2022-01,2022.0,Total,399038.05,"399038,05",35,SIH07
Valor serviços profissionais,Caráter atendimento,mensal,2022-02,2022.0,Eletivo,,-,36,SIH07
Valor serviços profissionais,Caráter atendimento,mensal,2022-02,2022.0,Urgência,265081.26,"265081,26",36,SIH07
Valor serviços profissionais,Caráter atendimento,mensal,2022-02,2022.0,Outros ac trab,5838.74,"5838,74",36,SIH07
Valor serviços profissionais,Caráter atendimento,mensal,2022-02,2022.0,Outras caus ext,8708.5,"8708,50",36,SIH07
Valor serviços profissionais,Caráter atendimento,mensal,2022-02,2022.0,Total,279628.5,"279628,50",36,SIH07
Valor serviços profissionais,Caráter atendimento,mensal,2022-03,2022.0,Eletivo,,-,37,SIH07
Valor serviços profissionais,Caráter atendimento,mensal,2022-03,2022.0,Urgência,184061.88,"184061,88",37,SIH07
Valor serviços profissionais,Caráter atendimento,mensal,2022-03,2022.0,Outros ac trab,9019.87,"9019,87",37,SIH07
Valor serviços profissionais,Caráter atendimento,mensal,2022-03,2022.0,Outras caus ext,13701.77,"13701,77",37,SIH07
Valor serviços profissionais,Caráter atendimento,mensal,2022-03,2022.0,Total,206783.52,"206783,52",37,SIH07
Valor serviços profissionais,Caráter atendimento,mensal,2022-04,2022.0,Eletivo,,-,38,SIH07
Valor serviços profissionais,Caráter atendimento,mensal,2022-04,2022.0,Urgência,257135.19,"257135,19",38,SIH07
Valor serviços profissionais,Caráter atendimento,mensal,2022-04,2022.0,Outros ac trab,7242.08,"7242,08",38,SIH07
Valor serviços profissionais,Caráter atendimento,mensal,2022-04,2022.0,Outras caus ext,14319.59,"14319,59",38,SIH07
Valor serviços profissionais,Caráter atendimento,mensal,2022-04,2022.0,Total,278696.86,"278696,86",38,SIH07
Valor serviços profissionais,Caráter atendimento,mensal,2022-05,2022.0,Eletivo,992.31,"992,31",39,SIH07
Valor serviços profissionais,Caráter atendimento,mensal,2022-05,2022.0,Urgência,273700.96,"273700,96",39,SIH07
Valor serviços profissionais,Caráter atendimento,mensal,2022-05,2022.0,Outros ac trab,7312.83,"7312,83",39,SIH07
Valor serviços profissionais,Caráter atendimento,mensal,2022-05,2022.0,Outras caus ext,10525.98,"10525,98",39,SIH07
Valor serviços profissionais,Caráter atendimento,mensal,2022-05,2022.0,Total,292532.08,"292532,08",39,SIH07
Valor serviços profissionais,Caráter atendimento,mensal,2022-06,2022.0,Eletivo,1308.26,"1308,26",40,SIH07
Valor serviços profissionais,Caráter atendimento,mensal,2022-06,2022.0,Urgência,230145.16,"230145,16",40,SIH07
Valor serviços profissionais,Caráter atendimento,mensal,2022-06,2022.0,Outros ac trab,9800.95,"9800,95",40,SIH07
Valor serviços profissionais,Caráter atendimento,mensal,2022-06,2022.0,Outras caus ext,8910.61,"8910,61",40,SIH07
Valor serviços profissionais,Caráter atendimento,mensal,2022-06,2022.0,Total,250164.98,"250164,98",40,SIH07
Valor serviços profissionais,Caráter atendimento,mensal,2022-07,2022.0,Eletivo,,-,41,SIH07
Valor serviços profissionais,Caráter atendimento,mensal,2022-07,2022.0,Urgência,200992.19,"200992,19",41,SIH07
Valor serviços profissionais,Caráter atendimento,mensal,2022-07,2022.0,Outros ac trab,11482.57,"11482,57",41,SIH07
Valor serviços profissionais,Caráter atendimento,mensal,2022-07,2022.0,Outras caus ext,10764.29,"10764,29",41,SIH07
Valor serviços profissionais,Caráter atendimento,mensal,2022-07,2022.0,Total,223239.05,"223239,05",41,SIH07
Valor serviços profissionais,Caráter atendimento,mensal,2022-08,2022.0,Eletivo,15654.72,"15654,72",42,SIH07
Valor serviços profissionais,Caráter atendimento,mensal,2022-08,2022.0,Urgência,164142.75,"164142,75",42,SIH07
Valor serviços profissionais,Caráter atendimento,mensal,2022-08,2022.0,Outros ac trab,10643.18,"10643,18",42,SIH07
Valor serviços profissionais,Caráter atendimento,mensal,2022-08,2022.0,Outras caus ext,16627.78,"16627,78",42,SIH07
Valor serviços profissionais,Caráter atendimento,mensal,2022-08,2022.0,Total,207068.43,"207068,43",42,SIH07
Valor serviços profissionais,Caráter atendimento,mensal,2022-09,2022.0,Eletivo,5924.6,"5924,60",43,SIH07
Valor serviços profissionais,Caráter atendimento,mensal,2022-09,2022.0,Urgência,308188.33,"308188,33",43,SIH07
Valor serviços profissionais,Caráter atendimento,mensal,2022-09,2022.0,Outros ac trab,6704.55,"6704,55",43,SIH07
Valor serviços profissionais,Caráter atendimento,mensal,2022-09,2022.0,Outras caus ext,8813.76,"8813,76",43,SIH07
Valor serviços profissionais,Caráter atendimento,mensal,2022-09,2022.0,Total,329631.24,"329631,24",43,SIH07
Valor serviços profissionais,Caráter atendimento,mensal,2022-10,2022.0,Eletivo,5310.86,"5310,86",44,SIH07
Valor serviços profissionais,Caráter atendimento,mensal,2022-10,2022.0,Urgência,212058.26,"212058,26",44,SIH07
Valor serviços profissionais,Caráter atendimento,mensal,2022-10,2022.0,Outros ac trab,462.86,"462,86",44,SIH07
Valor serviços profissionais,Caráter atendimento,mensal,2022-10,2022.0,Outras caus ext,906.74,"906,74",44,SIH07
Valor serviços profissionais,Caráter atendimento,mensal,2022-10,2022.0,Total,218738.72,"218738,72",44,SIH07
Valor serviços profissionais,Caráter atendimento,mensal,2022-11,2022.0,Eletivo,3806.86,"3806,86",45,SIH07
Valor serviços profissionais,Caráter atendimento,mensal,2022-11,2022.0,Urgência,214137.26,"214137,26",45,SIH07
Valor serviços profissionais,Caráter atendimento,mensal,2022-11,2022.0,Outros ac trab,1312.69,"1312,69",45,SIH07
Valor serviços profissionais,Caráter atendimento,mensal,2022-11,2022.0,Outras caus ext,332.64,"332,64",45,SIH07
Valor serviços profissionais,Caráter atendimento,mensal,2022-11,2022.0,Total,219589.45,"219589,45",45,SIH07
Valor serviços profissionais,Caráter atendimento,mensal,2022-12,2022.0,Eletivo,1953.74,"1953,74",46,SIH07
Valor serviços profissionais,Caráter atendimento,mensal,2022-12,2022.0,Urgência,284420.7,"284420,70",46,SIH07
Valor serviços profissionais,Caráter atendimento,mensal,2022-12,2022.0,Outros ac trab,5760.69,"5760,69",46,SIH07
Valor serviços profissionais,Caráter atendimento,mensal,2022-12,2022.0,Outras caus ext,4987.52,"4987,52",46,SIH07
Valor serviços profissionais,Caráter atendimento,mensal,2022-12,2022.0,Total,297122.65,"297122,65",46,SIH07
Valor serviços profissionais,Caráter atendimento,ano_publicado,,2023.0,Eletivo,1250.79,"1250,79",47,SIH07
Valor serviços profissionais,Caráter atendimento,ano_publicado,,2023.0,Urgência,3417054.59,"3417054,59",47,SIH07
Valor serviços profissionais,Caráter atendimento,ano_publicado,,2023.0,Outros ac trab,99202.44,"99202,44",47,SIH07
Valor serviços profissionais,Caráter atendimento,ano_publicado,,2023.0,Outras caus ext,118295.91,"118295,91",47,SIH07
Valor serviços profissionais,Caráter atendimento,ano_publicado,,2023.0,Total,3635803.73,"3635803,73",47,SIH07
Valor serviços profissionais,Caráter atendimento,mensal,2023-01,2023.0,Eletivo,,-,48,SIH07
Valor serviços profissionais,Caráter atendimento,mensal,2023-01,2023.0,Urgência,248440.25,"248440,25",48,SIH07
Valor serviços profissionais,Caráter atendimento,mensal,2023-01,2023.0,Outros ac trab,6284.5,"6284,50",48,SIH07
Valor serviços profissionais,Caráter atendimento,mensal,2023-01,2023.0,Outras caus ext,10280.5,"10280,50",48,SIH07
Valor serviços profissionais,Caráter atendimento,mensal,2023-01,2023.0,Total,265005.25,"265005,25",48,SIH07
Valor serviços profissionais,Caráter atendimento,mensal,2023-02,2023.0,Eletivo,,-,49,SIH07
Valor serviços profissionais,Caráter atendimento,mensal,2023-02,2023.0,Urgência,250731.64,"250731,64",49,SIH07
Valor serviços profissionais,Caráter atendimento,mensal,2023-02,2023.0,Outros ac trab,8698.95,"8698,95",49,SIH07
Valor serviços profissionais,Caráter atendimento,mensal,2023-02,2023.0,Outras caus ext,9553.57,"9553,57",49,SIH07
Valor serviços profissionais,Caráter atendimento,mensal,2023-02,2023.0,Total,268984.16,"268984,16",49,SIH07
Valor serviços profissionais,Caráter atendimento,mensal,2023-03,2023.0,Eletivo,,-,50,SIH07
Valor serviços profissionais,Caráter atendimento,mensal,2023-03,2023.0,Urgência,172460.62,"172460,62",50,SIH07
Valor serviços profissionais,Caráter atendimento,mensal,2023-03,2023.0,Outros ac trab,12258.81,"12258,81",50,SIH07
Valor serviços profissionais,Caráter atendimento,mensal,2023-03,2023.0,Outras caus ext,14643.81,"14643,81",50,SIH07
Valor serviços profissionais,Caráter atendimento,mensal,2023-03,2023.0,Total,199363.24,"199363,24",50,SIH07
Valor serviços profissionais,Caráter atendimento,mensal,2023-04,2023.0,Eletivo,40.96,"40,96",51,SIH07
Valor serviços profissionais,Caráter atendimento,mensal,2023-04,2023.0,Urgência,220390.35,"220390,35",51,SIH07
Valor serviços profissionais,Caráter atendimento,mensal,2023-04,2023.0,Outros ac trab,2373.54,"2373,54",51,SIH07
Valor serviços profissionais,Caráter atendimento,mensal,2023-04,2023.0,Outras caus ext,2734.77,"2734,77",51,SIH07
Valor serviços profissionais,Caráter atendimento,mensal,2023-04,2023.0,Total,225539.62,"225539,62",51,SIH07
Valor serviços profissionais,Caráter atendimento,mensal,2023-05,2023.0,Eletivo,,-,52,SIH07
Valor serviços profissionais,Caráter atendimento,mensal,2023-05,2023.0,Urgência,246055.02,"246055,02",52,SIH07
Valor serviços profissionais,Caráter atendimento,mensal,2023-05,2023.0,Outros ac trab,725.16,"725,16",52,SIH07
Valor serviços profissionais,Caráter atendimento,mensal,2023-05,2023.0,Outras caus ext,2214.82,"2214,82",52,SIH07
Valor serviços profissionais,Caráter atendimento,mensal,2023-05,2023.0,Total,248995.0,"248995,00",52,SIH07
Valor serviços profissionais,Caráter atendimento,mensal,2023-06,2023.0,Eletivo,,-,53,SIH07
Valor serviços profissionais,Caráter atendimento,mensal,2023-06,2023.0,Urgência,290647.9,"290647,90",53,SIH07
Valor serviços profissionais,Caráter atendimento,mensal,2023-06,2023.0,Outros ac trab,7826.6,"7826,60",53,SIH07
Valor serviços profissionais,Caráter atendimento,mensal,2023-06,2023.0,Outras caus ext,13223.5,"13223,50",53,SIH07
Valor serviços profissionais,Caráter atendimento,mensal,2023-06,2023.0,Total,311698.0,"311698,00",53,SIH07
Valor serviços profissionais,Caráter atendimento,mensal,2023-07,2023.0,Eletivo,781.79,"781,79",54,SIH07
Valor serviços profissionais,Caráter atendimento,mensal,2023-07,2023.0,Urgência,220591.68,"220591,68",54,SIH07
Valor serviços profissionais,Caráter atendimento,mensal,2023-07,2023.0,Outros ac trab,5730.86,"5730,86",54,SIH07
Valor serviços profissionais,Caráter atendimento,mensal,2023-07,2023.0,Outras caus ext,9034.1,"9034,10",54,SIH07
Valor serviços profissionais,Caráter atendimento,mensal,2023-07,2023.0,Total,236138.43,"236138,43",54,SIH07
Valor serviços profissionais,Caráter atendimento,mensal,2023-08,2023.0,Eletivo,,-,55,SIH07
Valor serviços profissionais,Caráter atendimento,mensal,2023-08,2023.0,Urgência,443622.89,"443622,89",55,SIH07
Valor serviços profissionais,Caráter atendimento,mensal,2023-08,2023.0,Outros ac trab,11196.17,"11196,17",55,SIH07
Valor serviços profissionais,Caráter atendimento,mensal,2023-08,2023.0,Outras caus ext,10894.14,"10894,14",55,SIH07
Valor serviços profissionais,Caráter atendimento,mensal,2023-08,2023.0,Total,465713.2,"465713,20",55,SIH07
Valor serviços profissionais,Caráter atendimento,mensal,2023-09,2023.0,Eletivo,,-,56,SIH07
Valor serviços profissionais,Caráter atendimento,mensal,2023-09,2023.0,Urgência,315839.83,"315839,83",56,SIH07
Valor serviços profissionais,Caráter atendimento,mensal,2023-09,2023.0,Outros ac trab,12141.78,"12141,78",56,SIH07
Valor serviços profissionais,Caráter atendimento,mensal,2023-09,2023.0,Outras caus ext,17752.87,"17752,87",56,SIH07
Valor serviços profissionais,Caráter atendimento,mensal,2023-09,2023.0,Total,345734.48,"345734,48",56,SIH07
Valor serviços profissionais,Caráter atendimento,mensal,2023-10,2023.0,Eletivo,,-,57,SIH07
Valor serviços profissionais,Caráter atendimento,mensal,2023-10,2023.0,Urgência,314659.13,"314659,13",57,SIH07
Valor serviços profissionais,Caráter atendimento,mensal,2023-10,2023.0,Outros ac trab,17424.78,"17424,78",57,SIH07
Valor serviços profissionais,Caráter atendimento,mensal,2023-10,2023.0,Outras caus ext,13730.11,"13730,11",57,SIH07
Valor serviços profissionais,Caráter atendimento,mensal,2023-10,2023.0,Total,345814.02,"345814,02",57,SIH07
Valor serviços profissionais,Caráter atendimento,mensal,2023-11,2023.0,Eletivo,,-,58,SIH07
Valor serviços profissionais,Caráter atendimento,mensal,2023-11,2023.0,Urgência,362725.91,"362725,91",58,SIH07
Valor serviços profissionais,Caráter atendimento,mensal,2023-11,2023.0,Outros ac trab,5934.58,"5934,58",58,SIH07
Valor serviços profissionais,Caráter atendimento,mensal,2023-11,2023.0,Outras caus ext,11510.97,"11510,97",58,SIH07
Valor serviços profissionais,Caráter atendimento,mensal,2023-11,2023.0,Total,380171.46,"380171,46",58,SIH07
Valor serviços profissionais,Caráter atendimento,mensal,2023-12,2023.0,Eletivo,428.04,"428,04",59,SIH07
Valor serviços profissionais,Caráter atendimento,mensal,2023-12,2023.0,Urgência,330889.37,"330889,37",59,SIH07
Valor serviços profissionais,Caráter atendimento,mensal,2023-12,2023.0,Outros ac trab,8606.71,"8606,71",59,SIH07
Valor serviços profissionais,Caráter atendimento,mensal,2023-12,2023.0,Outras caus ext,2722.75,"2722,75",59,SIH07
Valor serviços profissionais,Caráter atendimento,mensal,2023-12,2023.0,Total,342646.87,"342646,87",59,SIH07
Valor serviços profissionais,Caráter atendimento,ano_publicado,,2024.0,Eletivo,1419.46,"1419,46",60,SIH07
Valor serviços profissionais,Caráter atendimento,ano_publicado,,2024.0,Urgência,3601549.1,"3601549,10",60,SIH07
Valor serviços profissionais,Caráter atendimento,ano_publicado,,2024.0,Outros ac trab,80666.91,"80666,91",60,SIH07
Valor serviços profissionais,Caráter atendimento,ano_publicado,,2024.0,Outras caus ext,57182.35,"57182,35",60,SIH07
Valor serviços profissionais,Caráter atendimento,ano_publicado,,2024.0,Total,3740817.82,"3740817,82",60,SIH07
Valor serviços profissionais,Caráter atendimento,mensal,2024-01,2024.0,Eletivo,,-,61,SIH07
Valor serviços profissionais,Caráter atendimento,mensal,2024-01,2024.0,Urgência,392183.71,"392183,71",61,SIH07
Valor serviços profissionais,Caráter atendimento,mensal,2024-01,2024.0,Outros ac trab,8472.1,"8472,10",61,SIH07
Valor serviços profissionais,Caráter atendimento,mensal,2024-01,2024.0,Outras caus ext,5303.12,"5303,12",61,SIH07
Valor serviços profissionais,Caráter atendimento,mensal,2024-01,2024.0,Total,405958.93,"405958,93",61,SIH07
Valor serviços profissionais,Caráter atendimento,mensal,2024-02,2024.0,Eletivo,535.0,"535,00",62,SIH07
Valor serviços profissionais,Caráter atendimento,mensal,2024-02,2024.0,Urgência,268216.48,"268216,48",62,SIH07
Valor serviços profissionais,Caráter atendimento,mensal,2024-02,2024.0,Outros ac trab,6322.46,"6322,46",62,SIH07
Valor serviços profissionais,Caráter atendimento,mensal,2024-02,2024.0,Outras caus ext,10453.01,"10453,01",62,SIH07
Valor serviços profissionais,Caráter atendimento,mensal,2024-02,2024.0,Total,285526.95,"285526,95",62,SIH07
Valor serviços profissionais,Caráter atendimento,mensal,2024-03,2024.0,Eletivo,535.0,"535,00",63,SIH07
Valor serviços profissionais,Caráter atendimento,mensal,2024-03,2024.0,Urgência,233398.5,"233398,50",63,SIH07
Valor serviços profissionais,Caráter atendimento,mensal,2024-03,2024.0,Outros ac trab,5802.22,"5802,22",63,SIH07
Valor serviços profissionais,Caráter atendimento,mensal,2024-03,2024.0,Outras caus ext,7123.09,"7123,09",63,SIH07
Valor serviços profissionais,Caráter atendimento,mensal,2024-03,2024.0,Total,246858.81,"246858,81",63,SIH07
Valor serviços profissionais,Caráter atendimento,mensal,2024-04,2024.0,Eletivo,,-,64,SIH07
Valor serviços profissionais,Caráter atendimento,mensal,2024-04,2024.0,Urgência,243985.25,"243985,25",64,SIH07
Valor serviços profissionais,Caráter atendimento,mensal,2024-04,2024.0,Outros ac trab,10383.22,"10383,22",64,SIH07
Valor serviços profissionais,Caráter atendimento,mensal,2024-04,2024.0,Outras caus ext,6921.26,"6921,26",64,SIH07
Valor serviços profissionais,Caráter atendimento,mensal,2024-04,2024.0,Total,261289.73,"261289,73",64,SIH07
Valor serviços profissionais,Caráter atendimento,mensal,2024-05,2024.0,Eletivo,,-,65,SIH07
Valor serviços profissionais,Caráter atendimento,mensal,2024-05,2024.0,Urgência,336210.38,"336210,38",65,SIH07
Valor serviços profissionais,Caráter atendimento,mensal,2024-05,2024.0,Outros ac trab,14656.37,"14656,37",65,SIH07
Valor serviços profissionais,Caráter atendimento,mensal,2024-05,2024.0,Outras caus ext,9087.62,"9087,62",65,SIH07
Valor serviços profissionais,Caráter atendimento,mensal,2024-05,2024.0,Total,359954.37,"359954,37",65,SIH07
Valor serviços profissionais,Caráter atendimento,mensal,2024-06,2024.0,Eletivo,,-,66,SIH07
Valor serviços profissionais,Caráter atendimento,mensal,2024-06,2024.0,Urgência,337181.47,"337181,47",66,SIH07
Valor serviços profissionais,Caráter atendimento,mensal,2024-06,2024.0,Outros ac trab,5220.95,"5220,95",66,SIH07
Valor serviços profissionais,Caráter atendimento,mensal,2024-06,2024.0,Outras caus ext,7455.03,"7455,03",66,SIH07
Valor serviços profissionais,Caráter atendimento,mensal,2024-06,2024.0,Total,349857.45,"349857,45",66,SIH07
Valor serviços profissionais,Caráter atendimento,mensal,2024-07,2024.0,Eletivo,,-,67,SIH07
Valor serviços profissionais,Caráter atendimento,mensal,2024-07,2024.0,Urgência,255074.15,"255074,15",67,SIH07
Valor serviços profissionais,Caráter atendimento,mensal,2024-07,2024.0,Outros ac trab,11662.28,"11662,28",67,SIH07
Valor serviços profissionais,Caráter atendimento,mensal,2024-07,2024.0,Outras caus ext,10088.42,"10088,42",67,SIH07
Valor serviços profissionais,Caráter atendimento,mensal,2024-07,2024.0,Total,276824.85,"276824,85",67,SIH07
Valor serviços profissionais,Caráter atendimento,mensal,2024-08,2024.0,Eletivo,9.91,"9,91",68,SIH07
Valor serviços profissionais,Caráter atendimento,mensal,2024-08,2024.0,Urgência,465174.88,"465174,88",68,SIH07
Valor serviços profissionais,Caráter atendimento,mensal,2024-08,2024.0,Outros ac trab,2653.65,"2653,65",68,SIH07
Valor serviços profissionais,Caráter atendimento,mensal,2024-08,2024.0,Outras caus ext,750.8,"750,80",68,SIH07
Valor serviços profissionais,Caráter atendimento,mensal,2024-08,2024.0,Total,468589.24,"468589,24",68,SIH07
Valor serviços profissionais,Caráter atendimento,mensal,2024-09,2024.0,Eletivo,,-,69,SIH07
Valor serviços profissionais,Caráter atendimento,mensal,2024-09,2024.0,Urgência,259089.38,"259089,38",69,SIH07
Valor serviços profissionais,Caráter atendimento,mensal,2024-09,2024.0,Outros ac trab,2393.69,"2393,69",69,SIH07
Valor serviços profissionais,Caráter atendimento,mensal,2024-09,2024.0,Outras caus ext,,-,69,SIH07
Valor serviços profissionais,Caráter atendimento,mensal,2024-09,2024.0,Total,261483.07,"261483,07",69,SIH07
Valor serviços profissionais,Caráter atendimento,mensal,2024-10,2024.0,Eletivo,339.55,"339,55",70,SIH07
Valor serviços profissionais,Caráter atendimento,mensal,2024-10,2024.0,Urgência,332329.42,"332329,42",70,SIH07
Valor serviços profissionais,Caráter atendimento,mensal,2024-10,2024.0,Outros ac trab,4103.56,"4103,56",70,SIH07
Valor serviços profissionais,Caráter atendimento,mensal,2024-10,2024.0,Outras caus ext,,-,70,SIH07
Valor serviços profissionais,Caráter atendimento,mensal,2024-10,2024.0,Total,336772.53,"336772,53",70,SIH07
Valor serviços profissionais,Caráter atendimento,mensal,2024-11,2024.0,Eletivo,,-,71,SIH07
Valor serviços profissionais,Caráter atendimento,mensal,2024-11,2024.0,Urgência,247823.52,"247823,52",71,SIH07
Valor serviços profissionais,Caráter atendimento,mensal,2024-11,2024.0,Outros ac trab,4593.95,"4593,95",71,SIH07
Valor serviços profissionais,Caráter atendimento,mensal,2024-11,2024.0,Outras caus ext,,-,71,SIH07
Valor serviços profissionais,Caráter atendimento,mensal,2024-11,2024.0,Total,252417.47,"252417,47",71,SIH07
Valor serviços profissionais,Caráter atendimento,mensal,2024-12,2024.0,Eletivo,,-,72,SIH07
Valor serviços profissionais,Caráter atendimento,mensal,2024-12,2024.0,Urgência,230881.96,"230881,96",72,SIH07
Valor serviços profissionais,Caráter atendimento,mensal,2024-12,2024.0,Outros ac trab,4402.46,"4402,46",72,SIH07
Valor serviços profissionais,Caráter atendimento,mensal,2024-12,2024.0,Outras caus ext,,-,72,SIH07
Valor serviços profissionais,Caráter atendimento,mensal,2024-12,2024.0,Total,235284.42,"235284,42",72,SIH07
Valor serviços profissionais,Caráter atendimento,ano_publicado,,2025.0,Eletivo,213313.86,"213313,86",73,SIH07
Valor serviços profissionais,Caráter atendimento,ano_publicado,,2025.0,Urgência,3257755.32,"3257755,32",73,SIH07
Valor serviços profissionais,Caráter atendimento,ano_publicado,,2025.0,Outros ac trab,61047.61,"61047,61",73,SIH07
Valor serviços profissionais,Caráter atendimento,ano_publicado,,2025.0,Outras caus ext,14030.18,"14030,18",73,SIH07
Valor serviços profissionais,Caráter atendimento,ano_publicado,,2025.0,Total,3546146.97,"3546146,97",73,SIH07
Valor serviços profissionais,Caráter atendimento,mensal,2025-01,2025.0,Eletivo,2900.57,"2900,57",74,SIH07
Valor serviços profissionais,Caráter atendimento,mensal,2025-01,2025.0,Urgência,324989.96,"324989,96",74,SIH07
Valor serviços profissionais,Caráter atendimento,mensal,2025-01,2025.0,Outros ac trab,4779.55,"4779,55",74,SIH07
Valor serviços profissionais,Caráter atendimento,mensal,2025-01,2025.0,Outras caus ext,,-,74,SIH07
Valor serviços profissionais,Caráter atendimento,mensal,2025-01,2025.0,Total,332670.08,"332670,08",74,SIH07
Valor serviços profissionais,Caráter atendimento,mensal,2025-02,2025.0,Eletivo,17977.18,"17977,18",75,SIH07
Valor serviços profissionais,Caráter atendimento,mensal,2025-02,2025.0,Urgência,263223.24,"263223,24",75,SIH07
Valor serviços profissionais,Caráter atendimento,mensal,2025-02,2025.0,Outros ac trab,3769.73,"3769,73",75,SIH07
Valor serviços profissionais,Caráter atendimento,mensal,2025-02,2025.0,Outras caus ext,,-,75,SIH07
Valor serviços profissionais,Caráter atendimento,mensal,2025-02,2025.0,Total,284970.15,"284970,15",75,SIH07
Valor serviços profissionais,Caráter atendimento,mensal,2025-03,2025.0,Eletivo,28128.45,"28128,45",76,SIH07
Valor serviços profissionais,Caráter atendimento,mensal,2025-03,2025.0,Urgência,462520.09,"462520,09",76,SIH07
Valor serviços profissionais,Caráter atendimento,mensal,2025-03,2025.0,Outros ac trab,5698.36,"5698,36",76,SIH07
Valor serviços profissionais,Caráter atendimento,mensal,2025-03,2025.0,Outras caus ext,,-,76,SIH07
Valor serviços profissionais,Caráter atendimento,mensal,2025-03,2025.0,Total,496346.9,"496346,90",76,SIH07
Valor serviços profissionais,Caráter atendimento,mensal,2025-04,2025.0,Eletivo,38638.97,"38638,97",77,SIH07
Valor serviços profissionais,Caráter atendimento,mensal,2025-04,2025.0,Urgência,326565.04,"326565,04",77,SIH07
Valor serviços profissionais,Caráter atendimento,mensal,2025-04,2025.0,Outros ac trab,2260.92,"2260,92",77,SIH07
Valor serviços profissionais,Caráter atendimento,mensal,2025-04,2025.0,Outras caus ext,,-,77,SIH07
Valor serviços profissionais,Caráter atendimento,mensal,2025-04,2025.0,Total,367464.93,"367464,93",77,SIH07
Valor serviços profissionais,Caráter atendimento,mensal,2025-05,2025.0,Eletivo,22144.9,"22144,90",78,SIH07
Valor serviços profissionais,Caráter atendimento,mensal,2025-05,2025.0,Urgência,411797.55,"411797,55",78,SIH07
Valor serviços profissionais,Caráter atendimento,mensal,2025-05,2025.0,Outros ac trab,2596.87,"2596,87",78,SIH07
Valor serviços profissionais,Caráter atendimento,mensal,2025-05,2025.0,Outras caus ext,854.0,"854,00",78,SIH07
Valor serviços profissionais,Caráter atendimento,mensal,2025-05,2025.0,Total,437393.32,"437393,32",78,SIH07
Valor serviços profissionais,Caráter atendimento,mensal,2025-06,2025.0,Eletivo,215.91,"215,91",79,SIH07
Valor serviços profissionais,Caráter atendimento,mensal,2025-06,2025.0,Urgência,283497.68,"283497,68",79,SIH07
Valor serviços profissionais,Caráter atendimento,mensal,2025-06,2025.0,Outros ac trab,5859.11,"5859,11",79,SIH07
Valor serviços profissionais,Caráter atendimento,mensal,2025-06,2025.0,Outras caus ext,1114.12,"1114,12",79,SIH07
Valor serviços profissionais,Caráter atendimento,mensal,2025-06,2025.0,Total,290686.82,"290686,82",79,SIH07
Valor serviços profissionais,Caráter atendimento,mensal,2025-07,2025.0,Eletivo,,-,80,SIH07
Valor serviços profissionais,Caráter atendimento,mensal,2025-07,2025.0,Urgência,157835.99,"157835,99",80,SIH07
Valor serviços profissionais,Caráter atendimento,mensal,2025-07,2025.0,Outros ac trab,2171.19,"2171,19",80,SIH07
Valor serviços profissionais,Caráter atendimento,mensal,2025-07,2025.0,Outras caus ext,508.64,"508,64",80,SIH07
Valor serviços profissionais,Caráter atendimento,mensal,2025-07,2025.0,Total,160515.82,"160515,82",80,SIH07
Valor serviços profissionais,Caráter atendimento,mensal,2025-08,2025.0,Eletivo,,-,81,SIH07
Valor serviços profissionais,Caráter atendimento,mensal,2025-08,2025.0,Urgência,129782.35,"129782,35",81,SIH07
Valor serviços profissionais,Caráter atendimento,mensal,2025-08,2025.0,Outros ac trab,4196.4,"4196,40",81,SIH07
Valor serviços profissionais,Caráter atendimento,mensal,2025-08,2025.0,Outras caus ext,2208.47,"2208,47",81,SIH07
Valor serviços profissionais,Caráter atendimento,mensal,2025-08,2025.0,Total,136187.22,"136187,22",81,SIH07
Valor serviços profissionais,Caráter atendimento,mensal,2025-09,2025.0,Eletivo,16030.33,"16030,33",82,SIH07
Valor serviços profissionais,Caráter atendimento,mensal,2025-09,2025.0,Urgência,234817.81,"234817,81",82,SIH07
Valor serviços profissionais,Caráter atendimento,mensal,2025-09,2025.0,Outros ac trab,7046.8,"7046,80",82,SIH07
Valor serviços profissionais,Caráter atendimento,mensal,2025-09,2025.0,Outras caus ext,884.32,"884,32",82,SIH07
Valor serviços profissionais,Caráter atendimento,mensal,2025-09,2025.0,Total,258779.26,"258779,26",82,SIH07
Valor serviços profissionais,Caráter atendimento,mensal,2025-10,2025.0,Eletivo,32617.65,"32617,65",83,SIH07
Valor serviços profissionais,Caráter atendimento,mensal,2025-10,2025.0,Urgência,226442.63,"226442,63",83,SIH07
Valor serviços profissionais,Caráter atendimento,mensal,2025-10,2025.0,Outros ac trab,5644.73,"5644,73",83,SIH07
Valor serviços profissionais,Caráter atendimento,mensal,2025-10,2025.0,Outras caus ext,2470.69,"2470,69",83,SIH07
Valor serviços profissionais,Caráter atendimento,mensal,2025-10,2025.0,Total,267175.7,"267175,70",83,SIH07
Valor serviços profissionais,Caráter atendimento,mensal,2025-11,2025.0,Eletivo,32269.13,"32269,13",84,SIH07
Valor serviços profissionais,Caráter atendimento,mensal,2025-11,2025.0,Urgência,204969.02,"204969,02",84,SIH07
Valor serviços profissionais,Caráter atendimento,mensal,2025-11,2025.0,Outros ac trab,10866.84,"10866,84",84,SIH07
Valor serviços profissionais,Caráter atendimento,mensal,2025-11,2025.0,Outras caus ext,1700.95,"1700,95",84,SIH07
Valor serviços profissionais,Caráter atendimento,mensal,2025-11,2025.0,Total,249805.94,"249805,94",84,SIH07
Valor serviços profissionais,Caráter atendimento,mensal,2025-12,2025.0,Eletivo,22390.77,"22390,77",85,SIH07
Valor serviços profissionais,Caráter atendimento,mensal,2025-12,2025.0,Urgência,231313.96,"231313,96",85,SIH07
Valor serviços profissionais,Caráter atendimento,mensal,2025-12,2025.0,Outros ac trab,6157.11,"6157,11",85,SIH07
Valor serviços profissionais,Caráter atendimento,mensal,2025-12,2025.0,Outras caus ext,4288.99,"4288,99",85,SIH07
Valor serviços profissionais,Caráter atendimento,mensal,2025-12,2025.0,Total,264150.83,"264150,83",85,SIH07
Valor serviços profissionais,Caráter atendimento,ano_publicado,,2026.0,Eletivo,104198.34,"104198,34",86,SIH07
Valor serviços profissionais,Caráter atendimento,ano_publicado,,2026.0,Urgência,1679172.83,"1679172,83",86,SIH07
Valor serviços profissionais,Caráter atendimento,ano_publicado,,2026.0,Outros ac trab,52965.84,"52965,84",86,SIH07
Valor serviços profissionais,Caráter atendimento,ano_publicado,,2026.0,Outras caus ext,23309.08,"23309,08",86,SIH07
Valor serviços profissionais,Caráter atendimento,ano_publicado,,2026.0,Total,1859646.09,"1859646,09",86,SIH07
Valor serviços profissionais,Caráter atendimento,mensal,2026-01,2026.0,Eletivo,19981.87,"19981,87",87,SIH07
Valor serviços profissionais,Caráter atendimento,mensal,2026-01,2026.0,Urgência,248686.32,"248686,32",87,SIH07
Valor serviços profissionais,Caráter atendimento,mensal,2026-01,2026.0,Outros ac trab,8231.3,"8231,30",87,SIH07
Valor serviços profissionais,Caráter atendimento,mensal,2026-01,2026.0,Outras caus ext,3941.52,"3941,52",87,SIH07
Valor serviços profissionais,Caráter atendimento,mensal,2026-01,2026.0,Total,280841.01,"280841,01",87,SIH07
Valor serviços profissionais,Caráter atendimento,mensal,2026-02,2026.0,Eletivo,15377.13,"15377,13",88,SIH07
Valor serviços profissionais,Caráter atendimento,mensal,2026-02,2026.0,Urgência,184643.95,"184643,95",88,SIH07
Valor serviços profissionais,Caráter atendimento,mensal,2026-02,2026.0,Outros ac trab,9098.21,"9098,21",88,SIH07
Valor serviços profissionais,Caráter atendimento,mensal,2026-02,2026.0,Outras caus ext,2414.5,"2414,50",88,SIH07
Valor serviços profissionais,Caráter atendimento,mensal,2026-02,2026.0,Total,211533.79,"211533,79",88,SIH07
Valor serviços profissionais,Caráter atendimento,mensal,2026-03,2026.0,Eletivo,14301.46,"14301,46",89,SIH07
Valor serviços profissionais,Caráter atendimento,mensal,2026-03,2026.0,Urgência,239312.78,"239312,78",89,SIH07
Valor serviços profissionais,Caráter atendimento,mensal,2026-03,2026.0,Outros ac trab,5778.0,"5778,00",89,SIH07
Valor serviços profissionais,Caráter atendimento,mensal,2026-03,2026.0,Outras caus ext,6297.46,"6297,46",89,SIH07
Valor serviços profissionais,Caráter atendimento,mensal,2026-03,2026.0,Total,265689.7,"265689,70",89,SIH07
Valor serviços profissionais,Caráter atendimento,mensal,2026-04,2026.0,Eletivo,917.72,"917,72",90,SIH07
Valor serviços profissionais,Caráter atendimento,mensal,2026-04,2026.0,Urgência,244163.86,"244163,86",90,SIH07
Valor serviços profissionais,Caráter atendimento,mensal,2026-04,2026.0,Outros ac trab,7665.87,"7665,87",90,SIH07
Valor serviços profissionais,Caráter atendimento,mensal,2026-04,2026.0,Outras caus ext,2940.6,"2940,60",90,SIH07
Valor serviços profissionais,Caráter atendimento,mensal,2026-04,2026.0,Total,255688.05,"255688,05",90,SIH07
Valor serviços profissionais,Caráter atendimento,mensal,2026-05,2026.0,Eletivo,12097.86,"12097,86",91,SIH07
Valor serviços profissionais,Caráter atendimento,mensal,2026-05,2026.0,Urgência,266086.39,"266086,39",91,SIH07
Valor serviços profissionais,Caráter atendimento,mensal,2026-05,2026.0,Outros ac trab,6622.79,"6622,79",91,SIH07
Valor serviços profissionais,Caráter atendimento,mensal,2026-05,2026.0,Outras caus ext,2223.86,"2223,86",91,SIH07
Valor serviços profissionais,Caráter atendimento,mensal,2026-05,2026.0,Total,287030.9,"287030,90",91,SIH07
Valor serviços profissionais,Caráter atendimento,mensal,2026-06,2026.0,Eletivo,23170.92,"23170,92",92,SIH07
Valor serviços profissionais,Caráter atendimento,mensal,2026-06,2026.0,Urgência,268159.38,"268159,38",92,SIH07
Valor serviços profissionais,Caráter atendimento,mensal,2026-06,2026.0,Outros ac trab,5076.21,"5076,21",92,SIH07
Valor serviços profissionais,Caráter atendimento,mensal,2026-06,2026.0,Outras caus ext,1907.41,"1907,41",92,SIH07
Valor serviços profissionais,Caráter atendimento,mensal,2026-06,2026.0,Total,298313.92,"298313,92",92,SIH07
Valor serviços profissionais,Caráter atendimento,mensal,2026-07,2026.0,Eletivo,18351.38,"18351,38",93,SIH07
Valor serviços profissionais,Caráter atendimento,mensal,2026-07,2026.0,Urgência,228120.15,"228120,15",93,SIH07
Valor serviços profissionais,Caráter atendimento,mensal,2026-07,2026.0,Outros ac trab,10493.46,"10493,46",93,SIH07
Valor serviços profissionais,Caráter atendimento,mensal,2026-07,2026.0,Outras caus ext,3583.73,"3583,73",93,SIH07
Valor serviços profissionais,Caráter atendimento,mensal,2026-07,2026.0,Total,260548.72,"260548,72",93,SIH07
Valor serviços profissionais,Caráter atendimento,total_publicado,,,Eletivo,357392.69,"357392,69",94,SIH07
Valor serviços profissionais,Caráter atendimento,total_publicado,,,Urgência,23669132.33,"23669132,33",94,SIH07
Valor serviços profissionais,Caráter atendimento,total_publicado,,,Outros ac trab,598891.61,"598891,61",94,SIH07
Valor serviços profissionais,Caráter atendimento,total_publicado,,,Outras caus ext,717399.25,"717399,25",94,SIH07
Valor serviços profissionais,Caráter atendimento,total_publicado,,,Total,25342815.88,"25342815,88",94,SIH07
Óbitos,Caráter atendimento,ano_publicado,,2019.0,Eletivo,,-,6,SIH09
Óbitos,Caráter atendimento,ano_publicado,,2019.0,Urgência,14.0,14,6,SIH09
Óbitos,Caráter atendimento,ano_publicado,,2019.0,Outros ac trab,,-,6,SIH09
Óbitos,Caráter atendimento,ano_publicado,,2019.0,Outras caus ext,,-,6,SIH09
Óbitos,Caráter atendimento,ano_publicado,,2019.0,Total,14.0,14,6,SIH09
Óbitos,Caráter atendimento,mensal,2019-12,2019.0,Eletivo,,-,7,SIH09
Óbitos,Caráter atendimento,mensal,2019-12,2019.0,Urgência,14.0,14,7,SIH09
Óbitos,Caráter atendimento,mensal,2019-12,2019.0,Outros ac trab,,-,7,SIH09
Óbitos,Caráter atendimento,mensal,2019-12,2019.0,Outras caus ext,,-,7,SIH09
Óbitos,Caráter atendimento,mensal,2019-12,2019.0,Total,14.0,14,7,SIH09
Óbitos,Caráter atendimento,ano_publicado,,2020.0,Eletivo,,-,8,SIH09
Óbitos,Caráter atendimento,ano_publicado,,2020.0,Urgência,1230.0,1230,8,SIH09
Óbitos,Caráter atendimento,ano_publicado,,2020.0,Outros ac trab,2.0,2,8,SIH09
Óbitos,Caráter atendimento,ano_publicado,,2020.0,Outras caus ext,13.0,13,8,SIH09
Óbitos,Caráter atendimento,ano_publicado,,2020.0,Total,1245.0,1245,8,SIH09
Óbitos,Caráter atendimento,mensal,2020-01,2020.0,Eletivo,,-,9,SIH09
Óbitos,Caráter atendimento,mensal,2020-01,2020.0,Urgência,67.0,67,9,SIH09
Óbitos,Caráter atendimento,mensal,2020-01,2020.0,Outros ac trab,,-,9,SIH09
Óbitos,Caráter atendimento,mensal,2020-01,2020.0,Outras caus ext,4.0,4,9,SIH09
Óbitos,Caráter atendimento,mensal,2020-01,2020.0,Total,71.0,71,9,SIH09
Óbitos,Caráter atendimento,mensal,2020-02,2020.0,Eletivo,,-,10,SIH09
Óbitos,Caráter atendimento,mensal,2020-02,2020.0,Urgência,74.0,74,10,SIH09
Óbitos,Caráter atendimento,mensal,2020-02,2020.0,Outros ac trab,,-,10,SIH09
Óbitos,Caráter atendimento,mensal,2020-02,2020.0,Outras caus ext,1.0,1,10,SIH09
Óbitos,Caráter atendimento,mensal,2020-02,2020.0,Total,75.0,75,10,SIH09
Óbitos,Caráter atendimento,mensal,2020-03,2020.0,Eletivo,,-,11,SIH09
Óbitos,Caráter atendimento,mensal,2020-03,2020.0,Urgência,54.0,54,11,SIH09
Óbitos,Caráter atendimento,mensal,2020-03,2020.0,Outros ac trab,,-,11,SIH09
Óbitos,Caráter atendimento,mensal,2020-03,2020.0,Outras caus ext,1.0,1,11,SIH09
Óbitos,Caráter atendimento,mensal,2020-03,2020.0,Total,55.0,55,11,SIH09
Óbitos,Caráter atendimento,mensal,2020-04,2020.0,Eletivo,,-,12,SIH09
Óbitos,Caráter atendimento,mensal,2020-04,2020.0,Urgência,148.0,148,12,SIH09
Óbitos,Caráter atendimento,mensal,2020-04,2020.0,Outros ac trab,,-,12,SIH09
Óbitos,Caráter atendimento,mensal,2020-04,2020.0,Outras caus ext,,-,12,SIH09
Óbitos,Caráter atendimento,mensal,2020-04,2020.0,Total,148.0,148,12,SIH09
Óbitos,Caráter atendimento,mensal,2020-05,2020.0,Eletivo,,-,13,SIH09
Óbitos,Caráter atendimento,mensal,2020-05,2020.0,Urgência,198.0,198,13,SIH09
Óbitos,Caráter atendimento,mensal,2020-05,2020.0,Outros ac trab,,-,13,SIH09
Óbitos,Caráter atendimento,mensal,2020-05,2020.0,Outras caus ext,,-,13,SIH09
Óbitos,Caráter atendimento,mensal,2020-05,2020.0,Total,198.0,198,13,SIH09
Óbitos,Caráter atendimento,mensal,2020-06,2020.0,Eletivo,,-,14,SIH09
Óbitos,Caráter atendimento,mensal,2020-06,2020.0,Urgência,122.0,122,14,SIH09
Óbitos,Caráter atendimento,mensal,2020-06,2020.0,Outros ac trab,,-,14,SIH09
Óbitos,Caráter atendimento,mensal,2020-06,2020.0,Outras caus ext,1.0,1,14,SIH09
Óbitos,Caráter atendimento,mensal,2020-06,2020.0,Total,123.0,123,14,SIH09
Óbitos,Caráter atendimento,mensal,2020-07,2020.0,Eletivo,,-,15,SIH09
Óbitos,Caráter atendimento,mensal,2020-07,2020.0,Urgência,95.0,95,15,SIH09
Óbitos,Caráter atendimento,mensal,2020-07,2020.0,Outros ac trab,,-,15,SIH09
Óbitos,Caráter atendimento,mensal,2020-07,2020.0,Outras caus ext,1.0,1,15,SIH09
Óbitos,Caráter atendimento,mensal,2020-07,2020.0,Total,96.0,96,15,SIH09
Óbitos,Caráter atendimento,mensal,2020-08,2020.0,Eletivo,,-,16,SIH09
Óbitos,Caráter atendimento,mensal,2020-08,2020.0,Urgência,68.0,68,16,SIH09
Óbitos,Caráter atendimento,mensal,2020-08,2020.0,Outros ac trab,,-,16,SIH09
Óbitos,Caráter atendimento,mensal,2020-08,2020.0,Outras caus ext,2.0,2,16,SIH09
Óbitos,Caráter atendimento,mensal,2020-08,2020.0,Total,70.0,70,16,SIH09
Óbitos,Caráter atendimento,mensal,2020-09,2020.0,Eletivo,,-,17,SIH09
Óbitos,Caráter atendimento,mensal,2020-09,2020.0,Urgência,82.0,82,17,SIH09
Óbitos,Caráter atendimento,mensal,2020-09,2020.0,Outros ac trab,2.0,2,17,SIH09
Óbitos,Caráter atendimento,mensal,2020-09,2020.0,Outras caus ext,2.0,2,17,SIH09
Óbitos,Caráter atendimento,mensal,2020-09,2020.0,Total,86.0,86,17,SIH09
Óbitos,Caráter atendimento,mensal,2020-10,2020.0,Eletivo,,-,18,SIH09
Óbitos,Caráter atendimento,mensal,2020-10,2020.0,Urgência,112.0,112,18,SIH09
Óbitos,Caráter atendimento,mensal,2020-10,2020.0,Outros ac trab,,-,18,SIH09
Óbitos,Caráter atendimento,mensal,2020-10,2020.0,Outras caus ext,,-,18,SIH09
Óbitos,Caráter atendimento,mensal,2020-10,2020.0,Total,112.0,112,18,SIH09
Óbitos,Caráter atendimento,mensal,2020-11,2020.0,Eletivo,,-,19,SIH09
Óbitos,Caráter atendimento,mensal,2020-11,2020.0,Urgência,96.0,96,19,SIH09
Óbitos,Caráter atendimento,mensal,2020-11,2020.0,Outros ac trab,,-,19,SIH09
Óbitos,Caráter atendimento,mensal,2020-11,2020.0,Outras caus ext,,-,19,SIH09
Óbitos,Caráter atendimento,mensal,2020-11,2020.0,Total,96.0,96,19,SIH09
Óbitos,Caráter atendimento,mensal,2020-12,2020.0,Eletivo,,-,20,SIH09
Óbitos,Caráter atendimento,mensal,2020-12,2020.0,Urgência,114.0,114,20,SIH09
Óbitos,Caráter atendimento,mensal,2020-12,2020.0,Outros ac trab,,-,20,SIH09
Óbitos,Caráter atendimento,mensal,2020-12,2020.0,Outras caus ext,1.0,1,20,SIH09
Óbitos,Caráter atendimento,mensal,2020-12,2020.0,Total,115.0,115,20,SIH09
Óbitos,Caráter atendimento,ano_publicado,,2021.0,Eletivo,,-,21,SIH09
Óbitos,Caráter atendimento,ano_publicado,,2021.0,Urgência,1042.0,1042,21,SIH09
Óbitos,Caráter atendimento,ano_publicado,,2021.0,Outros ac trab,2.0,2,21,SIH09
Óbitos,Caráter atendimento,ano_publicado,,2021.0,Outras caus ext,7.0,7,21,SIH09
Óbitos,Caráter atendimento,ano_publicado,,2021.0,Total,1051.0,1051,21,SIH09
Óbitos,Caráter atendimento,mensal,2021-01,2021.0,Eletivo,,-,22,SIH09
Óbitos,Caráter atendimento,mensal,2021-01,2021.0,Urgência,122.0,122,22,SIH09
Óbitos,Caráter atendimento,mensal,2021-01,2021.0,Outros ac trab,1.0,1,22,SIH09
Óbitos,Caráter atendimento,mensal,2021-01,2021.0,Outras caus ext,2.0,2,22,SIH09
Óbitos,Caráter atendimento,mensal,2021-01,2021.0,Total,125.0,125,22,SIH09
Óbitos,Caráter atendimento,mensal,2021-02,2021.0,Eletivo,,-,23,SIH09
Óbitos,Caráter atendimento,mensal,2021-02,2021.0,Urgência,90.0,90,23,SIH09
Óbitos,Caráter atendimento,mensal,2021-02,2021.0,Outros ac trab,,-,23,SIH09
Óbitos,Caráter atendimento,mensal,2021-02,2021.0,Outras caus ext,,-,23,SIH09
Óbitos,Caráter atendimento,mensal,2021-02,2021.0,Total,90.0,90,23,SIH09
Óbitos,Caráter atendimento,mensal,2021-03,2021.0,Eletivo,,-,24,SIH09
Óbitos,Caráter atendimento,mensal,2021-03,2021.0,Urgência,111.0,111,24,SIH09
Óbitos,Caráter atendimento,mensal,2021-03,2021.0,Outros ac trab,,-,24,SIH09
Óbitos,Caráter atendimento,mensal,2021-03,2021.0,Outras caus ext,,-,24,SIH09
Óbitos,Caráter atendimento,mensal,2021-03,2021.0,Total,111.0,111,24,SIH09
Óbitos,Caráter atendimento,mensal,2021-04,2021.0,Eletivo,,-,25,SIH09
Óbitos,Caráter atendimento,mensal,2021-04,2021.0,Urgência,111.0,111,25,SIH09
Óbitos,Caráter atendimento,mensal,2021-04,2021.0,Outros ac trab,1.0,1,25,SIH09
Óbitos,Caráter atendimento,mensal,2021-04,2021.0,Outras caus ext,,-,25,SIH09
Óbitos,Caráter atendimento,mensal,2021-04,2021.0,Total,112.0,112,25,SIH09
Óbitos,Caráter atendimento,mensal,2021-05,2021.0,Eletivo,,-,26,SIH09
Óbitos,Caráter atendimento,mensal,2021-05,2021.0,Urgência,97.0,97,26,SIH09
Óbitos,Caráter atendimento,mensal,2021-05,2021.0,Outros ac trab,,-,26,SIH09
Óbitos,Caráter atendimento,mensal,2021-05,2021.0,Outras caus ext,2.0,2,26,SIH09
Óbitos,Caráter atendimento,mensal,2021-05,2021.0,Total,99.0,99,26,SIH09
Óbitos,Caráter atendimento,mensal,2021-06,2021.0,Eletivo,,-,27,SIH09
Óbitos,Caráter atendimento,mensal,2021-06,2021.0,Urgência,100.0,100,27,SIH09
Óbitos,Caráter atendimento,mensal,2021-06,2021.0,Outros ac trab,,-,27,SIH09
Óbitos,Caráter atendimento,mensal,2021-06,2021.0,Outras caus ext,,-,27,SIH09
Óbitos,Caráter atendimento,mensal,2021-06,2021.0,Total,100.0,100,27,SIH09
Óbitos,Caráter atendimento,mensal,2021-07,2021.0,Eletivo,,-,28,SIH09
Óbitos,Caráter atendimento,mensal,2021-07,2021.0,Urgência,79.0,79,28,SIH09
Óbitos,Caráter atendimento,mensal,2021-07,2021.0,Outros ac trab,,-,28,SIH09
Óbitos,Caráter atendimento,mensal,2021-07,2021.0,Outras caus ext,,-,28,SIH09
Óbitos,Caráter atendimento,mensal,2021-07,2021.0,Total,79.0,79,28,SIH09
Óbitos,Caráter atendimento,mensal,2021-08,2021.0,Eletivo,,-,29,SIH09
Óbitos,Caráter atendimento,mensal,2021-08,2021.0,Urgência,72.0,72,29,SIH09
Óbitos,Caráter atendimento,mensal,2021-08,2021.0,Outros ac trab,,-,29,SIH09
Óbitos,Caráter atendimento,mensal,2021-08,2021.0,Outras caus ext,2.0,2,29,SIH09
Óbitos,Caráter atendimento,mensal,2021-08,2021.0,Total,74.0,74,29,SIH09
Óbitos,Caráter atendimento,mensal,2021-09,2021.0,Eletivo,,-,30,SIH09
Óbitos,Caráter atendimento,mensal,2021-09,2021.0,Urgência,72.0,72,30,SIH09
Óbitos,Caráter atendimento,mensal,2021-09,2021.0,Outros ac trab,,-,30,SIH09
Óbitos,Caráter atendimento,mensal,2021-09,2021.0,Outras caus ext,,-,30,SIH09
Óbitos,Caráter atendimento,mensal,2021-09,2021.0,Total,72.0,72,30,SIH09
Óbitos,Caráter atendimento,mensal,2021-10,2021.0,Eletivo,,-,31,SIH09
Óbitos,Caráter atendimento,mensal,2021-10,2021.0,Urgência,52.0,52,31,SIH09
Óbitos,Caráter atendimento,mensal,2021-10,2021.0,Outros ac trab,,-,31,SIH09
Óbitos,Caráter atendimento,mensal,2021-10,2021.0,Outras caus ext,,-,31,SIH09
Óbitos,Caráter atendimento,mensal,2021-10,2021.0,Total,52.0,52,31,SIH09
Óbitos,Caráter atendimento,mensal,2021-11,2021.0,Eletivo,,-,32,SIH09
Óbitos,Caráter atendimento,mensal,2021-11,2021.0,Urgência,58.0,58,32,SIH09
Óbitos,Caráter atendimento,mensal,2021-11,2021.0,Outros ac trab,,-,32,SIH09
Óbitos,Caráter atendimento,mensal,2021-11,2021.0,Outras caus ext,,-,32,SIH09
Óbitos,Caráter atendimento,mensal,2021-11,2021.0,Total,58.0,58,32,SIH09
Óbitos,Caráter atendimento,mensal,2021-12,2021.0,Eletivo,,-,33,SIH09
Óbitos,Caráter atendimento,mensal,2021-12,2021.0,Urgência,78.0,78,33,SIH09
Óbitos,Caráter atendimento,mensal,2021-12,2021.0,Outros ac trab,,-,33,SIH09
Óbitos,Caráter atendimento,mensal,2021-12,2021.0,Outras caus ext,1.0,1,33,SIH09
Óbitos,Caráter atendimento,mensal,2021-12,2021.0,Total,79.0,79,33,SIH09
Óbitos,Caráter atendimento,ano_publicado,,2022.0,Eletivo,2.0,2,34,SIH09
Óbitos,Caráter atendimento,ano_publicado,,2022.0,Urgência,694.0,694,34,SIH09
Óbitos,Caráter atendimento,ano_publicado,,2022.0,Outros ac trab,,-,34,SIH09
Óbitos,Caráter atendimento,ano_publicado,,2022.0,Outras caus ext,2.0,2,34,SIH09
Óbitos,Caráter atendimento,ano_publicado,,2022.0,Total,698.0,698,34,SIH09
Óbitos,Caráter atendimento,mensal,2022-01,2022.0,Eletivo,,-,35,SIH09
Óbitos,Caráter atendimento,mensal,2022-01,2022.0,Urgência,73.0,73,35,SIH09
Óbitos,Caráter atendimento,mensal,2022-01,2022.0,Outros ac trab,,-,35,SIH09
Óbitos,Caráter atendimento,mensal,2022-01,2022.0,Outras caus ext,,-,35,SIH09
Óbitos,Caráter atendimento,mensal,2022-01,2022.0,Total,73.0,73,35,SIH09
Óbitos,Caráter atendimento,mensal,2022-02,2022.0,Eletivo,,-,36,SIH09
Óbitos,Caráter atendimento,mensal,2022-02,2022.0,Urgência,50.0,50,36,SIH09
Óbitos,Caráter atendimento,mensal,2022-02,2022.0,Outros ac trab,,-,36,SIH09
Óbitos,Caráter atendimento,mensal,2022-02,2022.0,Outras caus ext,,-,36,SIH09
Óbitos,Caráter atendimento,mensal,2022-02,2022.0,Total,50.0,50,36,SIH09
Óbitos,Caráter atendimento,mensal,2022-03,2022.0,Eletivo,,-,37,SIH09
Óbitos,Caráter atendimento,mensal,2022-03,2022.0,Urgência,42.0,42,37,SIH09
Óbitos,Caráter atendimento,mensal,2022-03,2022.0,Outros ac trab,,-,37,SIH09
Óbitos,Caráter atendimento,mensal,2022-03,2022.0,Outras caus ext,,-,37,SIH09
Óbitos,Caráter atendimento,mensal,2022-03,2022.0,Total,42.0,42,37,SIH09
Óbitos,Caráter atendimento,mensal,2022-04,2022.0,Eletivo,,-,38,SIH09
Óbitos,Caráter atendimento,mensal,2022-04,2022.0,Urgência,63.0,63,38,SIH09
Óbitos,Caráter atendimento,mensal,2022-04,2022.0,Outros ac trab,,-,38,SIH09
Óbitos,Caráter atendimento,mensal,2022-04,2022.0,Outras caus ext,,-,38,SIH09
Óbitos,Caráter atendimento,mensal,2022-04,2022.0,Total,63.0,63,38,SIH09
Óbitos,Caráter atendimento,mensal,2022-05,2022.0,Eletivo,1.0,1,39,SIH09
Óbitos,Caráter atendimento,mensal,2022-05,2022.0,Urgência,58.0,58,39,SIH09
Óbitos,Caráter atendimento,mensal,2022-05,2022.0,Outros ac trab,,-,39,SIH09
Óbitos,Caráter atendimento,mensal,2022-05,2022.0,Outras caus ext,,-,39,SIH09
Óbitos,Caráter atendimento,mensal,2022-05,2022.0,Total,59.0,59,39,SIH09
Óbitos,Caráter atendimento,mensal,2022-06,2022.0,Eletivo,1.0,1,40,SIH09
Óbitos,Caráter atendimento,mensal,2022-06,2022.0,Urgência,55.0,55,40,SIH09
Óbitos,Caráter atendimento,mensal,2022-06,2022.0,Outros ac trab,,-,40,SIH09
Óbitos,Caráter atendimento,mensal,2022-06,2022.0,Outras caus ext,,-,40,SIH09
Óbitos,Caráter atendimento,mensal,2022-06,2022.0,Total,56.0,56,40,SIH09
Óbitos,Caráter atendimento,mensal,2022-07,2022.0,Eletivo,,-,41,SIH09
Óbitos,Caráter atendimento,mensal,2022-07,2022.0,Urgência,87.0,87,41,SIH09
Óbitos,Caráter atendimento,mensal,2022-07,2022.0,Outros ac trab,,-,41,SIH09
Óbitos,Caráter atendimento,mensal,2022-07,2022.0,Outras caus ext,1.0,1,41,SIH09
Óbitos,Caráter atendimento,mensal,2022-07,2022.0,Total,88.0,88,41,SIH09
Óbitos,Caráter atendimento,mensal,2022-08,2022.0,Eletivo,,-,42,SIH09
Óbitos,Caráter atendimento,mensal,2022-08,2022.0,Urgência,71.0,71,42,SIH09
Óbitos,Caráter atendimento,mensal,2022-08,2022.0,Outros ac trab,,-,42,SIH09
Óbitos,Caráter atendimento,mensal,2022-08,2022.0,Outras caus ext,1.0,1,42,SIH09
Óbitos,Caráter atendimento,mensal,2022-08,2022.0,Total,72.0,72,42,SIH09
Óbitos,Caráter atendimento,mensal,2022-09,2022.0,Eletivo,,-,43,SIH09
Óbitos,Caráter atendimento,mensal,2022-09,2022.0,Urgência,55.0,55,43,SIH09
Óbitos,Caráter atendimento,mensal,2022-09,2022.0,Outros ac trab,,-,43,SIH09
Óbitos,Caráter atendimento,mensal,2022-09,2022.0,Outras caus ext,,-,43,SIH09
Óbitos,Caráter atendimento,mensal,2022-09,2022.0,Total,55.0,55,43,SIH09
Óbitos,Caráter atendimento,mensal,2022-10,2022.0,Eletivo,,-,44,SIH09
Óbitos,Caráter atendimento,mensal,2022-10,2022.0,Urgência,50.0,50,44,SIH09
Óbitos,Caráter atendimento,mensal,2022-10,2022.0,Outros ac trab,,-,44,SIH09
Óbitos,Caráter atendimento,mensal,2022-10,2022.0,Outras caus ext,,-,44,SIH09
Óbitos,Caráter atendimento,mensal,2022-10,2022.0,Total,50.0,50,44,SIH09
Óbitos,Caráter atendimento,mensal,2022-11,2022.0,Eletivo,,-,45,SIH09
Óbitos,Caráter atendimento,mensal,2022-11,2022.0,Urgência,47.0,47,45,SIH09
Óbitos,Caráter atendimento,mensal,2022-11,2022.0,Outros ac trab,,-,45,SIH09
Óbitos,Caráter atendimento,mensal,2022-11,2022.0,Outras caus ext,,-,45,SIH09
Óbitos,Caráter atendimento,mensal,2022-11,2022.0,Total,47.0,47,45,SIH09
Óbitos,Caráter atendimento,mensal,2022-12,2022.0,Eletivo,,-,46,SIH09
Óbitos,Caráter atendimento,mensal,2022-12,2022.0,Urgência,43.0,43,46,SIH09
Óbitos,Caráter atendimento,mensal,2022-12,2022.0,Outros ac trab,,-,46,SIH09
Óbitos,Caráter atendimento,mensal,2022-12,2022.0,Outras caus ext,,-,46,SIH09
Óbitos,Caráter atendimento,mensal,2022-12,2022.0,Total,43.0,43,46,SIH09
Óbitos,Caráter atendimento,ano_publicado,,2023.0,Eletivo,,-,47,SIH09
Óbitos,Caráter atendimento,ano_publicado,,2023.0,Urgência,588.0,588,47,SIH09
Óbitos,Caráter atendimento,ano_publicado,,2023.0,Outros ac trab,1.0,1,47,SIH09
Óbitos,Caráter atendimento,ano_publicado,,2023.0,Outras caus ext,4.0,4,47,SIH09
Óbitos,Caráter atendimento,ano_publicado,,2023.0,Total,593.0,593,47,SIH09
Óbitos,Caráter atendimento,mensal,2023-01,2023.0,Eletivo,,-,48,SIH09
Óbitos,Caráter atendimento,mensal,2023-01,2023.0,Urgência,51.0,51,48,SIH09
Óbitos,Caráter atendimento,mensal,2023-01,2023.0,Outros ac trab,,-,48,SIH09
Óbitos,Caráter atendimento,mensal,2023-01,2023.0,Outras caus ext,1.0,1,48,SIH09
Óbitos,Caráter atendimento,mensal,2023-01,2023.0,Total,52.0,52,48,SIH09
Óbitos,Caráter atendimento,mensal,2023-02,2023.0,Eletivo,,-,49,SIH09
Óbitos,Caráter atendimento,mensal,2023-02,2023.0,Urgência,55.0,55,49,SIH09
Óbitos,Caráter atendimento,mensal,2023-02,2023.0,Outros ac trab,,-,49,SIH09
Óbitos,Caráter atendimento,mensal,2023-02,2023.0,Outras caus ext,,-,49,SIH09
Óbitos,Caráter atendimento,mensal,2023-02,2023.0,Total,55.0,55,49,SIH09
Óbitos,Caráter atendimento,mensal,2023-03,2023.0,Eletivo,,-,50,SIH09
Óbitos,Caráter atendimento,mensal,2023-03,2023.0,Urgência,63.0,63,50,SIH09
Óbitos,Caráter atendimento,mensal,2023-03,2023.0,Outros ac trab,,-,50,SIH09
Óbitos,Caráter atendimento,mensal,2023-03,2023.0,Outras caus ext,,-,50,SIH09
Óbitos,Caráter atendimento,mensal,2023-03,2023.0,Total,63.0,63,50,SIH09
Óbitos,Caráter atendimento,mensal,2023-04,2023.0,Eletivo,,-,51,SIH09
Óbitos,Caráter atendimento,mensal,2023-04,2023.0,Urgência,46.0,46,51,SIH09
Óbitos,Caráter atendimento,mensal,2023-04,2023.0,Outros ac trab,,-,51,SIH09
Óbitos,Caráter atendimento,mensal,2023-04,2023.0,Outras caus ext,,-,51,SIH09
Óbitos,Caráter atendimento,mensal,2023-04,2023.0,Total,46.0,46,51,SIH09
Óbitos,Caráter atendimento,mensal,2023-05,2023.0,Eletivo,,-,52,SIH09
Óbitos,Caráter atendimento,mensal,2023-05,2023.0,Urgência,39.0,39,52,SIH09
Óbitos,Caráter atendimento,mensal,2023-05,2023.0,Outros ac trab,,-,52,SIH09
Óbitos,Caráter atendimento,mensal,2023-05,2023.0,Outras caus ext,,-,52,SIH09
Óbitos,Caráter atendimento,mensal,2023-05,2023.0,Total,39.0,39,52,SIH09
Óbitos,Caráter atendimento,mensal,2023-06,2023.0,Eletivo,,-,53,SIH09
Óbitos,Caráter atendimento,mensal,2023-06,2023.0,Urgência,48.0,48,53,SIH09
Óbitos,Caráter atendimento,mensal,2023-06,2023.0,Outros ac trab,,-,53,SIH09
Óbitos,Caráter atendimento,mensal,2023-06,2023.0,Outras caus ext,1.0,1,53,SIH09
Óbitos,Caráter atendimento,mensal,2023-06,2023.0,Total,49.0,49,53,SIH09
Óbitos,Caráter atendimento,mensal,2023-07,2023.0,Eletivo,,-,54,SIH09
Óbitos,Caráter atendimento,mensal,2023-07,2023.0,Urgência,50.0,50,54,SIH09
Óbitos,Caráter atendimento,mensal,2023-07,2023.0,Outros ac trab,,-,54,SIH09
Óbitos,Caráter atendimento,mensal,2023-07,2023.0,Outras caus ext,,-,54,SIH09
Óbitos,Caráter atendimento,mensal,2023-07,2023.0,Total,50.0,50,54,SIH09
Óbitos,Caráter atendimento,mensal,2023-08,2023.0,Eletivo,,-,55,SIH09
Óbitos,Caráter atendimento,mensal,2023-08,2023.0,Urgência,66.0,66,55,SIH09
Óbitos,Caráter atendimento,mensal,2023-08,2023.0,Outros ac trab,,-,55,SIH09
Óbitos,Caráter atendimento,mensal,2023-08,2023.0,Outras caus ext,1.0,1,55,SIH09
Óbitos,Caráter atendimento,mensal,2023-08,2023.0,Total,67.0,67,55,SIH09
Óbitos,Caráter atendimento,mensal,2023-09,2023.0,Eletivo,,-,56,SIH09
Óbitos,Caráter atendimento,mensal,2023-09,2023.0,Urgência,38.0,38,56,SIH09
Óbitos,Caráter atendimento,mensal,2023-09,2023.0,Outros ac trab,,-,56,SIH09
Óbitos,Caráter atendimento,mensal,2023-09,2023.0,Outras caus ext,,-,56,SIH09
Óbitos,Caráter atendimento,mensal,2023-09,2023.0,Total,38.0,38,56,SIH09
Óbitos,Caráter atendimento,mensal,2023-10,2023.0,Eletivo,,-,57,SIH09
Óbitos,Caráter atendimento,mensal,2023-10,2023.0,Urgência,46.0,46,57,SIH09
Óbitos,Caráter atendimento,mensal,2023-10,2023.0,Outros ac trab,,-,57,SIH09
Óbitos,Caráter atendimento,mensal,2023-10,2023.0,Outras caus ext,1.0,1,57,SIH09
Óbitos,Caráter atendimento,mensal,2023-10,2023.0,Total,47.0,47,57,SIH09
Óbitos,Caráter atendimento,mensal,2023-11,2023.0,Eletivo,,-,58,SIH09
Óbitos,Caráter atendimento,mensal,2023-11,2023.0,Urgência,51.0,51,58,SIH09
Óbitos,Caráter atendimento,mensal,2023-11,2023.0,Outros ac trab,1.0,1,58,SIH09
Óbitos,Caráter atendimento,mensal,2023-11,2023.0,Outras caus ext,,-,58,SIH09
Óbitos,Caráter atendimento,mensal,2023-11,2023.0,Total,52.0,52,58,SIH09
Óbitos,Caráter atendimento,mensal,2023-12,2023.0,Eletivo,,-,59,SIH09
Óbitos,Caráter atendimento,mensal,2023-12,2023.0,Urgência,35.0,35,59,SIH09
Óbitos,Caráter atendimento,mensal,2023-12,2023.0,Outros ac trab,,-,59,SIH09
Óbitos,Caráter atendimento,mensal,2023-12,2023.0,Outras caus ext,,-,59,SIH09
Óbitos,Caráter atendimento,mensal,2023-12,2023.0,Total,35.0,35,59,SIH09
Óbitos,Caráter atendimento,ano_publicado,,2024.0,Eletivo,,-,60,SIH09
Óbitos,Caráter atendimento,ano_publicado,,2024.0,Urgência,573.0,573,60,SIH09
Óbitos,Caráter atendimento,ano_publicado,,2024.0,Outros ac trab,1.0,1,60,SIH09
Óbitos,Caráter atendimento,ano_publicado,,2024.0,Outras caus ext,5.0,5,60,SIH09
Óbitos,Caráter atendimento,ano_publicado,,2024.0,Total,579.0,579,60,SIH09
Óbitos,Caráter atendimento,mensal,2024-01,2024.0,Eletivo,,-,61,SIH09
Óbitos,Caráter atendimento,mensal,2024-01,2024.0,Urgência,44.0,44,61,SIH09
Óbitos,Caráter atendimento,mensal,2024-01,2024.0,Outros ac trab,,-,61,SIH09
Óbitos,Caráter atendimento,mensal,2024-01,2024.0,Outras caus ext,1.0,1,61,SIH09
Óbitos,Caráter atendimento,mensal,2024-01,2024.0,Total,45.0,45,61,SIH09
Óbitos,Caráter atendimento,mensal,2024-02,2024.0,Eletivo,,-,62,SIH09
Óbitos,Caráter atendimento,mensal,2024-02,2024.0,Urgência,46.0,46,62,SIH09
Óbitos,Caráter atendimento,mensal,2024-02,2024.0,Outros ac trab,,-,62,SIH09
Óbitos,Caráter atendimento,mensal,2024-02,2024.0,Outras caus ext,1.0,1,62,SIH09
Óbitos,Caráter atendimento,mensal,2024-02,2024.0,Total,47.0,47,62,SIH09
Óbitos,Caráter atendimento,mensal,2024-03,2024.0,Eletivo,,-,63,SIH09
Óbitos,Caráter atendimento,mensal,2024-03,2024.0,Urgência,54.0,54,63,SIH09
Óbitos,Caráter atendimento,mensal,2024-03,2024.0,Outros ac trab,,-,63,SIH09
Óbitos,Caráter atendimento,mensal,2024-03,2024.0,Outras caus ext,,-,63,SIH09
Óbitos,Caráter atendimento,mensal,2024-03,2024.0,Total,54.0,54,63,SIH09
Óbitos,Caráter atendimento,mensal,2024-04,2024.0,Eletivo,,-,64,SIH09
Óbitos,Caráter atendimento,mensal,2024-04,2024.0,Urgência,47.0,47,64,SIH09
Óbitos,Caráter atendimento,mensal,2024-04,2024.0,Outros ac trab,,-,64,SIH09
Óbitos,Caráter atendimento,mensal,2024-04,2024.0,Outras caus ext,,-,64,SIH09
Óbitos,Caráter atendimento,mensal,2024-04,2024.0,Total,47.0,47,64,SIH09
Óbitos,Caráter atendimento,mensal,2024-05,2024.0,Eletivo,,-,65,SIH09
Óbitos,Caráter atendimento,mensal,2024-05,2024.0,Urgência,52.0,52,65,SIH09
Óbitos,Caráter atendimento,mensal,2024-05,2024.0,Outros ac trab,,-,65,SIH09
Óbitos,Caráter atendimento,mensal,2024-05,2024.0,Outras caus ext,,-,65,SIH09
Óbitos,Caráter atendimento,mensal,2024-05,2024.0,Total,52.0,52,65,SIH09
Óbitos,Caráter atendimento,mensal,2024-06,2024.0,Eletivo,,-,66,SIH09
Óbitos,Caráter atendimento,mensal,2024-06,2024.0,Urgência,41.0,41,66,SIH09
Óbitos,Caráter atendimento,mensal,2024-06,2024.0,Outros ac trab,,-,66,SIH09
Óbitos,Caráter atendimento,mensal,2024-06,2024.0,Outras caus ext,2.0,2,66,SIH09
Óbitos,Caráter atendimento,mensal,2024-06,2024.0,Total,43.0,43,66,SIH09
Óbitos,Caráter atendimento,mensal,2024-07,2024.0,Eletivo,,-,67,SIH09
Óbitos,Caráter atendimento,mensal,2024-07,2024.0,Urgência,46.0,46,67,SIH09
Óbitos,Caráter atendimento,mensal,2024-07,2024.0,Outros ac trab,1.0,1,67,SIH09
Óbitos,Caráter atendimento,mensal,2024-07,2024.0,Outras caus ext,1.0,1,67,SIH09
Óbitos,Caráter atendimento,mensal,2024-07,2024.0,Total,48.0,48,67,SIH09
Óbitos,Caráter atendimento,mensal,2024-08,2024.0,Eletivo,,-,68,SIH09
Óbitos,Caráter atendimento,mensal,2024-08,2024.0,Urgência,55.0,55,68,SIH09
Óbitos,Caráter atendimento,mensal,2024-08,2024.0,Outros ac trab,,-,68,SIH09
Óbitos,Caráter atendimento,mensal,2024-08,2024.0,Outras caus ext,,-,68,SIH09
Óbitos,Caráter atendimento,mensal,2024-08,2024.0,Total,55.0,55,68,SIH09
Óbitos,Caráter atendimento,mensal,2024-09,2024.0,Eletivo,,-,69,SIH09
Óbitos,Caráter atendimento,mensal,2024-09,2024.0,Urgência,46.0,46,69,SIH09
Óbitos,Caráter atendimento,mensal,2024-09,2024.0,Outros ac trab,,-,69,SIH09
Óbitos,Caráter atendimento,mensal,2024-09,2024.0,Outras caus ext,,-,69,SIH09
Óbitos,Caráter atendimento,mensal,2024-09,2024.0,Total,46.0,46,69,SIH09
Óbitos,Caráter atendimento,mensal,2024-10,2024.0,Eletivo,,-,70,SIH09
Óbitos,Caráter atendimento,mensal,2024-10,2024.0,Urgência,55.0,55,70,SIH09
Óbitos,Caráter atendimento,mensal,2024-10,2024.0,Outros ac trab,,-,70,SIH09
Óbitos,Caráter atendimento,mensal,2024-10,2024.0,Outras caus ext,,-,70,SIH09
Óbitos,Caráter atendimento,mensal,2024-10,2024.0,Total,55.0,55,70,SIH09
Óbitos,Caráter atendimento,mensal,2024-11,2024.0,Eletivo,,-,71,SIH09
Óbitos,Caráter atendimento,mensal,2024-11,2024.0,Urgência,35.0,35,71,SIH09
Óbitos,Caráter atendimento,mensal,2024-11,2024.0,Outros ac trab,,-,71,SIH09
Óbitos,Caráter atendimento,mensal,2024-11,2024.0,Outras caus ext,,-,71,SIH09
Óbitos,Caráter atendimento,mensal,2024-11,2024.0,Total,35.0,35,71,SIH09
Óbitos,Caráter atendimento,mensal,2024-12,2024.0,Eletivo,,-,72,SIH09
Óbitos,Caráter atendimento,mensal,2024-12,2024.0,Urgência,52.0,52,72,SIH09
Óbitos,Caráter atendimento,mensal,2024-12,2024.0,Outros ac trab,,-,72,SIH09
Óbitos,Caráter atendimento,mensal,2024-12,2024.0,Outras caus ext,,-,72,SIH09
Óbitos,Caráter atendimento,mensal,2024-12,2024.0,Total,52.0,52,72,SIH09
Óbitos,Caráter atendimento,ano_publicado,,2025.0,Eletivo,1.0,1,73,SIH09
Óbitos,Caráter atendimento,ano_publicado,,2025.0,Urgência,542.0,542,73,SIH09
Óbitos,Caráter atendimento,ano_publicado,,2025.0,Outros ac trab,1.0,1,73,SIH09
Óbitos,Caráter atendimento,ano_publicado,,2025.0,Outras caus ext,1.0,1,73,SIH09
Óbitos,Caráter atendimento,ano_publicado,,2025.0,Total,545.0,545,73,SIH09
Óbitos,Caráter atendimento,mensal,2025-01,2025.0,Eletivo,,-,74,SIH09
Óbitos,Caráter atendimento,mensal,2025-01,2025.0,Urgência,38.0,38,74,SIH09
Óbitos,Caráter atendimento,mensal,2025-01,2025.0,Outros ac trab,,-,74,SIH09
Óbitos,Caráter atendimento,mensal,2025-01,2025.0,Outras caus ext,,-,74,SIH09
Óbitos,Caráter atendimento,mensal,2025-01,2025.0,Total,38.0,38,74,SIH09
Óbitos,Caráter atendimento,mensal,2025-02,2025.0,Eletivo,,-,75,SIH09
Óbitos,Caráter atendimento,mensal,2025-02,2025.0,Urgência,47.0,47,75,SIH09
Óbitos,Caráter atendimento,mensal,2025-02,2025.0,Outros ac trab,,-,75,SIH09
Óbitos,Caráter atendimento,mensal,2025-02,2025.0,Outras caus ext,,-,75,SIH09
Óbitos,Caráter atendimento,mensal,2025-02,2025.0,Total,47.0,47,75,SIH09
Óbitos,Caráter atendimento,mensal,2025-03,2025.0,Eletivo,,-,76,SIH09
Óbitos,Caráter atendimento,mensal,2025-03,2025.0,Urgência,50.0,50,76,SIH09
Óbitos,Caráter atendimento,mensal,2025-03,2025.0,Outros ac trab,,-,76,SIH09
Óbitos,Caráter atendimento,mensal,2025-03,2025.0,Outras caus ext,,-,76,SIH09
Óbitos,Caráter atendimento,mensal,2025-03,2025.0,Total,50.0,50,76,SIH09
Óbitos,Caráter atendimento,mensal,2025-04,2025.0,Eletivo,,-,77,SIH09
Óbitos,Caráter atendimento,mensal,2025-04,2025.0,Urgência,48.0,48,77,SIH09
Óbitos,Caráter atendimento,mensal,2025-04,2025.0,Outros ac trab,,-,77,SIH09
Óbitos,Caráter atendimento,mensal,2025-04,2025.0,Outras caus ext,,-,77,SIH09
Óbitos,Caráter atendimento,mensal,2025-04,2025.0,Total,48.0,48,77,SIH09
Óbitos,Caráter atendimento,mensal,2025-05,2025.0,Eletivo,,-,78,SIH09
Óbitos,Caráter atendimento,mensal,2025-05,2025.0,Urgência,51.0,51,78,SIH09
Óbitos,Caráter atendimento,mensal,2025-05,2025.0,Outros ac trab,,-,78,SIH09
Óbitos,Caráter atendimento,mensal,2025-05,2025.0,Outras caus ext,,-,78,SIH09
Óbitos,Caráter atendimento,mensal,2025-05,2025.0,Total,51.0,51,78,SIH09
Óbitos,Caráter atendimento,mensal,2025-06,2025.0,Eletivo,1.0,1,79,SIH09
Óbitos,Caráter atendimento,mensal,2025-06,2025.0,Urgência,52.0,52,79,SIH09
Óbitos,Caráter atendimento,mensal,2025-06,2025.0,Outros ac trab,,-,79,SIH09
Óbitos,Caráter atendimento,mensal,2025-06,2025.0,Outras caus ext,,-,79,SIH09
Óbitos,Caráter atendimento,mensal,2025-06,2025.0,Total,53.0,53,79,SIH09
Óbitos,Caráter atendimento,mensal,2025-07,2025.0,Eletivo,,-,80,SIH09
Óbitos,Caráter atendimento,mensal,2025-07,2025.0,Urgência,45.0,45,80,SIH09
Óbitos,Caráter atendimento,mensal,2025-07,2025.0,Outros ac trab,,-,80,SIH09
Óbitos,Caráter atendimento,mensal,2025-07,2025.0,Outras caus ext,,-,80,SIH09
Óbitos,Caráter atendimento,mensal,2025-07,2025.0,Total,45.0,45,80,SIH09
Óbitos,Caráter atendimento,mensal,2025-08,2025.0,Eletivo,,-,81,SIH09
Óbitos,Caráter atendimento,mensal,2025-08,2025.0,Urgência,43.0,43,81,SIH09
Óbitos,Caráter atendimento,mensal,2025-08,2025.0,Outros ac trab,1.0,1,81,SIH09
Óbitos,Caráter atendimento,mensal,2025-08,2025.0,Outras caus ext,,-,81,SIH09
Óbitos,Caráter atendimento,mensal,2025-08,2025.0,Total,44.0,44,81,SIH09
Óbitos,Caráter atendimento,mensal,2025-09,2025.0,Eletivo,,-,82,SIH09
Óbitos,Caráter atendimento,mensal,2025-09,2025.0,Urgência,54.0,54,82,SIH09
Óbitos,Caráter atendimento,mensal,2025-09,2025.0,Outros ac trab,,-,82,SIH09
Óbitos,Caráter atendimento,mensal,2025-09,2025.0,Outras caus ext,,-,82,SIH09
Óbitos,Caráter atendimento,mensal,2025-09,2025.0,Total,54.0,54,82,SIH09
Óbitos,Caráter atendimento,mensal,2025-10,2025.0,Eletivo,,-,83,SIH09
Óbitos,Caráter atendimento,mensal,2025-10,2025.0,Urgência,40.0,40,83,SIH09
Óbitos,Caráter atendimento,mensal,2025-10,2025.0,Outros ac trab,,-,83,SIH09
Óbitos,Caráter atendimento,mensal,2025-10,2025.0,Outras caus ext,,-,83,SIH09
Óbitos,Caráter atendimento,mensal,2025-10,2025.0,Total,40.0,40,83,SIH09
Óbitos,Caráter atendimento,mensal,2025-11,2025.0,Eletivo,,-,84,SIH09
Óbitos,Caráter atendimento,mensal,2025-11,2025.0,Urgência,37.0,37,84,SIH09
Óbitos,Caráter atendimento,mensal,2025-11,2025.0,Outros ac trab,,-,84,SIH09
Óbitos,Caráter atendimento,mensal,2025-11,2025.0,Outras caus ext,1.0,1,84,SIH09
Óbitos,Caráter atendimento,mensal,2025-11,2025.0,Total,38.0,38,84,SIH09
Óbitos,Caráter atendimento,mensal,2025-12,2025.0,Eletivo,,-,85,SIH09
Óbitos,Caráter atendimento,mensal,2025-12,2025.0,Urgência,37.0,37,85,SIH09
Óbitos,Caráter atendimento,mensal,2025-12,2025.0,Outros ac trab,,-,85,SIH09
Óbitos,Caráter atendimento,mensal,2025-12,2025.0,Outras caus ext,,-,85,SIH09
Óbitos,Caráter atendimento,mensal,2025-12,2025.0,Total,37.0,37,85,SIH09
Óbitos,Caráter atendimento,ano_publicado,,2026.0,Eletivo,,-,86,SIH09
Óbitos,Caráter atendimento,ano_publicado,,2026.0,Urgência,297.0,297,86,SIH09
Óbitos,Caráter atendimento,ano_publicado,,2026.0,Outros ac trab,4.0,4,86,SIH09
Óbitos,Caráter atendimento,ano_publicado,,2026.0,Outras caus ext,1.0,1,86,SIH09
Óbitos,Caráter atendimento,ano_publicado,,2026.0,Total,302.0,302,86,SIH09
Óbitos,Caráter atendimento,mensal,2026-01,2026.0,Eletivo,,-,87,SIH09
Óbitos,Caráter atendimento,mensal,2026-01,2026.0,Urgência,52.0,52,87,SIH09
Óbitos,Caráter atendimento,mensal,2026-01,2026.0,Outros ac trab,,-,87,SIH09
Óbitos,Caráter atendimento,mensal,2026-01,2026.0,Outras caus ext,1.0,1,87,SIH09
Óbitos,Caráter atendimento,mensal,2026-01,2026.0,Total,53.0,53,87,SIH09
Óbitos,Caráter atendimento,mensal,2026-02,2026.0,Eletivo,,-,88,SIH09
Óbitos,Caráter atendimento,mensal,2026-02,2026.0,Urgência,33.0,33,88,SIH09
Óbitos,Caráter atendimento,mensal,2026-02,2026.0,Outros ac trab,1.0,1,88,SIH09
Óbitos,Caráter atendimento,mensal,2026-02,2026.0,Outras caus ext,,-,88,SIH09
Óbitos,Caráter atendimento,mensal,2026-02,2026.0,Total,34.0,34,88,SIH09
Óbitos,Caráter atendimento,mensal,2026-03,2026.0,Eletivo,,-,89,SIH09
Óbitos,Caráter atendimento,mensal,2026-03,2026.0,Urgência,25.0,25,89,SIH09
Óbitos,Caráter atendimento,mensal,2026-03,2026.0,Outros ac trab,,-,89,SIH09
Óbitos,Caráter atendimento,mensal,2026-03,2026.0,Outras caus ext,,-,89,SIH09
Óbitos,Caráter atendimento,mensal,2026-03,2026.0,Total,25.0,25,89,SIH09
Óbitos,Caráter atendimento,mensal,2026-04,2026.0,Eletivo,,-,90,SIH09
Óbitos,Caráter atendimento,mensal,2026-04,2026.0,Urgência,41.0,41,90,SIH09
Óbitos,Caráter atendimento,mensal,2026-04,2026.0,Outros ac trab,2.0,2,90,SIH09
Óbitos,Caráter atendimento,mensal,2026-04,2026.0,Outras caus ext,,-,90,SIH09
Óbitos,Caráter atendimento,mensal,2026-04,2026.0,Total,43.0,43,90,SIH09
Óbitos,Caráter atendimento,mensal,2026-05,2026.0,Eletivo,,-,91,SIH09
Óbitos,Caráter atendimento,mensal,2026-05,2026.0,Urgência,54.0,54,91,SIH09
Óbitos,Caráter atendimento,mensal,2026-05,2026.0,Outros ac trab,1.0,1,91,SIH09
Óbitos,Caráter atendimento,mensal,2026-05,2026.0,Outras caus ext,,-,91,SIH09
Óbitos,Caráter atendimento,mensal,2026-05,2026.0,Total,55.0,55,91,SIH09
Óbitos,Caráter atendimento,mensal,2026-06,2026.0,Eletivo,,-,92,SIH09
Óbitos,Caráter atendimento,mensal,2026-06,2026.0,Urgência,43.0,43,92,SIH09
Óbitos,Caráter atendimento,mensal,2026-06,2026.0,Outros ac trab,,-,92,SIH09
Óbitos,Caráter atendimento,mensal,2026-06,2026.0,Outras caus ext,,-,92,SIH09
Óbitos,Caráter atendimento,mensal,2026-06,2026.0,Total,43.0,43,92,SIH09
Óbitos,Caráter atendimento,mensal,2026-07,2026.0,Eletivo,,-,93,SIH09
Óbitos,Caráter atendimento,mensal,2026-07,2026.0,Urgência,49.0,49,93,SIH09
Óbitos,Caráter atendimento,mensal,2026-07,2026.0,Outros ac trab,,-,93,SIH09
Óbitos,Caráter atendimento,mensal,2026-07,2026.0,Outras caus ext,,-,93,SIH09
Óbitos,Caráter atendimento,mensal,2026-07,2026.0,Total,49.0,49,93,SIH09
Óbitos,Caráter atendimento,total_publicado,,,Eletivo,3.0,3,94,SIH09
Óbitos,Caráter atendimento,total_publicado,,,Urgência,4980.0,4980,94,SIH09
Óbitos,Caráter atendimento,total_publicado,,,Outros ac trab,11.0,11,94,SIH09
Óbitos,Caráter atendimento,total_publicado,,,Outras caus ext,33.0,33,94,SIH09
Óbitos,Caráter atendimento,total_publicado,,,Total,5027.0,5027,94,SIH09
Valor total,Caráter atendimento,ano_publicado,,2019.0,Eletivo,,-,6,SIH10
Valor total,Caráter atendimento,ano_publicado,,2019.0,Urgência,429345.16,"429345,16",6,SIH10
Valor total,Caráter atendimento,ano_publicado,,2019.0,Outros ac trab,26779.88,"26779,88",6,SIH10
Valor total,Caráter atendimento,ano_publicado,,2019.0,Outras caus ext,62176.62,"62176,62",6,SIH10
Valor total,Caráter atendimento,ano_publicado,,2019.0,Total,518301.66,"518301,66",6,SIH10
Valor total,Caráter atendimento,mensal,2019-12,2019.0,Eletivo,,-,7,SIH10
Valor total,Caráter atendimento,mensal,2019-12,2019.0,Urgência,429345.16,"429345,16",7,SIH10
Valor total,Caráter atendimento,mensal,2019-12,2019.0,Outros ac trab,26779.88,"26779,88",7,SIH10
Valor total,Caráter atendimento,mensal,2019-12,2019.0,Outras caus ext,62176.62,"62176,62",7,SIH10
Valor total,Caráter atendimento,mensal,2019-12,2019.0,Total,518301.66,"518301,66",7,SIH10
Valor total,Caráter atendimento,ano_publicado,,2020.0,Eletivo,10942.0,"10942,00",8,SIH10
Valor total,Caráter atendimento,ano_publicado,,2020.0,Urgência,24564176.51,"24564176,51",8,SIH10
Valor total,Caráter atendimento,ano_publicado,,2020.0,Outros ac trab,544247.85,"544247,85",8,SIH10
Valor total,Caráter atendimento,ano_publicado,,2020.0,Outras caus ext,1409938.94,"1409938,94",8,SIH10
Valor total,Caráter atendimento,ano_publicado,,2020.0,Total,26529305.3,"26529305,30",8,SIH10
Valor total,Caráter atendimento,mensal,2020-01,2020.0,Eletivo,,-,9,SIH10
Valor total,Caráter atendimento,mensal,2020-01,2020.0,Urgência,1525134.95,"1525134,95",9,SIH10
Valor total,Caráter atendimento,mensal,2020-01,2020.0,Outros ac trab,36423.76,"36423,76",9,SIH10
Valor total,Caráter atendimento,mensal,2020-01,2020.0,Outras caus ext,214168.69,"214168,69",9,SIH10
Valor total,Caráter atendimento,mensal,2020-01,2020.0,Total,1775727.4,"1775727,40",9,SIH10
Valor total,Caráter atendimento,mensal,2020-02,2020.0,Eletivo,,-,10,SIH10
Valor total,Caráter atendimento,mensal,2020-02,2020.0,Urgência,1567493.55,"1567493,55",10,SIH10
Valor total,Caráter atendimento,mensal,2020-02,2020.0,Outros ac trab,32904.18,"32904,18",10,SIH10
Valor total,Caráter atendimento,mensal,2020-02,2020.0,Outras caus ext,180395.5,"180395,50",10,SIH10
Valor total,Caráter atendimento,mensal,2020-02,2020.0,Total,1780793.23,"1780793,23",10,SIH10
Valor total,Caráter atendimento,mensal,2020-03,2020.0,Eletivo,,-,11,SIH10
Valor total,Caráter atendimento,mensal,2020-03,2020.0,Urgência,1063306.74,"1063306,74",11,SIH10
Valor total,Caráter atendimento,mensal,2020-03,2020.0,Outros ac trab,40156.3,"40156,30",11,SIH10
Valor total,Caráter atendimento,mensal,2020-03,2020.0,Outras caus ext,177107.91,"177107,91",11,SIH10
Valor total,Caráter atendimento,mensal,2020-03,2020.0,Total,1280570.95,"1280570,95",11,SIH10
Valor total,Caráter atendimento,mensal,2020-04,2020.0,Eletivo,,-,12,SIH10
Valor total,Caráter atendimento,mensal,2020-04,2020.0,Urgência,2152149.74,"2152149,74",12,SIH10
Valor total,Caráter atendimento,mensal,2020-04,2020.0,Outros ac trab,30232.58,"30232,58",12,SIH10
Valor total,Caráter atendimento,mensal,2020-04,2020.0,Outras caus ext,79803.1,"79803,10",12,SIH10
Valor total,Caráter atendimento,mensal,2020-04,2020.0,Total,2262185.42,"2262185,42",12,SIH10
Valor total,Caráter atendimento,mensal,2020-05,2020.0,Eletivo,,-,13,SIH10
Valor total,Caráter atendimento,mensal,2020-05,2020.0,Urgência,3086816.66,"3086816,66",13,SIH10
Valor total,Caráter atendimento,mensal,2020-05,2020.0,Outros ac trab,43111.83,"43111,83",13,SIH10
Valor total,Caráter atendimento,mensal,2020-05,2020.0,Outras caus ext,68530.9,"68530,90",13,SIH10
Valor total,Caráter atendimento,mensal,2020-05,2020.0,Total,3198459.39,"3198459,39",13,SIH10
Valor total,Caráter atendimento,mensal,2020-06,2020.0,Eletivo,,-,14,SIH10
Valor total,Caráter atendimento,mensal,2020-06,2020.0,Urgência,2894416.36,"2894416,36",14,SIH10
Valor total,Caráter atendimento,mensal,2020-06,2020.0,Outros ac trab,42921.61,"42921,61",14,SIH10
Valor total,Caráter atendimento,mensal,2020-06,2020.0,Outras caus ext,80227.32,"80227,32",14,SIH10
Valor total,Caráter atendimento,mensal,2020-06,2020.0,Total,3017565.29,"3017565,29",14,SIH10
Valor total,Caráter atendimento,mensal,2020-07,2020.0,Eletivo,,-,15,SIH10
Valor total,Caráter atendimento,mensal,2020-07,2020.0,Urgência,2116005.81,"2116005,81",15,SIH10
Valor total,Caráter atendimento,mensal,2020-07,2020.0,Outros ac trab,39863.19,"39863,19",15,SIH10
Valor total,Caráter atendimento,mensal,2020-07,2020.0,Outras caus ext,140126.0,"140126,00",15,SIH10
Valor total,Caráter atendimento,mensal,2020-07,2020.0,Total,2295995.0,"2295995,00",15,SIH10
Valor total,Caráter atendimento,mensal,2020-08,2020.0,Eletivo,,-,16,SIH10
Valor total,Caráter atendimento,mensal,2020-08,2020.0,Urgência,1571423.92,"1571423,92",16,SIH10
Valor total,Caráter atendimento,mensal,2020-08,2020.0,Outros ac trab,62212.39,"62212,39",16,SIH10
Valor total,Caráter atendimento,mensal,2020-08,2020.0,Outras caus ext,95371.88,"95371,88",16,SIH10
Valor total,Caráter atendimento,mensal,2020-08,2020.0,Total,1729008.19,"1729008,19",16,SIH10
Valor total,Caráter atendimento,mensal,2020-09,2020.0,Eletivo,6124.29,"6124,29",17,SIH10
Valor total,Caráter atendimento,mensal,2020-09,2020.0,Urgência,1848129.85,"1848129,85",17,SIH10
Valor total,Caráter atendimento,mensal,2020-09,2020.0,Outros ac trab,48879.79,"48879,79",17,SIH10
Valor total,Caráter atendimento,mensal,2020-09,2020.0,Outras caus ext,74919.66,"74919,66",17,SIH10
Valor total,Caráter atendimento,mensal,2020-09,2020.0,Total,1978053.59,"1978053,59",17,SIH10
Valor total,Caráter atendimento,mensal,2020-10,2020.0,Eletivo,4817.71,"4817,71",18,SIH10
Valor total,Caráter atendimento,mensal,2020-10,2020.0,Urgência,1664387.38,"1664387,38",18,SIH10
Valor total,Caráter atendimento,mensal,2020-10,2020.0,Outros ac trab,15511.56,"15511,56",18,SIH10
Valor total,Caráter atendimento,mensal,2020-10,2020.0,Outras caus ext,8947.23,"8947,23",18,SIH10
Valor total,Caráter atendimento,mensal,2020-10,2020.0,Total,1693663.88,"1693663,88",18,SIH10
Valor total,Caráter atendimento,mensal,2020-11,2020.0,Eletivo,,-,19,SIH10
Valor total,Caráter atendimento,mensal,2020-11,2020.0,Urgência,1971006.91,"1971006,91",19,SIH10
Valor total,Caráter atendimento,mensal,2020-11,2020.0,Outros ac trab,70639.5,"70639,50",19,SIH10
Valor total,Caráter atendimento,mensal,2020-11,2020.0,Outras caus ext,148447.28,"148447,28",19,SIH10
Valor total,Caráter atendimento,mensal,2020-11,2020.0,Total,2190093.69,"2190093,69",19,SIH10
Valor total,Caráter atendimento,mensal,2020-12,2020.0,Eletivo,,-,20,SIH10
Valor total,Caráter atendimento,mensal,2020-12,2020.0,Urgência,3103904.64,"3103904,64",20,SIH10
Valor total,Caráter atendimento,mensal,2020-12,2020.0,Outros ac trab,81391.16,"81391,16",20,SIH10
Valor total,Caráter atendimento,mensal,2020-12,2020.0,Outras caus ext,141893.47,"141893,47",20,SIH10
Valor total,Caráter atendimento,mensal,2020-12,2020.0,Total,3327189.27,"3327189,27",20,SIH10
Valor total,Caráter atendimento,ano_publicado,,2021.0,Eletivo,7469.73,"7469,73",21,SIH10
Valor total,Caráter atendimento,ano_publicado,,2021.0,Urgência,33262013.11,"33262013,11",21,SIH10
Valor total,Caráter atendimento,ano_publicado,,2021.0,Outros ac trab,473906.07,"473906,07",21,SIH10
Valor total,Caráter atendimento,ano_publicado,,2021.0,Outras caus ext,922776.16,"922776,16",21,SIH10
Valor total,Caráter atendimento,ano_publicado,,2021.0,Total,34666165.07,"34666165,07",21,SIH10
Valor total,Caráter atendimento,mensal,2021-01,2021.0,Eletivo,,-,22,SIH10
Valor total,Caráter atendimento,mensal,2021-01,2021.0,Urgência,3246886.19,"3246886,19",22,SIH10
Valor total,Caráter atendimento,mensal,2021-01,2021.0,Outros ac trab,62062.95,"62062,95",22,SIH10
Valor total,Caráter atendimento,mensal,2021-01,2021.0,Outras caus ext,84462.33,"84462,33",22,SIH10
Valor total,Caráter atendimento,mensal,2021-01,2021.0,Total,3393411.47,"3393411,47",22,SIH10
Valor total,Caráter atendimento,mensal,2021-02,2021.0,Eletivo,,-,23,SIH10
Valor total,Caráter atendimento,mensal,2021-02,2021.0,Urgência,2933436.87,"2933436,87",23,SIH10
Valor total,Caráter atendimento,mensal,2021-02,2021.0,Outros ac trab,26436.39,"26436,39",23,SIH10
Valor total,Caráter atendimento,mensal,2021-02,2021.0,Outras caus ext,85508.33,"85508,33",23,SIH10
Valor total,Caráter atendimento,mensal,2021-02,2021.0,Total,3045381.59,"3045381,59",23,SIH10
Valor total,Caráter atendimento,mensal,2021-03,2021.0,Eletivo,,-,24,SIH10
Valor total,Caráter atendimento,mensal,2021-03,2021.0,Urgência,3619046.39,"3619046,39",24,SIH10
Valor total,Caráter atendimento,mensal,2021-03,2021.0,Outros ac trab,46543.83,"46543,83",24,SIH10
Valor total,Caráter atendimento,mensal,2021-03,2021.0,Outras caus ext,91218.07,"91218,07",24,SIH10
Valor total,Caráter atendimento,mensal,2021-03,2021.0,Total,3756808.29,"3756808,29",24,SIH10
Valor total,Caráter atendimento,mensal,2021-04,2021.0,Eletivo,,-,25,SIH10
Valor total,Caráter atendimento,mensal,2021-04,2021.0,Urgência,3507829.99,"3507829,99",25,SIH10
Valor total,Caráter atendimento,mensal,2021-04,2021.0,Outros ac trab,46721.2,"46721,20",25,SIH10
Valor total,Caráter atendimento,mensal,2021-04,2021.0,Outras caus ext,89238.9,"89238,90",25,SIH10
Valor total,Caráter atendimento,mensal,2021-04,2021.0,Total,3643790.09,"3643790,09",25,SIH10
Valor total,Caráter atendimento,mensal,2021-05,2021.0,Eletivo,,-,26,SIH10
Valor total,Caráter atendimento,mensal,2021-05,2021.0,Urgência,3403917.68,"3403917,68",26,SIH10
Valor total,Caráter atendimento,mensal,2021-05,2021.0,Outros ac trab,45321.5,"45321,50",26,SIH10
Valor total,Caráter atendimento,mensal,2021-05,2021.0,Outras caus ext,101855.7,"101855,70",26,SIH10
Valor total,Caráter atendimento,mensal,2021-05,2021.0,Total,3551094.88,"3551094,88",26,SIH10
Valor total,Caráter atendimento,mensal,2021-06,2021.0,Eletivo,,-,27,SIH10
Valor total,Caráter atendimento,mensal,2021-06,2021.0,Urgência,2814287.52,"2814287,52",27,SIH10
Valor total,Caráter atendimento,mensal,2021-06,2021.0,Outros ac trab,58595.19,"58595,19",27,SIH10
Valor total,Caráter atendimento,mensal,2021-06,2021.0,Outras caus ext,93430.68,"93430,68",27,SIH10
Valor total,Caráter atendimento,mensal,2021-06,2021.0,Total,2966313.39,"2966313,39",27,SIH10
Valor total,Caráter atendimento,mensal,2021-07,2021.0,Eletivo,7270.4,"7270,40",28,SIH10
Valor total,Caráter atendimento,mensal,2021-07,2021.0,Urgência,2995341.71,"2995341,71",28,SIH10
Valor total,Caráter atendimento,mensal,2021-07,2021.0,Outros ac trab,41248.65,"41248,65",28,SIH10
Valor total,Caráter atendimento,mensal,2021-07,2021.0,Outras caus ext,85825.55,"85825,55",28,SIH10
Valor total,Caráter atendimento,mensal,2021-07,2021.0,Total,3129686.31,"3129686,31",28,SIH10
Valor total,Caráter atendimento,mensal,2021-08,2021.0,Eletivo,,-,29,SIH10
Valor total,Caráter atendimento,mensal,2021-08,2021.0,Urgência,2435663.94,"2435663,94",29,SIH10
Valor total,Caráter atendimento,mensal,2021-08,2021.0,Outros ac trab,32489.13,"32489,13",29,SIH10
Valor total,Caráter atendimento,mensal,2021-08,2021.0,Outras caus ext,88696.97,"88696,97",29,SIH10
Valor total,Caráter atendimento,mensal,2021-08,2021.0,Total,2556850.04,"2556850,04",29,SIH10
Valor total,Caráter atendimento,mensal,2021-09,2021.0,Eletivo,,-,30,SIH10
Valor total,Caráter atendimento,mensal,2021-09,2021.0,Urgência,2416124.34,"2416124,34",30,SIH10
Valor total,Caráter atendimento,mensal,2021-09,2021.0,Outros ac trab,37109.63,"37109,63",30,SIH10
Valor total,Caráter atendimento,mensal,2021-09,2021.0,Outras caus ext,88276.75,"88276,75",30,SIH10
Valor total,Caráter atendimento,mensal,2021-09,2021.0,Total,2541510.72,"2541510,72",30,SIH10
Valor total,Caráter atendimento,mensal,2021-10,2021.0,Eletivo,,-,31,SIH10
Valor total,Caráter atendimento,mensal,2021-10,2021.0,Urgência,2156158.83,"2156158,83",31,SIH10
Valor total,Caráter atendimento,mensal,2021-10,2021.0,Outros ac trab,5784.59,"5784,59",31,SIH10
Valor total,Caráter atendimento,mensal,2021-10,2021.0,Outras caus ext,896.33,"896,33",31,SIH10
Valor total,Caráter atendimento,mensal,2021-10,2021.0,Total,2162839.75,"2162839,75",31,SIH10
Valor total,Caráter atendimento,mensal,2021-11,2021.0,Eletivo,,-,32,SIH10
Valor total,Caráter atendimento,mensal,2021-11,2021.0,Urgência,1939500.56,"1939500,56",32,SIH10
Valor total,Caráter atendimento,mensal,2021-11,2021.0,Outros ac trab,26934.15,"26934,15",32,SIH10
Valor total,Caráter atendimento,mensal,2021-11,2021.0,Outras caus ext,50016.4,"50016,40",32,SIH10
Valor total,Caráter atendimento,mensal,2021-11,2021.0,Total,2016451.11,"2016451,11",32,SIH10
Valor total,Caráter atendimento,mensal,2021-12,2021.0,Eletivo,199.33,"199,33",33,SIH10
Valor total,Caráter atendimento,mensal,2021-12,2021.0,Urgência,1793819.09,"1793819,09",33,SIH10
Valor total,Caráter atendimento,mensal,2021-12,2021.0,Outros ac trab,44658.86,"44658,86",33,SIH10
Valor total,Caráter atendimento,mensal,2021-12,2021.0,Outras caus ext,63350.15,"63350,15",33,SIH10
Valor total,Caráter atendimento,mensal,2021-12,2021.0,Total,1902027.43,"1902027,43",33,SIH10
Valor total,Caráter atendimento,ano_publicado,,2022.0,Eletivo,187517.34,"187517,34",34,SIH10
Valor total,Caráter atendimento,ano_publicado,,2022.0,Urgência,16804947.89,"16804947,89",34,SIH10
Valor total,Caráter atendimento,ano_publicado,,2022.0,Outros ac trab,417532.68,"417532,68",34,SIH10
Valor total,Caráter atendimento,ano_publicado,,2022.0,Outras caus ext,642800.61,"642800,61",34,SIH10
Valor total,Caráter atendimento,ano_publicado,,2022.0,Total,18052798.52,"18052798,52",34,SIH10
Valor total,Caráter atendimento,mensal,2022-01,2022.0,Eletivo,414.04,"414,04",35,SIH10
Valor total,Caráter atendimento,mensal,2022-01,2022.0,Urgência,2495449.84,"2495449,84",35,SIH10
Valor total,Caráter atendimento,mensal,2022-01,2022.0,Outros ac trab,45235.4,"45235,40",35,SIH10
Valor total,Caráter atendimento,mensal,2022-01,2022.0,Outras caus ext,38001.42,"38001,42",35,SIH10
Valor total,Caráter atendimento,mensal,2022-01,2022.0,Total,2579100.7,"2579100,70",35,SIH10
Valor total,Caráter atendimento,mensal,2022-02,2022.0,Eletivo,,-,36,SIH10
Valor total,Caráter atendimento,mensal,2022-02,2022.0,Urgência,1676436.54,"1676436,54",36,SIH10
Valor total,Caráter atendimento,mensal,2022-02,2022.0,Outros ac trab,30074.71,"30074,71",36,SIH10
Valor total,Caráter atendimento,mensal,2022-02,2022.0,Outras caus ext,59139.01,"59139,01",36,SIH10
Valor total,Caráter atendimento,mensal,2022-02,2022.0,Total,1765650.26,"1765650,26",36,SIH10
Valor total,Caráter atendimento,mensal,2022-03,2022.0,Eletivo,,-,37,SIH10
Valor total,Caráter atendimento,mensal,2022-03,2022.0,Urgência,1167548.7,"1167548,70",37,SIH10
Valor total,Caráter atendimento,mensal,2022-03,2022.0,Outros ac trab,38200.4,"38200,40",37,SIH10
Valor total,Caráter atendimento,mensal,2022-03,2022.0,Outras caus ext,85905.86,"85905,86",37,SIH10
Valor total,Caráter atendimento,mensal,2022-03,2022.0,Total,1291654.96,"1291654,96",37,SIH10
Valor total,Caráter atendimento,mensal,2022-04,2022.0,Eletivo,,-,38,SIH10
Valor total,Caráter atendimento,mensal,2022-04,2022.0,Urgência,1627551.44,"1627551,44",38,SIH10
Valor total,Caráter atendimento,mensal,2022-04,2022.0,Outros ac trab,38863.34,"38863,34",38,SIH10
Valor total,Caráter atendimento,mensal,2022-04,2022.0,Outras caus ext,91029.46,"91029,46",38,SIH10
Valor total,Caráter atendimento,mensal,2022-04,2022.0,Total,1757444.24,"1757444,24",38,SIH10
Valor total,Caráter atendimento,mensal,2022-05,2022.0,Eletivo,3349.6,"3349,60",39,SIH10
Valor total,Caráter atendimento,mensal,2022-05,2022.0,Urgência,1625194.33,"1625194,33",39,SIH10
Valor total,Caráter atendimento,mensal,2022-05,2022.0,Outros ac trab,33136.44,"33136,44",39,SIH10
Valor total,Caráter atendimento,mensal,2022-05,2022.0,Outras caus ext,61109.61,"61109,61",39,SIH10
Valor total,Caráter atendimento,mensal,2022-05,2022.0,Total,1722789.98,"1722789,98",39,SIH10
Valor total,Caráter atendimento,mensal,2022-06,2022.0,Eletivo,6362.75,"6362,75",40,SIH10
Valor total,Caráter atendimento,mensal,2022-06,2022.0,Urgência,1209325.29,"1209325,29",40,SIH10
Valor total,Caráter atendimento,mensal,2022-06,2022.0,Outros ac trab,45021.07,"45021,07",40,SIH10
Valor total,Caráter atendimento,mensal,2022-06,2022.0,Outras caus ext,50243.71,"50243,71",40,SIH10
Valor total,Caráter atendimento,mensal,2022-06,2022.0,Total,1310952.82,"1310952,82",40,SIH10
Valor total,Caráter atendimento,mensal,2022-07,2022.0,Eletivo,,-,41,SIH10
Valor total,Caráter atendimento,mensal,2022-07,2022.0,Urgência,1141344.08,"1141344,08",41,SIH10
Valor total,Caráter atendimento,mensal,2022-07,2022.0,Outros ac trab,57354.17,"57354,17",41,SIH10
Valor total,Caráter atendimento,mensal,2022-07,2022.0,Outras caus ext,66529.33,"66529,33",41,SIH10
Valor total,Caráter atendimento,mensal,2022-07,2022.0,Total,1265227.58,"1265227,58",41,SIH10
Valor total,Caráter atendimento,mensal,2022-08,2022.0,Eletivo,64101.43,"64101,43",42,SIH10
Valor total,Caráter atendimento,mensal,2022-08,2022.0,Urgência,993501.0,"993501,00",42,SIH10
Valor total,Caráter atendimento,mensal,2022-08,2022.0,Outros ac trab,55454.26,"55454,26",42,SIH10
Valor total,Caráter atendimento,mensal,2022-08,2022.0,Outras caus ext,109053.63,"109053,63",42,SIH10
Valor total,Caráter atendimento,mensal,2022-08,2022.0,Total,1222110.32,"1222110,32",42,SIH10
Valor total,Caráter atendimento,mensal,2022-09,2022.0,Eletivo,33766.51,"33766,51",43,SIH10
Valor total,Caráter atendimento,mensal,2022-09,2022.0,Urgência,1364538.49,"1364538,49",43,SIH10
Valor total,Caráter atendimento,mensal,2022-09,2022.0,Outros ac trab,35490.0,"35490,00",43,SIH10
Valor total,Caráter atendimento,mensal,2022-09,2022.0,Outras caus ext,51757.8,"51757,80",43,SIH10
Valor total,Caráter atendimento,mensal,2022-09,2022.0,Total,1485552.8,"1485552,80",43,SIH10
Valor total,Caráter atendimento,mensal,2022-10,2022.0,Eletivo,33328.85,"33328,85",44,SIH10
Valor total,Caráter atendimento,mensal,2022-10,2022.0,Urgência,1059828.47,"1059828,47",44,SIH10
Valor total,Caráter atendimento,mensal,2022-10,2022.0,Outros ac trab,3093.37,"3093,37",44,SIH10
Valor total,Caráter atendimento,mensal,2022-10,2022.0,Outras caus ext,7845.35,"7845,35",44,SIH10
Valor total,Caráter atendimento,mensal,2022-10,2022.0,Total,1104096.04,"1104096,04",44,SIH10
Valor total,Caráter atendimento,mensal,2022-11,2022.0,Eletivo,35561.75,"35561,75",45,SIH10
Valor total,Caráter atendimento,mensal,2022-11,2022.0,Urgência,1177055.91,"1177055,91",45,SIH10
Valor total,Caráter atendimento,mensal,2022-11,2022.0,Outros ac trab,7293.28,"7293,28",45,SIH10
Valor total,Caráter atendimento,mensal,2022-11,2022.0,Outras caus ext,1482.4,"1482,40",45,SIH10
Valor total,Caráter atendimento,mensal,2022-11,2022.0,Total,1221393.34,"1221393,34",45,SIH10
Valor total,Caráter atendimento,mensal,2022-12,2022.0,Eletivo,10632.41,"10632,41",46,SIH10
Valor total,Caráter atendimento,mensal,2022-12,2022.0,Urgência,1267173.8,"1267173,80",46,SIH10
Valor total,Caráter atendimento,mensal,2022-12,2022.0,Outros ac trab,28316.24,"28316,24",46,SIH10
Valor total,Caráter atendimento,mensal,2022-12,2022.0,Outras caus ext,20703.03,"20703,03",46,SIH10
Valor total,Caráter atendimento,mensal,2022-12,2022.0,Total,1326825.48,"1326825,48",46,SIH10
Valor total,Caráter atendimento,ano_publicado,,2023.0,Eletivo,5504.37,"5504,37",47,SIH10
Valor total,Caráter atendimento,ano_publicado,,2023.0,Urgência,15177415.68,"15177415,68",47,SIH10
Valor total,Caráter atendimento,ano_publicado,,2023.0,Outros ac trab,539927.23,"539927,23",47,SIH10
Valor total,Caráter atendimento,ano_publicado,,2023.0,Outras caus ext,720815.38,"720815,38",47,SIH10
Valor total,Caráter atendimento,ano_publicado,,2023.0,Total,16443662.66,"16443662,66",47,SIH10
Valor total,Caráter atendimento,mensal,2023-01,2023.0,Eletivo,,-,48,SIH10
Valor total,Caráter atendimento,mensal,2023-01,2023.0,Urgência,1123188.31,"1123188,31",48,SIH10
Valor total,Caráter atendimento,mensal,2023-01,2023.0,Outros ac trab,36622.83,"36622,83",48,SIH10
Valor total,Caráter atendimento,mensal,2023-01,2023.0,Outras caus ext,65144.77,"65144,77",48,SIH10
Valor total,Caráter atendimento,mensal,2023-01,2023.0,Total,1224955.91,"1224955,91",48,SIH10
Valor total,Caráter atendimento,mensal,2023-02,2023.0,Eletivo,,-,49,SIH10
Valor total,Caráter atendimento,mensal,2023-02,2023.0,Urgência,1181545.43,"1181545,43",49,SIH10
Valor total,Caráter atendimento,mensal,2023-02,2023.0,Outros ac trab,43257.76,"43257,76",49,SIH10
Valor total,Caráter atendimento,mensal,2023-02,2023.0,Outras caus ext,60071.53,"60071,53",49,SIH10
Valor total,Caráter atendimento,mensal,2023-02,2023.0,Total,1284874.72,"1284874,72",49,SIH10
Valor total,Caráter atendimento,mensal,2023-03,2023.0,Eletivo,,-,50,SIH10
Valor total,Caráter atendimento,mensal,2023-03,2023.0,Urgência,940152.94,"940152,94",50,SIH10
Valor total,Caráter atendimento,mensal,2023-03,2023.0,Outros ac trab,65117.57,"65117,57",50,SIH10
Valor total,Caráter atendimento,mensal,2023-03,2023.0,Outras caus ext,88052.65,"88052,65",50,SIH10
Valor total,Caráter atendimento,mensal,2023-03,2023.0,Total,1093323.16,"1093323,16",50,SIH10
Valor total,Caráter atendimento,mensal,2023-04,2023.0,Eletivo,332.22,"332,22",51,SIH10
Valor total,Caráter atendimento,mensal,2023-04,2023.0,Urgência,1129710.07,"1129710,07",51,SIH10
Valor total,Caráter atendimento,mensal,2023-04,2023.0,Outros ac trab,14813.75,"14813,75",51,SIH10
Valor total,Caráter atendimento,mensal,2023-04,2023.0,Outras caus ext,22698.18,"22698,18",51,SIH10
Valor total,Caráter atendimento,mensal,2023-04,2023.0,Total,1167554.22,"1167554,22",51,SIH10
Valor total,Caráter atendimento,mensal,2023-05,2023.0,Eletivo,,-,52,SIH10
Valor total,Caráter atendimento,mensal,2023-05,2023.0,Urgência,1243087.89,"1243087,89",52,SIH10
Valor total,Caráter atendimento,mensal,2023-05,2023.0,Outros ac trab,2489.72,"2489,72",52,SIH10
Valor total,Caráter atendimento,mensal,2023-05,2023.0,Outras caus ext,12937.28,"12937,28",52,SIH10
Valor total,Caráter atendimento,mensal,2023-05,2023.0,Total,1258514.89,"1258514,89",52,SIH10
Valor total,Caráter atendimento,mensal,2023-06,2023.0,Eletivo,,-,53,SIH10
Valor total,Caráter atendimento,mensal,2023-06,2023.0,Urgência,1296589.62,"1296589,62",53,SIH10
Valor total,Caráter atendimento,mensal,2023-06,2023.0,Outros ac trab,50959.89,"50959,89",53,SIH10
Valor total,Caráter atendimento,mensal,2023-06,2023.0,Outras caus ext,83640.27,"83640,27",53,SIH10
Valor total,Caráter atendimento,mensal,2023-06,2023.0,Total,1431189.78,"1431189,78",53,SIH10
Valor total,Caráter atendimento,mensal,2023-07,2023.0,Eletivo,3172.53,"3172,53",54,SIH10
Valor total,Caráter atendimento,mensal,2023-07,2023.0,Urgência,987983.25,"987983,25",54,SIH10
Valor total,Caráter atendimento,mensal,2023-07,2023.0,Outros ac trab,30719.86,"30719,86",54,SIH10
Valor total,Caráter atendimento,mensal,2023-07,2023.0,Outras caus ext,52696.34,"52696,34",54,SIH10
Valor total,Caráter atendimento,mensal,2023-07,2023.0,Total,1074571.98,"1074571,98",54,SIH10
Valor total,Caráter atendimento,mensal,2023-08,2023.0,Eletivo,,-,55,SIH10
Valor total,Caráter atendimento,mensal,2023-08,2023.0,Urgência,1649217.18,"1649217,18",55,SIH10
Valor total,Caráter atendimento,mensal,2023-08,2023.0,Outros ac trab,60123.48,"60123,48",55,SIH10
Valor total,Caráter atendimento,mensal,2023-08,2023.0,Outras caus ext,65488.79,"65488,79",55,SIH10
Valor total,Caráter atendimento,mensal,2023-08,2023.0,Total,1774829.45,"1774829,45",55,SIH10
Valor total,Caráter atendimento,mensal,2023-09,2023.0,Eletivo,,-,56,SIH10
Valor total,Caráter atendimento,mensal,2023-09,2023.0,Urgência,1323003.11,"1323003,11",56,SIH10
Valor total,Caráter atendimento,mensal,2023-09,2023.0,Outros ac trab,64511.51,"64511,51",56,SIH10
Valor total,Caráter atendimento,mensal,2023-09,2023.0,Outras caus ext,106997.94,"106997,94",56,SIH10
Valor total,Caráter atendimento,mensal,2023-09,2023.0,Total,1494512.56,"1494512,56",56,SIH10
Valor total,Caráter atendimento,mensal,2023-10,2023.0,Eletivo,,-,57,SIH10
Valor total,Caráter atendimento,mensal,2023-10,2023.0,Urgência,1283793.11,"1283793,11",57,SIH10
Valor total,Caráter atendimento,mensal,2023-10,2023.0,Outros ac trab,95335.26,"95335,26",57,SIH10
Valor total,Caráter atendimento,mensal,2023-10,2023.0,Outras caus ext,80069.12,"80069,12",57,SIH10
Valor total,Caráter atendimento,mensal,2023-10,2023.0,Total,1459197.49,"1459197,49",57,SIH10
Valor total,Caráter atendimento,mensal,2023-11,2023.0,Eletivo,,-,58,SIH10
Valor total,Caráter atendimento,mensal,2023-11,2023.0,Urgência,1598090.12,"1598090,12",58,SIH10
Valor total,Caráter atendimento,mensal,2023-11,2023.0,Outros ac trab,29339.85,"29339,85",58,SIH10
Valor total,Caráter atendimento,mensal,2023-11,2023.0,Outras caus ext,70962.85,"70962,85",58,SIH10
Valor total,Caráter atendimento,mensal,2023-11,2023.0,Total,1698392.82,"1698392,82",58,SIH10
Valor total,Caráter atendimento,mensal,2023-12,2023.0,Eletivo,1999.62,"1999,62",59,SIH10
Valor total,Caráter atendimento,mensal,2023-12,2023.0,Urgência,1421054.65,"1421054,65",59,SIH10
Valor total,Caráter atendimento,mensal,2023-12,2023.0,Outros ac trab,46635.75,"46635,75",59,SIH10
Valor total,Caráter atendimento,mensal,2023-12,2023.0,Outras caus ext,12055.66,"12055,66",59,SIH10
Valor total,Caráter atendimento,mensal,2023-12,2023.0,Total,1481745.68,"1481745,68",59,SIH10
Valor total,Caráter atendimento,ano_publicado,,2024.0,Eletivo,2518.12,"2518,12",60,SIH10
Valor total,Caráter atendimento,ano_publicado,,2024.0,Urgência,15940643.08,"15940643,08",60,SIH10
Valor total,Caráter atendimento,ano_publicado,,2024.0,Outros ac trab,439581.97,"439581,97",60,SIH10
Valor total,Caráter atendimento,ano_publicado,,2024.0,Outras caus ext,342304.0,"342304,00",60,SIH10
Valor total,Caráter atendimento,ano_publicado,,2024.0,Total,16725047.17,"16725047,17",60,SIH10
Valor total,Caráter atendimento,mensal,2024-01,2024.0,Eletivo,,-,61,SIH10
Valor total,Caráter atendimento,mensal,2024-01,2024.0,Urgência,1615626.81,"1615626,81",61,SIH10
Valor total,Caráter atendimento,mensal,2024-01,2024.0,Outros ac trab,50258.29,"50258,29",61,SIH10
Valor total,Caráter atendimento,mensal,2024-01,2024.0,Outras caus ext,40924.14,"40924,14",61,SIH10
Valor total,Caráter atendimento,mensal,2024-01,2024.0,Total,1706809.24,"1706809,24",61,SIH10
Valor total,Caráter atendimento,mensal,2024-02,2024.0,Eletivo,635.0,"635,00",62,SIH10
Valor total,Caráter atendimento,mensal,2024-02,2024.0,Urgência,1183343.06,"1183343,06",62,SIH10
Valor total,Caráter atendimento,mensal,2024-02,2024.0,Outros ac trab,37102.27,"37102,27",62,SIH10
Valor total,Caráter atendimento,mensal,2024-02,2024.0,Outras caus ext,55821.13,"55821,13",62,SIH10
Valor total,Caráter atendimento,mensal,2024-02,2024.0,Total,1276901.46,"1276901,46",62,SIH10
Valor total,Caráter atendimento,mensal,2024-03,2024.0,Eletivo,635.0,"635,00",63,SIH10
Valor total,Caráter atendimento,mensal,2024-03,2024.0,Urgência,1025558.84,"1025558,84",63,SIH10
Valor total,Caráter atendimento,mensal,2024-03,2024.0,Outros ac trab,27613.91,"27613,91",63,SIH10
Valor total,Caráter atendimento,mensal,2024-03,2024.0,Outras caus ext,39547.4,"39547,40",63,SIH10
Valor total,Caráter atendimento,mensal,2024-03,2024.0,Total,1093355.15,"1093355,15",63,SIH10
Valor total,Caráter atendimento,mensal,2024-04,2024.0,Eletivo,,-,64,SIH10
Valor total,Caráter atendimento,mensal,2024-04,2024.0,Urgência,1161688.43,"1161688,43",64,SIH10
Valor total,Caráter atendimento,mensal,2024-04,2024.0,Outros ac trab,53389.19,"53389,19",64,SIH10
Valor total,Caráter atendimento,mensal,2024-04,2024.0,Outras caus ext,44847.38,"44847,38",64,SIH10
Valor total,Caráter atendimento,mensal,2024-04,2024.0,Total,1259925.0,"1259925,00",64,SIH10
Valor total,Caráter atendimento,mensal,2024-05,2024.0,Eletivo,,-,65,SIH10
Valor total,Caráter atendimento,mensal,2024-05,2024.0,Urgência,1472351.17,"1472351,17",65,SIH10
Valor total,Caráter atendimento,mensal,2024-05,2024.0,Outros ac trab,74510.12,"74510,12",65,SIH10
Valor total,Caráter atendimento,mensal,2024-05,2024.0,Outras caus ext,54054.1,"54054,10",65,SIH10
Valor total,Caráter atendimento,mensal,2024-05,2024.0,Total,1600915.39,"1600915,39",65,SIH10
Valor total,Caráter atendimento,mensal,2024-06,2024.0,Eletivo,,-,66,SIH10
Valor total,Caráter atendimento,mensal,2024-06,2024.0,Urgência,1377260.13,"1377260,13",66,SIH10
Valor total,Caráter atendimento,mensal,2024-06,2024.0,Outros ac trab,27931.02,"27931,02",66,SIH10
Valor total,Caráter atendimento,mensal,2024-06,2024.0,Outras caus ext,45926.82,"45926,82",66,SIH10
Valor total,Caráter atendimento,mensal,2024-06,2024.0,Total,1451117.97,"1451117,97",66,SIH10
Valor total,Caráter atendimento,mensal,2024-07,2024.0,Eletivo,,-,67,SIH10
Valor total,Caráter atendimento,mensal,2024-07,2024.0,Urgência,1147378.79,"1147378,79",67,SIH10
Valor total,Caráter atendimento,mensal,2024-07,2024.0,Outros ac trab,59539.96,"59539,96",67,SIH10
Valor total,Caráter atendimento,mensal,2024-07,2024.0,Outras caus ext,56609.46,"56609,46",67,SIH10
Valor total,Caráter atendimento,mensal,2024-07,2024.0,Total,1263528.21,"1263528,21",67,SIH10
Valor total,Caráter atendimento,mensal,2024-08,2024.0,Eletivo,40.38,"40,38",68,SIH10
Valor total,Caráter atendimento,mensal,2024-08,2024.0,Urgência,1851830.26,"1851830,26",68,SIH10
Valor total,Caráter atendimento,mensal,2024-08,2024.0,Outros ac trab,14683.32,"14683,32",68,SIH10
Valor total,Caráter atendimento,mensal,2024-08,2024.0,Outras caus ext,4573.57,"4573,57",68,SIH10
Valor total,Caráter atendimento,mensal,2024-08,2024.0,Total,1871127.53,"1871127,53",68,SIH10
Valor total,Caráter atendimento,mensal,2024-09,2024.0,Eletivo,,-,69,SIH10
Valor total,Caráter atendimento,mensal,2024-09,2024.0,Urgência,1218911.0,"1218911,00",69,SIH10
Valor total,Caráter atendimento,mensal,2024-09,2024.0,Outros ac trab,13962.47,"13962,47",69,SIH10
Valor total,Caráter atendimento,mensal,2024-09,2024.0,Outras caus ext,,-,69,SIH10
Valor total,Caráter atendimento,mensal,2024-09,2024.0,Total,1232873.47,"1232873,47",69,SIH10
Valor total,Caráter atendimento,mensal,2024-10,2024.0,Eletivo,1207.74,"1207,74",70,SIH10
Valor total,Caráter atendimento,mensal,2024-10,2024.0,Urgência,1451823.12,"1451823,12",70,SIH10
Valor total,Caráter atendimento,mensal,2024-10,2024.0,Outros ac trab,22661.45,"22661,45",70,SIH10
Valor total,Caráter atendimento,mensal,2024-10,2024.0,Outras caus ext,,-,70,SIH10
Valor total,Caráter atendimento,mensal,2024-10,2024.0,Total,1475692.31,"1475692,31",70,SIH10
Valor total,Caráter atendimento,mensal,2024-11,2024.0,Eletivo,,-,71,SIH10
Valor total,Caráter atendimento,mensal,2024-11,2024.0,Urgência,1235584.72,"1235584,72",71,SIH10
Valor total,Caráter atendimento,mensal,2024-11,2024.0,Outros ac trab,35539.22,"35539,22",71,SIH10
Valor total,Caráter atendimento,mensal,2024-11,2024.0,Outras caus ext,,-,71,SIH10
Valor total,Caráter atendimento,mensal,2024-11,2024.0,Total,1271123.94,"1271123,94",71,SIH10
Valor total,Caráter atendimento,mensal,2024-12,2024.0,Eletivo,,-,72,SIH10
Valor total,Caráter atendimento,mensal,2024-12,2024.0,Urgência,1199286.75,"1199286,75",72,SIH10
Valor total,Caráter atendimento,mensal,2024-12,2024.0,Outros ac trab,22390.75,"22390,75",72,SIH10
Valor total,Caráter atendimento,mensal,2024-12,2024.0,Outras caus ext,,-,72,SIH10
Valor total,Caráter atendimento,mensal,2024-12,2024.0,Total,1221677.5,"1221677,50",72,SIH10
Valor total,Caráter atendimento,ano_publicado,,2025.0,Eletivo,1530709.78,"1530709,78",73,SIH10
Valor total,Caráter atendimento,ano_publicado,,2025.0,Urgência,15460490.6,"15460490,60",73,SIH10
Valor total,Caráter atendimento,ano_publicado,,2025.0,Outros ac trab,313198.89,"313198,89",73,SIH10
Valor total,Caráter atendimento,ano_publicado,,2025.0,Outras caus ext,67129.1,"67129,10",73,SIH10
Valor total,Caráter atendimento,ano_publicado,,2025.0,Total,17371528.37,"17371528,37",73,SIH10
Valor total,Caráter atendimento,mensal,2025-01,2025.0,Eletivo,25701.02,"25701,02",74,SIH10
Valor total,Caráter atendimento,mensal,2025-01,2025.0,Urgência,1486496.81,"1486496,81",74,SIH10
Valor total,Caráter atendimento,mensal,2025-01,2025.0,Outros ac trab,22680.06,"22680,06",74,SIH10
Valor total,Caráter atendimento,mensal,2025-01,2025.0,Outras caus ext,,-,74,SIH10
Valor total,Caráter atendimento,mensal,2025-01,2025.0,Total,1534877.89,"1534877,89",74,SIH10
Valor total,Caráter atendimento,mensal,2025-02,2025.0,Eletivo,126802.43,"126802,43",75,SIH10
Valor total,Caráter atendimento,mensal,2025-02,2025.0,Urgência,1203515.45,"1203515,45",75,SIH10
Valor total,Caráter atendimento,mensal,2025-02,2025.0,Outros ac trab,20502.68,"20502,68",75,SIH10
Valor total,Caráter atendimento,mensal,2025-02,2025.0,Outras caus ext,,-,75,SIH10
Valor total,Caráter atendimento,mensal,2025-02,2025.0,Total,1350820.56,"1350820,56",75,SIH10
Valor total,Caráter atendimento,mensal,2025-03,2025.0,Eletivo,195416.11,"195416,11",76,SIH10
Valor total,Caráter atendimento,mensal,2025-03,2025.0,Urgência,1814807.56,"1814807,56",76,SIH10
Valor total,Caráter atendimento,mensal,2025-03,2025.0,Outros ac trab,22468.44,"22468,44",76,SIH10
Valor total,Caráter atendimento,mensal,2025-03,2025.0,Outras caus ext,,-,76,SIH10
Valor total,Caráter atendimento,mensal,2025-03,2025.0,Total,2032692.11,"2032692,11",76,SIH10
Valor total,Caráter atendimento,mensal,2025-04,2025.0,Eletivo,220546.17,"220546,17",77,SIH10
Valor total,Caráter atendimento,mensal,2025-04,2025.0,Urgência,1417310.47,"1417310,47",77,SIH10
Valor total,Caráter atendimento,mensal,2025-04,2025.0,Outros ac trab,10912.2,"10912,20",77,SIH10
Valor total,Caráter atendimento,mensal,2025-04,2025.0,Outras caus ext,,-,77,SIH10
Valor total,Caráter atendimento,mensal,2025-04,2025.0,Total,1648768.84,"1648768,84",77,SIH10
Valor total,Caráter atendimento,mensal,2025-05,2025.0,Eletivo,143830.63,"143830,63",78,SIH10
Valor total,Caráter atendimento,mensal,2025-05,2025.0,Urgência,1718245.72,"1718245,72",78,SIH10
Valor total,Caráter atendimento,mensal,2025-05,2025.0,Outros ac trab,15333.6,"15333,60",78,SIH10
Valor total,Caráter atendimento,mensal,2025-05,2025.0,Outras caus ext,4411.56,"4411,56",78,SIH10
Valor total,Caráter atendimento,mensal,2025-05,2025.0,Total,1881821.51,"1881821,51",78,SIH10
Valor total,Caráter atendimento,mensal,2025-06,2025.0,Eletivo,575.08,"575,08",79,SIH10
Valor total,Caráter atendimento,mensal,2025-06,2025.0,Urgência,1339240.0,"1339240,00",79,SIH10
Valor total,Caráter atendimento,mensal,2025-06,2025.0,Outros ac trab,28296.89,"28296,89",79,SIH10
Valor total,Caráter atendimento,mensal,2025-06,2025.0,Outras caus ext,4688.16,"4688,16",79,SIH10
Valor total,Caráter atendimento,mensal,2025-06,2025.0,Total,1372800.13,"1372800,13",79,SIH10
Valor total,Caráter atendimento,mensal,2025-07,2025.0,Eletivo,,-,80,SIH10
Valor total,Caráter atendimento,mensal,2025-07,2025.0,Urgência,909834.6,"909834,60",80,SIH10
Valor total,Caráter atendimento,mensal,2025-07,2025.0,Outros ac trab,10324.21,"10324,21",80,SIH10
Valor total,Caráter atendimento,mensal,2025-07,2025.0,Outras caus ext,3539.62,"3539,62",80,SIH10
Valor total,Caráter atendimento,mensal,2025-07,2025.0,Total,923698.43,"923698,43",80,SIH10
Valor total,Caráter atendimento,mensal,2025-08,2025.0,Eletivo,,-,81,SIH10
Valor total,Caráter atendimento,mensal,2025-08,2025.0,Urgência,902638.37,"902638,37",81,SIH10
Valor total,Caráter atendimento,mensal,2025-08,2025.0,Outros ac trab,19306.59,"19306,59",81,SIH10
Valor total,Caráter atendimento,mensal,2025-08,2025.0,Outras caus ext,7812.02,"7812,02",81,SIH10
Valor total,Caráter atendimento,mensal,2025-08,2025.0,Total,929756.98,"929756,98",81,SIH10
Valor total,Caráter atendimento,mensal,2025-09,2025.0,Eletivo,134091.38,"134091,38",82,SIH10
Valor total,Caráter atendimento,mensal,2025-09,2025.0,Urgência,1216929.47,"1216929,47",82,SIH10
Valor total,Caráter atendimento,mensal,2025-09,2025.0,Outros ac trab,37043.65,"37043,65",82,SIH10
Valor total,Caráter atendimento,mensal,2025-09,2025.0,Outras caus ext,2330.7,"2330,70",82,SIH10
Valor total,Caráter atendimento,mensal,2025-09,2025.0,Total,1390395.2,"1390395,20",82,SIH10
Valor total,Caráter atendimento,mensal,2025-10,2025.0,Eletivo,264708.63,"264708,63",83,SIH10
Valor total,Caráter atendimento,mensal,2025-10,2025.0,Urgência,1171517.74,"1171517,74",83,SIH10
Valor total,Caráter atendimento,mensal,2025-10,2025.0,Outros ac trab,30176.28,"30176,28",83,SIH10
Valor total,Caráter atendimento,mensal,2025-10,2025.0,Outras caus ext,10888.44,"10888,44",83,SIH10
Valor total,Caráter atendimento,mensal,2025-10,2025.0,Total,1477291.09,"1477291,09",83,SIH10
Valor total,Caráter atendimento,mensal,2025-11,2025.0,Eletivo,231842.95,"231842,95",84,SIH10
Valor total,Caráter atendimento,mensal,2025-11,2025.0,Urgência,1098084.38,"1098084,38",84,SIH10
Valor total,Caráter atendimento,mensal,2025-11,2025.0,Outros ac trab,60665.25,"60665,25",84,SIH10
Valor total,Caráter atendimento,mensal,2025-11,2025.0,Outras caus ext,10071.66,"10071,66",84,SIH10
Valor total,Caráter atendimento,mensal,2025-11,2025.0,Total,1400664.24,"1400664,24",84,SIH10
Valor total,Caráter atendimento,mensal,2025-12,2025.0,Eletivo,187195.38,"187195,38",85,SIH10
Valor total,Caráter atendimento,mensal,2025-12,2025.0,Urgência,1181870.03,"1181870,03",85,SIH10
Valor total,Caráter atendimento,mensal,2025-12,2025.0,Outros ac trab,35489.04,"35489,04",85,SIH10
Valor total,Caráter atendimento,mensal,2025-12,2025.0,Outras caus ext,23386.94,"23386,94",85,SIH10
Valor total,Caráter atendimento,mensal,2025-12,2025.0,Total,1427941.39,"1427941,39",85,SIH10
Valor total,Caráter atendimento,ano_publicado,,2026.0,Eletivo,737273.18,"737273,18",86,SIH10
Valor total,Caráter atendimento,ano_publicado,,2026.0,Urgência,8289332.51,"8289332,51",86,SIH10
Valor total,Caráter atendimento,ano_publicado,,2026.0,Outros ac trab,266203.95,"266203,95",86,SIH10
Valor total,Caráter atendimento,ano_publicado,,2026.0,Outras caus ext,86709.5,"86709,50",86,SIH10
Valor total,Caráter atendimento,ano_publicado,,2026.0,Total,9379519.14,"9379519,14",86,SIH10
Valor total,Caráter atendimento,mensal,2026-01,2026.0,Eletivo,134532.79,"134532,79",87,SIH10
Valor total,Caráter atendimento,mensal,2026-01,2026.0,Urgência,1210430.02,"1210430,02",87,SIH10
Valor total,Caráter atendimento,mensal,2026-01,2026.0,Outros ac trab,43645.7,"43645,70",87,SIH10
Valor total,Caráter atendimento,mensal,2026-01,2026.0,Outras caus ext,11731.8,"11731,80",87,SIH10
Valor total,Caráter atendimento,mensal,2026-01,2026.0,Total,1400340.31,"1400340,31",87,SIH10
Valor total,Caráter atendimento,mensal,2026-02,2026.0,Eletivo,112124.74,"112124,74",88,SIH10
Valor total,Caráter atendimento,mensal,2026-02,2026.0,Urgência,891272.99,"891272,99",88,SIH10
Valor total,Caráter atendimento,mensal,2026-02,2026.0,Outros ac trab,48499.49,"48499,49",88,SIH10
Valor total,Caráter atendimento,mensal,2026-02,2026.0,Outras caus ext,11711.83,"11711,83",88,SIH10
Valor total,Caráter atendimento,mensal,2026-02,2026.0,Total,1063609.05,"1063609,05",88,SIH10
Valor total,Caráter atendimento,mensal,2026-03,2026.0,Eletivo,110471.43,"110471,43",89,SIH10
Valor total,Caráter atendimento,mensal,2026-03,2026.0,Urgência,1173871.47,"1173871,47",89,SIH10
Valor total,Caráter atendimento,mensal,2026-03,2026.0,Outros ac trab,28828.3,"28828,30",89,SIH10
Valor total,Caráter atendimento,mensal,2026-03,2026.0,Outras caus ext,23141.01,"23141,01",89,SIH10
Valor total,Caráter atendimento,mensal,2026-03,2026.0,Total,1336312.21,"1336312,21",89,SIH10
Valor total,Caráter atendimento,mensal,2026-04,2026.0,Eletivo,1184.98,"1184,98",90,SIH10
Valor total,Caráter atendimento,mensal,2026-04,2026.0,Urgência,1242929.81,"1242929,81",90,SIH10
Valor total,Caráter atendimento,mensal,2026-04,2026.0,Outros ac trab,40532.41,"40532,41",90,SIH10
Valor total,Caráter atendimento,mensal,2026-04,2026.0,Outras caus ext,11357.83,"11357,83",90,SIH10
Valor total,Caráter atendimento,mensal,2026-04,2026.0,Total,1296005.03,"1296005,03",90,SIH10
Valor total,Caráter atendimento,mensal,2026-05,2026.0,Eletivo,81155.28,"81155,28",91,SIH10
Valor total,Caráter atendimento,mensal,2026-05,2026.0,Urgência,1296064.97,"1296064,97",91,SIH10
Valor total,Caráter atendimento,mensal,2026-05,2026.0,Outros ac trab,32554.32,"32554,32",91,SIH10
Valor total,Caráter atendimento,mensal,2026-05,2026.0,Outras caus ext,7731.38,"7731,38",91,SIH10
Valor total,Caráter atendimento,mensal,2026-05,2026.0,Total,1417505.95,"1417505,95",91,SIH10
Valor total,Caráter atendimento,mensal,2026-06,2026.0,Eletivo,167075.67,"167075,67",92,SIH10
Valor total,Caráter atendimento,mensal,2026-06,2026.0,Urgência,1370089.39,"1370089,39",92,SIH10
Valor total,Caráter atendimento,mensal,2026-06,2026.0,Outros ac trab,23805.77,"23805,77",92,SIH10
Valor total,Caráter atendimento,mensal,2026-06,2026.0,Outras caus ext,7427.35,"7427,35",92,SIH10
Valor total,Caráter atendimento,mensal,2026-06,2026.0,Total,1568398.18,"1568398,18",92,SIH10
Valor total,Caráter atendimento,mensal,2026-07,2026.0,Eletivo,130728.29,"130728,29",93,SIH10
Valor total,Caráter atendimento,mensal,2026-07,2026.0,Urgência,1104673.86,"1104673,86",93,SIH10
Valor total,Caráter atendimento,mensal,2026-07,2026.0,Outros ac trab,48337.96,"48337,96",93,SIH10
Valor total,Caráter atendimento,mensal,2026-07,2026.0,Outras caus ext,13608.3,"13608,30",93,SIH10
Valor total,Caráter atendimento,mensal,2026-07,2026.0,Total,1297348.41,"1297348,41",93,SIH10
Valor total,Caráter atendimento,total_publicado,,,Eletivo,2481934.52,"2481934,52",94,SIH10
Valor total,Caráter atendimento,total_publicado,,,Urgência,129928364.54,"129928364,54",94,SIH10
Valor total,Caráter atendimento,total_publicado,,,Outros ac trab,3021378.52,"3021378,52",94,SIH10
Valor total,Caráter atendimento,total_publicado,,,Outras caus ext,4254650.31,"4254650,31",94,SIH10
Valor total,Caráter atendimento,total_publicado,,,Total,139686327.89,"139686327,89",94,SIH10
Dias permanência,Caráter atendimento,ano_publicado,,2019.0,Eletivo,,-,6,SIH11
Dias permanência,Caráter atendimento,ano_publicado,,2019.0,Urgência,1594.0,1594,6,SIH11
Dias permanência,Caráter atendimento,ano_publicado,,2019.0,Outros ac trab,72.0,72,6,SIH11
Dias permanência,Caráter atendimento,ano_publicado,,2019.0,Outras caus ext,234.0,234,6,SIH11
Dias permanência,Caráter atendimento,ano_publicado,,2019.0,Total,1900.0,1900,6,SIH11
Dias permanência,Caráter atendimento,mensal,2019-12,2019.0,Eletivo,,-,7,SIH11
Dias permanência,Caráter atendimento,mensal,2019-12,2019.0,Urgência,1594.0,1594,7,SIH11
Dias permanência,Caráter atendimento,mensal,2019-12,2019.0,Outros ac trab,72.0,72,7,SIH11
Dias permanência,Caráter atendimento,mensal,2019-12,2019.0,Outras caus ext,234.0,234,7,SIH11
Dias permanência,Caráter atendimento,mensal,2019-12,2019.0,Total,1900.0,1900,7,SIH11
Dias permanência,Caráter atendimento,ano_publicado,,2020.0,Eletivo,32.0,32,8,SIH11
Dias permanência,Caráter atendimento,ano_publicado,,2020.0,Urgência,46439.0,46439,8,SIH11
Dias permanência,Caráter atendimento,ano_publicado,,2020.0,Outros ac trab,1992.0,1992,8,SIH11
Dias permanência,Caráter atendimento,ano_publicado,,2020.0,Outras caus ext,5439.0,5439,8,SIH11
Dias permanência,Caráter atendimento,ano_publicado,,2020.0,Total,53902.0,53902,8,SIH11
Dias permanência,Caráter atendimento,mensal,2020-01,2020.0,Eletivo,,-,9,SIH11
Dias permanência,Caráter atendimento,mensal,2020-01,2020.0,Urgência,3539.0,3539,9,SIH11
Dias permanência,Caráter atendimento,mensal,2020-01,2020.0,Outros ac trab,127.0,127,9,SIH11
Dias permanência,Caráter atendimento,mensal,2020-01,2020.0,Outras caus ext,761.0,761,9,SIH11
Dias permanência,Caráter atendimento,mensal,2020-01,2020.0,Total,4427.0,4427,9,SIH11
Dias permanência,Caráter atendimento,mensal,2020-02,2020.0,Eletivo,,-,10,SIH11
Dias permanência,Caráter atendimento,mensal,2020-02,2020.0,Urgência,4286.0,4286,10,SIH11
Dias permanência,Caráter atendimento,mensal,2020-02,2020.0,Outros ac trab,140.0,140,10,SIH11
Dias permanência,Caráter atendimento,mensal,2020-02,2020.0,Outras caus ext,683.0,683,10,SIH11
Dias permanência,Caráter atendimento,mensal,2020-02,2020.0,Total,5109.0,5109,10,SIH11
Dias permanência,Caráter atendimento,mensal,2020-03,2020.0,Eletivo,,-,11,SIH11
Dias permanência,Caráter atendimento,mensal,2020-03,2020.0,Urgência,2585.0,2585,11,SIH11
Dias permanência,Caráter atendimento,mensal,2020-03,2020.0,Outros ac trab,146.0,146,11,SIH11
Dias permanência,Caráter atendimento,mensal,2020-03,2020.0,Outras caus ext,630.0,630,11,SIH11
Dias permanência,Caráter atendimento,mensal,2020-03,2020.0,Total,3361.0,3361,11,SIH11
Dias permanência,Caráter atendimento,mensal,2020-04,2020.0,Eletivo,,-,12,SIH11
Dias permanência,Caráter atendimento,mensal,2020-04,2020.0,Urgência,3677.0,3677,12,SIH11
Dias permanência,Caráter atendimento,mensal,2020-04,2020.0,Outros ac trab,147.0,147,12,SIH11
Dias permanência,Caráter atendimento,mensal,2020-04,2020.0,Outras caus ext,246.0,246,12,SIH11
Dias permanência,Caráter atendimento,mensal,2020-04,2020.0,Total,4070.0,4070,12,SIH11
Dias permanência,Caráter atendimento,mensal,2020-05,2020.0,Eletivo,,-,13,SIH11
Dias permanência,Caráter atendimento,mensal,2020-05,2020.0,Urgência,4130.0,4130,13,SIH11
Dias permanência,Caráter atendimento,mensal,2020-05,2020.0,Outros ac trab,232.0,232,13,SIH11
Dias permanência,Caráter atendimento,mensal,2020-05,2020.0,Outras caus ext,300.0,300,13,SIH11
Dias permanência,Caráter atendimento,mensal,2020-05,2020.0,Total,4662.0,4662,13,SIH11
Dias permanência,Caráter atendimento,mensal,2020-06,2020.0,Eletivo,,-,14,SIH11
Dias permanência,Caráter atendimento,mensal,2020-06,2020.0,Urgência,4637.0,4637,14,SIH11
Dias permanência,Caráter atendimento,mensal,2020-06,2020.0,Outros ac trab,163.0,163,14,SIH11
Dias permanência,Caráter atendimento,mensal,2020-06,2020.0,Outras caus ext,344.0,344,14,SIH11
Dias permanência,Caráter atendimento,mensal,2020-06,2020.0,Total,5144.0,5144,14,SIH11
Dias permanência,Caráter atendimento,mensal,2020-07,2020.0,Eletivo,,-,15,SIH11
Dias permanência,Caráter atendimento,mensal,2020-07,2020.0,Urgência,4356.0,4356,15,SIH11
Dias permanência,Caráter atendimento,mensal,2020-07,2020.0,Outros ac trab,138.0,138,15,SIH11
Dias permanência,Caráter atendimento,mensal,2020-07,2020.0,Outras caus ext,549.0,549,15,SIH11
Dias permanência,Caráter atendimento,mensal,2020-07,2020.0,Total,5043.0,5043,15,SIH11
Dias permanência,Caráter atendimento,mensal,2020-08,2020.0,Eletivo,,-,16,SIH11
Dias permanência,Caráter atendimento,mensal,2020-08,2020.0,Urgência,2587.0,2587,16,SIH11
Dias permanência,Caráter atendimento,mensal,2020-08,2020.0,Outros ac trab,183.0,183,16,SIH11
Dias permanência,Caráter atendimento,mensal,2020-08,2020.0,Outras caus ext,398.0,398,16,SIH11
Dias permanência,Caráter atendimento,mensal,2020-08,2020.0,Total,3168.0,3168,16,SIH11
Dias permanência,Caráter atendimento,mensal,2020-09,2020.0,Eletivo,19.0,19,17,SIH11
Dias permanência,Caráter atendimento,mensal,2020-09,2020.0,Urgência,4085.0,4085,17,SIH11
Dias permanência,Caráter atendimento,mensal,2020-09,2020.0,Outros ac trab,100.0,100,17,SIH11
Dias permanência,Caráter atendimento,mensal,2020-09,2020.0,Outras caus ext,328.0,328,17,SIH11
Dias permanência,Caráter atendimento,mensal,2020-09,2020.0,Total,4532.0,4532,17,SIH11
Dias permanência,Caráter atendimento,mensal,2020-10,2020.0,Eletivo,13.0,13,18,SIH11
Dias permanência,Caráter atendimento,mensal,2020-10,2020.0,Urgência,4014.0,4014,18,SIH11
Dias permanência,Caráter atendimento,mensal,2020-10,2020.0,Outros ac trab,59.0,59,18,SIH11
Dias permanência,Caráter atendimento,mensal,2020-10,2020.0,Outras caus ext,61.0,61,18,SIH11
Dias permanência,Caráter atendimento,mensal,2020-10,2020.0,Total,4147.0,4147,18,SIH11
Dias permanência,Caráter atendimento,mensal,2020-11,2020.0,Eletivo,,-,19,SIH11
Dias permanência,Caráter atendimento,mensal,2020-11,2020.0,Urgência,4538.0,4538,19,SIH11
Dias permanência,Caráter atendimento,mensal,2020-11,2020.0,Outros ac trab,294.0,294,19,SIH11
Dias permanência,Caráter atendimento,mensal,2020-11,2020.0,Outras caus ext,583.0,583,19,SIH11
Dias permanência,Caráter atendimento,mensal,2020-11,2020.0,Total,5415.0,5415,19,SIH11
Dias permanência,Caráter atendimento,mensal,2020-12,2020.0,Eletivo,,-,20,SIH11
Dias permanência,Caráter atendimento,mensal,2020-12,2020.0,Urgência,4005.0,4005,20,SIH11
Dias permanência,Caráter atendimento,mensal,2020-12,2020.0,Outros ac trab,263.0,263,20,SIH11
Dias permanência,Caráter atendimento,mensal,2020-12,2020.0,Outras caus ext,556.0,556,20,SIH11
Dias permanência,Caráter atendimento,mensal,2020-12,2020.0,Total,4824.0,4824,20,SIH11
Dias permanência,Caráter atendimento,ano_publicado,,2021.0,Eletivo,17.0,17,21,SIH11
Dias permanência,Caráter atendimento,ano_publicado,,2021.0,Urgência,52215.0,52215,21,SIH11
Dias permanência,Caráter atendimento,ano_publicado,,2021.0,Outros ac trab,1598.0,1598,21,SIH11
Dias permanência,Caráter atendimento,ano_publicado,,2021.0,Outras caus ext,3497.0,3497,21,SIH11
Dias permanência,Caráter atendimento,ano_publicado,,2021.0,Total,57327.0,57327,21,SIH11
Dias permanência,Caráter atendimento,mensal,2021-01,2021.0,Eletivo,,-,22,SIH11
Dias permanência,Caráter atendimento,mensal,2021-01,2021.0,Urgência,4897.0,4897,22,SIH11
Dias permanência,Caráter atendimento,mensal,2021-01,2021.0,Outros ac trab,221.0,221,22,SIH11
Dias permanência,Caráter atendimento,mensal,2021-01,2021.0,Outras caus ext,323.0,323,22,SIH11
Dias permanência,Caráter atendimento,mensal,2021-01,2021.0,Total,5441.0,5441,22,SIH11
Dias permanência,Caráter atendimento,mensal,2021-02,2021.0,Eletivo,,-,23,SIH11
Dias permanência,Caráter atendimento,mensal,2021-02,2021.0,Urgência,4124.0,4124,23,SIH11
Dias permanência,Caráter atendimento,mensal,2021-02,2021.0,Outros ac trab,88.0,88,23,SIH11
Dias permanência,Caráter atendimento,mensal,2021-02,2021.0,Outras caus ext,336.0,336,23,SIH11
Dias permanência,Caráter atendimento,mensal,2021-02,2021.0,Total,4548.0,4548,23,SIH11
Dias permanência,Caráter atendimento,mensal,2021-03,2021.0,Eletivo,,-,24,SIH11
Dias permanência,Caráter atendimento,mensal,2021-03,2021.0,Urgência,4990.0,4990,24,SIH11
Dias permanência,Caráter atendimento,mensal,2021-03,2021.0,Outros ac trab,173.0,173,24,SIH11
Dias permanência,Caráter atendimento,mensal,2021-03,2021.0,Outras caus ext,298.0,298,24,SIH11
Dias permanência,Caráter atendimento,mensal,2021-03,2021.0,Total,5461.0,5461,24,SIH11
Dias permanência,Caráter atendimento,mensal,2021-04,2021.0,Eletivo,,-,25,SIH11
Dias permanência,Caráter atendimento,mensal,2021-04,2021.0,Urgência,4974.0,4974,25,SIH11
Dias permanência,Caráter atendimento,mensal,2021-04,2021.0,Outros ac trab,127.0,127,25,SIH11
Dias permanência,Caráter atendimento,mensal,2021-04,2021.0,Outras caus ext,313.0,313,25,SIH11
Dias permanência,Caráter atendimento,mensal,2021-04,2021.0,Total,5414.0,5414,25,SIH11
Dias permanência,Caráter atendimento,mensal,2021-05,2021.0,Eletivo,,-,26,SIH11
Dias permanência,Caráter atendimento,mensal,2021-05,2021.0,Urgência,4751.0,4751,26,SIH11
Dias permanência,Caráter atendimento,mensal,2021-05,2021.0,Outros ac trab,181.0,181,26,SIH11
Dias permanência,Caráter atendimento,mensal,2021-05,2021.0,Outras caus ext,367.0,367,26,SIH11
Dias permanência,Caráter atendimento,mensal,2021-05,2021.0,Total,5299.0,5299,26,SIH11
Dias permanência,Caráter atendimento,mensal,2021-06,2021.0,Eletivo,,-,27,SIH11
Dias permanência,Caráter atendimento,mensal,2021-06,2021.0,Urgência,3737.0,3737,27,SIH11
Dias permanência,Caráter atendimento,mensal,2021-06,2021.0,Outros ac trab,118.0,118,27,SIH11
Dias permanência,Caráter atendimento,mensal,2021-06,2021.0,Outras caus ext,288.0,288,27,SIH11
Dias permanência,Caráter atendimento,mensal,2021-06,2021.0,Total,4143.0,4143,27,SIH11
Dias permanência,Caráter atendimento,mensal,2021-07,2021.0,Eletivo,13.0,13,28,SIH11
Dias permanência,Caráter atendimento,mensal,2021-07,2021.0,Urgência,4478.0,4478,28,SIH11
Dias permanência,Caráter atendimento,mensal,2021-07,2021.0,Outros ac trab,137.0,137,28,SIH11
Dias permanência,Caráter atendimento,mensal,2021-07,2021.0,Outras caus ext,331.0,331,28,SIH11
Dias permanência,Caráter atendimento,mensal,2021-07,2021.0,Total,4959.0,4959,28,SIH11
Dias permanência,Caráter atendimento,mensal,2021-08,2021.0,Eletivo,,-,29,SIH11
Dias permanência,Caráter atendimento,mensal,2021-08,2021.0,Urgência,3767.0,3767,29,SIH11
Dias permanência,Caráter atendimento,mensal,2021-08,2021.0,Outros ac trab,132.0,132,29,SIH11
Dias permanência,Caráter atendimento,mensal,2021-08,2021.0,Outras caus ext,350.0,350,29,SIH11
Dias permanência,Caráter atendimento,mensal,2021-08,2021.0,Total,4249.0,4249,29,SIH11
Dias permanência,Caráter atendimento,mensal,2021-09,2021.0,Eletivo,,-,30,SIH11
Dias permanência,Caráter atendimento,mensal,2021-09,2021.0,Urgência,4566.0,4566,30,SIH11
Dias permanência,Caráter atendimento,mensal,2021-09,2021.0,Outros ac trab,107.0,107,30,SIH11
Dias permanência,Caráter atendimento,mensal,2021-09,2021.0,Outras caus ext,318.0,318,30,SIH11
Dias permanência,Caráter atendimento,mensal,2021-09,2021.0,Total,4991.0,4991,30,SIH11
Dias permanência,Caráter atendimento,mensal,2021-10,2021.0,Eletivo,,-,31,SIH11
Dias permanência,Caráter atendimento,mensal,2021-10,2021.0,Urgência,3927.0,3927,31,SIH11
Dias permanência,Caráter atendimento,mensal,2021-10,2021.0,Outros ac trab,19.0,19,31,SIH11
Dias permanência,Caráter atendimento,mensal,2021-10,2021.0,Outras caus ext,13.0,13,31,SIH11
Dias permanência,Caráter atendimento,mensal,2021-10,2021.0,Total,3959.0,3959,31,SIH11
Dias permanência,Caráter atendimento,mensal,2021-11,2021.0,Eletivo,,-,32,SIH11
Dias permanência,Caráter atendimento,mensal,2021-11,2021.0,Urgência,3780.0,3780,32,SIH11
Dias permanência,Caráter atendimento,mensal,2021-11,2021.0,Outros ac trab,127.0,127,32,SIH11
Dias permanência,Caráter atendimento,mensal,2021-11,2021.0,Outras caus ext,247.0,247,32,SIH11
Dias permanência,Caráter atendimento,mensal,2021-11,2021.0,Total,4154.0,4154,32,SIH11
Dias permanência,Caráter atendimento,mensal,2021-12,2021.0,Eletivo,4.0,4,33,SIH11
Dias permanência,Caráter atendimento,mensal,2021-12,2021.0,Urgência,4224.0,4224,33,SIH11
Dias permanência,Caráter atendimento,mensal,2021-12,2021.0,Outros ac trab,168.0,168,33,SIH11
Dias permanência,Caráter atendimento,mensal,2021-12,2021.0,Outras caus ext,313.0,313,33,SIH11
Dias permanência,Caráter atendimento,mensal,2021-12,2021.0,Total,4709.0,4709,33,SIH11
Dias permanência,Caráter atendimento,ano_publicado,,2022.0,Eletivo,322.0,322,34,SIH11
Dias permanência,Caráter atendimento,ano_publicado,,2022.0,Urgência,45819.0,45819,34,SIH11
Dias permanência,Caráter atendimento,ano_publicado,,2022.0,Outros ac trab,1440.0,1440,34,SIH11
Dias permanência,Caráter atendimento,ano_publicado,,2022.0,Outras caus ext,2688.0,2688,34,SIH11
Dias permanência,Caráter atendimento,ano_publicado,,2022.0,Total,50269.0,50269,34,SIH11
Dias permanência,Caráter atendimento,mensal,2022-01,2022.0,Eletivo,1.0,1,35,SIH11
Dias permanência,Caráter atendimento,mensal,2022-01,2022.0,Urgência,4476.0,4476,35,SIH11
Dias permanência,Caráter atendimento,mensal,2022-01,2022.0,Outros ac trab,176.0,176,35,SIH11
Dias permanência,Caráter atendimento,mensal,2022-01,2022.0,Outras caus ext,213.0,213,35,SIH11
Dias permanência,Caráter atendimento,mensal,2022-01,2022.0,Total,4866.0,4866,35,SIH11
Dias permanência,Caráter atendimento,mensal,2022-02,2022.0,Eletivo,,-,36,SIH11
Dias permanência,Caráter atendimento,mensal,2022-02,2022.0,Urgência,4028.0,4028,36,SIH11
Dias permanência,Caráter atendimento,mensal,2022-02,2022.0,Outros ac trab,93.0,93,36,SIH11
Dias permanência,Caráter atendimento,mensal,2022-02,2022.0,Outras caus ext,301.0,301,36,SIH11
Dias permanência,Caráter atendimento,mensal,2022-02,2022.0,Total,4422.0,4422,36,SIH11
Dias permanência,Caráter atendimento,mensal,2022-03,2022.0,Eletivo,,-,37,SIH11
Dias permanência,Caráter atendimento,mensal,2022-03,2022.0,Urgência,3316.0,3316,37,SIH11
Dias permanência,Caráter atendimento,mensal,2022-03,2022.0,Outros ac trab,114.0,114,37,SIH11
Dias permanência,Caráter atendimento,mensal,2022-03,2022.0,Outras caus ext,320.0,320,37,SIH11
Dias permanência,Caráter atendimento,mensal,2022-03,2022.0,Total,3750.0,3750,37,SIH11
Dias permanência,Caráter atendimento,mensal,2022-04,2022.0,Eletivo,,-,38,SIH11
Dias permanência,Caráter atendimento,mensal,2022-04,2022.0,Urgência,4011.0,4011,38,SIH11
Dias permanência,Caráter atendimento,mensal,2022-04,2022.0,Outros ac trab,192.0,192,38,SIH11
Dias permanência,Caráter atendimento,mensal,2022-04,2022.0,Outras caus ext,362.0,362,38,SIH11
Dias permanência,Caráter atendimento,mensal,2022-04,2022.0,Total,4565.0,4565,38,SIH11
Dias permanência,Caráter atendimento,mensal,2022-05,2022.0,Eletivo,3.0,3,39,SIH11
Dias permanência,Caráter atendimento,mensal,2022-05,2022.0,Urgência,3781.0,3781,39,SIH11
Dias permanência,Caráter atendimento,mensal,2022-05,2022.0,Outros ac trab,120.0,120,39,SIH11
Dias permanência,Caráter atendimento,mensal,2022-05,2022.0,Outras caus ext,313.0,313,39,SIH11
Dias permanência,Caráter atendimento,mensal,2022-05,2022.0,Total,4217.0,4217,39,SIH11
Dias permanência,Caráter atendimento,mensal,2022-06,2022.0,Eletivo,27.0,27,40,SIH11
Dias permanência,Caráter atendimento,mensal,2022-06,2022.0,Urgência,3414.0,3414,40,SIH11
Dias permanência,Caráter atendimento,mensal,2022-06,2022.0,Outros ac trab,143.0,143,40,SIH11
Dias permanência,Caráter atendimento,mensal,2022-06,2022.0,Outras caus ext,233.0,233,40,SIH11
Dias permanência,Caráter atendimento,mensal,2022-06,2022.0,Total,3817.0,3817,40,SIH11
Dias permanência,Caráter atendimento,mensal,2022-07,2022.0,Eletivo,,-,41,SIH11
Dias permanência,Caráter atendimento,mensal,2022-07,2022.0,Urgência,3843.0,3843,41,SIH11
Dias permanência,Caráter atendimento,mensal,2022-07,2022.0,Outros ac trab,179.0,179,41,SIH11
Dias permanência,Caráter atendimento,mensal,2022-07,2022.0,Outras caus ext,223.0,223,41,SIH11
Dias permanência,Caráter atendimento,mensal,2022-07,2022.0,Total,4245.0,4245,41,SIH11
Dias permanência,Caráter atendimento,mensal,2022-08,2022.0,Eletivo,88.0,88,42,SIH11
Dias permanência,Caráter atendimento,mensal,2022-08,2022.0,Urgência,3500.0,3500,42,SIH11
Dias permanência,Caráter atendimento,mensal,2022-08,2022.0,Outros ac trab,157.0,157,42,SIH11
Dias permanência,Caráter atendimento,mensal,2022-08,2022.0,Outras caus ext,342.0,342,42,SIH11
Dias permanência,Caráter atendimento,mensal,2022-08,2022.0,Total,4087.0,4087,42,SIH11
Dias permanência,Caráter atendimento,mensal,2022-09,2022.0,Eletivo,55.0,55,43,SIH11
Dias permanência,Caráter atendimento,mensal,2022-09,2022.0,Urgência,3625.0,3625,43,SIH11
Dias permanência,Caráter atendimento,mensal,2022-09,2022.0,Outros ac trab,110.0,110,43,SIH11
Dias permanência,Caráter atendimento,mensal,2022-09,2022.0,Outras caus ext,209.0,209,43,SIH11
Dias permanência,Caráter atendimento,mensal,2022-09,2022.0,Total,3999.0,3999,43,SIH11
Dias permanência,Caráter atendimento,mensal,2022-10,2022.0,Eletivo,71.0,71,44,SIH11
Dias permanência,Caráter atendimento,mensal,2022-10,2022.0,Urgência,4407.0,4407,44,SIH11
Dias permanência,Caráter atendimento,mensal,2022-10,2022.0,Outros ac trab,15.0,15,44,SIH11
Dias permanência,Caráter atendimento,mensal,2022-10,2022.0,Outras caus ext,37.0,37,44,SIH11
Dias permanência,Caráter atendimento,mensal,2022-10,2022.0,Total,4530.0,4530,44,SIH11
Dias permanência,Caráter atendimento,mensal,2022-11,2022.0,Eletivo,54.0,54,45,SIH11
Dias permanência,Caráter atendimento,mensal,2022-11,2022.0,Urgência,4140.0,4140,45,SIH11
Dias permanência,Caráter atendimento,mensal,2022-11,2022.0,Outros ac trab,49.0,49,45,SIH11
Dias permanência,Caráter atendimento,mensal,2022-11,2022.0,Outras caus ext,11.0,11,45,SIH11
Dias permanência,Caráter atendimento,mensal,2022-11,2022.0,Total,4254.0,4254,45,SIH11
Dias permanência,Caráter atendimento,mensal,2022-12,2022.0,Eletivo,23.0,23,46,SIH11
Dias permanência,Caráter atendimento,mensal,2022-12,2022.0,Urgência,3278.0,3278,46,SIH11
Dias permanência,Caráter atendimento,mensal,2022-12,2022.0,Outros ac trab,92.0,92,46,SIH11
Dias permanência,Caráter atendimento,mensal,2022-12,2022.0,Outras caus ext,124.0,124,46,SIH11
Dias permanência,Caráter atendimento,mensal,2022-12,2022.0,Total,3517.0,3517,46,SIH11
Dias permanência,Caráter atendimento,ano_publicado,,2023.0,Eletivo,19.0,19,47,SIH11
Dias permanência,Caráter atendimento,ano_publicado,,2023.0,Urgência,43276.0,43276,47,SIH11
Dias permanência,Caráter atendimento,ano_publicado,,2023.0,Outros ac trab,1708.0,1708,47,SIH11
Dias permanência,Caráter atendimento,ano_publicado,,2023.0,Outras caus ext,2789.0,2789,47,SIH11
Dias permanência,Caráter atendimento,ano_publicado,,2023.0,Total,47792.0,47792,47,SIH11
Dias permanência,Caráter atendimento,mensal,2023-01,2023.0,Eletivo,,-,48,SIH11
Dias permanência,Caráter atendimento,mensal,2023-01,2023.0,Urgência,3776.0,3776,48,SIH11
Dias permanência,Caráter atendimento,mensal,2023-01,2023.0,Outros ac trab,90.0,90,48,SIH11
Dias permanência,Caráter atendimento,mensal,2023-01,2023.0,Outras caus ext,188.0,188,48,SIH11
Dias permanência,Caráter atendimento,mensal,2023-01,2023.0,Total,4054.0,4054,48,SIH11
Dias permanência,Caráter atendimento,mensal,2023-02,2023.0,Eletivo,,-,49,SIH11
Dias permanência,Caráter atendimento,mensal,2023-02,2023.0,Urgência,3593.0,3593,49,SIH11
Dias permanência,Caráter atendimento,mensal,2023-02,2023.0,Outros ac trab,131.0,131,49,SIH11
Dias permanência,Caráter atendimento,mensal,2023-02,2023.0,Outras caus ext,216.0,216,49,SIH11
Dias permanência,Caráter atendimento,mensal,2023-02,2023.0,Total,3940.0,3940,49,SIH11
Dias permanência,Caráter atendimento,mensal,2023-03,2023.0,Eletivo,,-,50,SIH11
Dias permanência,Caráter atendimento,mensal,2023-03,2023.0,Urgência,3532.0,3532,50,SIH11
Dias permanência,Caráter atendimento,mensal,2023-03,2023.0,Outros ac trab,208.0,208,50,SIH11
Dias permanência,Caráter atendimento,mensal,2023-03,2023.0,Outras caus ext,333.0,333,50,SIH11
Dias permanência,Caráter atendimento,mensal,2023-03,2023.0,Total,4073.0,4073,50,SIH11
Dias permanência,Caráter atendimento,mensal,2023-04,2023.0,Eletivo,2.0,2,51,SIH11
Dias permanência,Caráter atendimento,mensal,2023-04,2023.0,Urgência,3751.0,3751,51,SIH11
Dias permanência,Caráter atendimento,mensal,2023-04,2023.0,Outros ac trab,29.0,29,51,SIH11
Dias permanência,Caráter atendimento,mensal,2023-04,2023.0,Outras caus ext,99.0,99,51,SIH11
Dias permanência,Caráter atendimento,mensal,2023-04,2023.0,Total,3881.0,3881,51,SIH11
Dias permanência,Caráter atendimento,mensal,2023-05,2023.0,Eletivo,,-,52,SIH11
Dias permanência,Caráter atendimento,mensal,2023-05,2023.0,Urgência,3836.0,3836,52,SIH11
Dias permanência,Caráter atendimento,mensal,2023-05,2023.0,Outros ac trab,11.0,11,52,SIH11
Dias permanência,Caráter atendimento,mensal,2023-05,2023.0,Outras caus ext,51.0,51,52,SIH11
Dias permanência,Caráter atendimento,mensal,2023-05,2023.0,Total,3898.0,3898,52,SIH11
Dias permanência,Caráter atendimento,mensal,2023-06,2023.0,Eletivo,,-,53,SIH11
Dias permanência,Caráter atendimento,mensal,2023-06,2023.0,Urgência,3732.0,3732,53,SIH11
Dias permanência,Caráter atendimento,mensal,2023-06,2023.0,Outros ac trab,154.0,154,53,SIH11
Dias permanência,Caráter atendimento,mensal,2023-06,2023.0,Outras caus ext,320.0,320,53,SIH11
Dias permanência,Caráter atendimento,mensal,2023-06,2023.0,Total,4206.0,4206,53,SIH11
Dias permanência,Caráter atendimento,mensal,2023-07,2023.0,Eletivo,11.0,11,54,SIH11
Dias permanência,Caráter atendimento,mensal,2023-07,2023.0,Urgência,3089.0,3089,54,SIH11
Dias permanência,Caráter atendimento,mensal,2023-07,2023.0,Outros ac trab,72.0,72,54,SIH11
Dias permanência,Caráter atendimento,mensal,2023-07,2023.0,Outras caus ext,178.0,178,54,SIH11
Dias permanência,Caráter atendimento,mensal,2023-07,2023.0,Total,3350.0,3350,54,SIH11
Dias permanência,Caráter atendimento,mensal,2023-08,2023.0,Eletivo,,-,55,SIH11
Dias permanência,Caráter atendimento,mensal,2023-08,2023.0,Urgência,4047.0,4047,55,SIH11
Dias permanência,Caráter atendimento,mensal,2023-08,2023.0,Outros ac trab,230.0,230,55,SIH11
Dias permanência,Caráter atendimento,mensal,2023-08,2023.0,Outras caus ext,246.0,246,55,SIH11
Dias permanência,Caráter atendimento,mensal,2023-08,2023.0,Total,4523.0,4523,55,SIH11
Dias permanência,Caráter atendimento,mensal,2023-09,2023.0,Eletivo,,-,56,SIH11
Dias permanência,Caráter atendimento,mensal,2023-09,2023.0,Urgência,3182.0,3182,56,SIH11
Dias permanência,Caráter atendimento,mensal,2023-09,2023.0,Outros ac trab,217.0,217,56,SIH11
Dias permanência,Caráter atendimento,mensal,2023-09,2023.0,Outras caus ext,402.0,402,56,SIH11
Dias permanência,Caráter atendimento,mensal,2023-09,2023.0,Total,3801.0,3801,56,SIH11
Dias permanência,Caráter atendimento,mensal,2023-10,2023.0,Eletivo,,-,57,SIH11
Dias permanência,Caráter atendimento,mensal,2023-10,2023.0,Urgência,3399.0,3399,57,SIH11
Dias permanência,Caráter atendimento,mensal,2023-10,2023.0,Outros ac trab,350.0,350,57,SIH11
Dias permanência,Caráter atendimento,mensal,2023-10,2023.0,Outras caus ext,415.0,415,57,SIH11
Dias permanência,Caráter atendimento,mensal,2023-10,2023.0,Total,4164.0,4164,57,SIH11
Dias permanência,Caráter atendimento,mensal,2023-11,2023.0,Eletivo,,-,58,SIH11
Dias permanência,Caráter atendimento,mensal,2023-11,2023.0,Urgência,3876.0,3876,58,SIH11
Dias permanência,Caráter atendimento,mensal,2023-11,2023.0,Outros ac trab,69.0,69,58,SIH11
Dias permanência,Caráter atendimento,mensal,2023-11,2023.0,Outras caus ext,287.0,287,58,SIH11
Dias permanência,Caráter atendimento,mensal,2023-11,2023.0,Total,4232.0,4232,58,SIH11
Dias permanência,Caráter atendimento,mensal,2023-12,2023.0,Eletivo,6.0,6,59,SIH11
Dias permanência,Caráter atendimento,mensal,2023-12,2023.0,Urgência,3463.0,3463,59,SIH11
Dias permanência,Caráter atendimento,mensal,2023-12,2023.0,Outros ac trab,147.0,147,59,SIH11
Dias permanência,Caráter atendimento,mensal,2023-12,2023.0,Outras caus ext,54.0,54,59,SIH11
Dias permanência,Caráter atendimento,mensal,2023-12,2023.0,Total,3670.0,3670,59,SIH11
Dias permanência,Caráter atendimento,ano_publicado,,2024.0,Eletivo,4.0,4,60,SIH11
Dias permanência,Caráter atendimento,ano_publicado,,2024.0,Urgência,42832.0,42832,60,SIH11
Dias permanência,Caráter atendimento,ano_publicado,,2024.0,Outros ac trab,1697.0,1697,60,SIH11
Dias permanência,Caráter atendimento,ano_publicado,,2024.0,Outras caus ext,1704.0,1704,60,SIH11
Dias permanência,Caráter atendimento,ano_publicado,,2024.0,Total,46237.0,46237,60,SIH11
Dias permanência,Caráter atendimento,mensal,2024-01,2024.0,Eletivo,,-,61,SIH11
Dias permanência,Caráter atendimento,mensal,2024-01,2024.0,Urgência,4117.0,4117,61,SIH11
Dias permanência,Caráter atendimento,mensal,2024-01,2024.0,Outros ac trab,216.0,216,61,SIH11
Dias permanência,Caráter atendimento,mensal,2024-01,2024.0,Outras caus ext,199.0,199,61,SIH11
Dias permanência,Caráter atendimento,mensal,2024-01,2024.0,Total,4532.0,4532,61,SIH11
Dias permanência,Caráter atendimento,mensal,2024-02,2024.0,Eletivo,,-,62,SIH11
Dias permanência,Caráter atendimento,mensal,2024-02,2024.0,Urgência,3180.0,3180,62,SIH11
Dias permanência,Caráter atendimento,mensal,2024-02,2024.0,Outros ac trab,148.0,148,62,SIH11
Dias permanência,Caráter atendimento,mensal,2024-02,2024.0,Outras caus ext,301.0,301,62,SIH11
Dias permanência,Caráter atendimento,mensal,2024-02,2024.0,Total,3629.0,3629,62,SIH11
Dias permanência,Caráter atendimento,mensal,2024-03,2024.0,Eletivo,,-,63,SIH11
Dias permanência,Caráter atendimento,mensal,2024-03,2024.0,Urgência,3268.0,3268,63,SIH11
Dias permanência,Caráter atendimento,mensal,2024-03,2024.0,Outros ac trab,143.0,143,63,SIH11
Dias permanência,Caráter atendimento,mensal,2024-03,2024.0,Outras caus ext,239.0,239,63,SIH11
Dias permanência,Caráter atendimento,mensal,2024-03,2024.0,Total,3650.0,3650,63,SIH11
Dias permanência,Caráter atendimento,mensal,2024-04,2024.0,Eletivo,,-,64,SIH11
Dias permanência,Caráter atendimento,mensal,2024-04,2024.0,Urgência,3349.0,3349,64,SIH11
Dias permanência,Caráter atendimento,mensal,2024-04,2024.0,Outros ac trab,201.0,201,64,SIH11
Dias permanência,Caráter atendimento,mensal,2024-04,2024.0,Outras caus ext,201.0,201,64,SIH11
Dias permanência,Caráter atendimento,mensal,2024-04,2024.0,Total,3751.0,3751,64,SIH11
Dias permanência,Caráter atendimento,mensal,2024-05,2024.0,Eletivo,,-,65,SIH11
Dias permanência,Caráter atendimento,mensal,2024-05,2024.0,Urgência,3790.0,3790,65,SIH11
Dias permanência,Caráter atendimento,mensal,2024-05,2024.0,Outros ac trab,222.0,222,65,SIH11
Dias permanência,Caráter atendimento,mensal,2024-05,2024.0,Outras caus ext,289.0,289,65,SIH11
Dias permanência,Caráter atendimento,mensal,2024-05,2024.0,Total,4301.0,4301,65,SIH11
Dias permanência,Caráter atendimento,mensal,2024-06,2024.0,Eletivo,,-,66,SIH11
Dias permanência,Caráter atendimento,mensal,2024-06,2024.0,Urgência,3160.0,3160,66,SIH11
Dias permanência,Caráter atendimento,mensal,2024-06,2024.0,Outros ac trab,108.0,108,66,SIH11
Dias permanência,Caráter atendimento,mensal,2024-06,2024.0,Outras caus ext,200.0,200,66,SIH11
Dias permanência,Caráter atendimento,mensal,2024-06,2024.0,Total,3468.0,3468,66,SIH11
Dias permanência,Caráter atendimento,mensal,2024-07,2024.0,Eletivo,,-,67,SIH11
Dias permanência,Caráter atendimento,mensal,2024-07,2024.0,Urgência,3339.0,3339,67,SIH11
Dias permanência,Caráter atendimento,mensal,2024-07,2024.0,Outros ac trab,195.0,195,67,SIH11
Dias permanência,Caráter atendimento,mensal,2024-07,2024.0,Outras caus ext,267.0,267,67,SIH11
Dias permanência,Caráter atendimento,mensal,2024-07,2024.0,Total,3801.0,3801,67,SIH11
Dias permanência,Caráter atendimento,mensal,2024-08,2024.0,Eletivo,1.0,1,68,SIH11
Dias permanência,Caráter atendimento,mensal,2024-08,2024.0,Urgência,4171.0,4171,68,SIH11
Dias permanência,Caráter atendimento,mensal,2024-08,2024.0,Outros ac trab,66.0,66,68,SIH11
Dias permanência,Caráter atendimento,mensal,2024-08,2024.0,Outras caus ext,8.0,8,68,SIH11
Dias permanência,Caráter atendimento,mensal,2024-08,2024.0,Total,4246.0,4246,68,SIH11
Dias permanência,Caráter atendimento,mensal,2024-09,2024.0,Eletivo,,-,69,SIH11
Dias permanência,Caráter atendimento,mensal,2024-09,2024.0,Urgência,3547.0,3547,69,SIH11
Dias permanência,Caráter atendimento,mensal,2024-09,2024.0,Outros ac trab,64.0,64,69,SIH11
Dias permanência,Caráter atendimento,mensal,2024-09,2024.0,Outras caus ext,,-,69,SIH11
Dias permanência,Caráter atendimento,mensal,2024-09,2024.0,Total,3611.0,3611,69,SIH11
Dias permanência,Caráter atendimento,mensal,2024-10,2024.0,Eletivo,3.0,3,70,SIH11
Dias permanência,Caráter atendimento,mensal,2024-10,2024.0,Urgência,3654.0,3654,70,SIH11
Dias permanência,Caráter atendimento,mensal,2024-10,2024.0,Outros ac trab,91.0,91,70,SIH11
Dias permanência,Caráter atendimento,mensal,2024-10,2024.0,Outras caus ext,,-,70,SIH11
Dias permanência,Caráter atendimento,mensal,2024-10,2024.0,Total,3748.0,3748,70,SIH11
Dias permanência,Caráter atendimento,mensal,2024-11,2024.0,Eletivo,,-,71,SIH11
Dias permanência,Caráter atendimento,mensal,2024-11,2024.0,Urgência,3615.0,3615,71,SIH11
Dias permanência,Caráter atendimento,mensal,2024-11,2024.0,Outros ac trab,150.0,150,71,SIH11
Dias permanência,Caráter atendimento,mensal,2024-11,2024.0,Outras caus ext,,-,71,SIH11
Dias permanência,Caráter atendimento,mensal,2024-11,2024.0,Total,3765.0,3765,71,SIH11
Dias permanência,Caráter atendimento,mensal,2024-12,2024.0,Eletivo,,-,72,SIH11
Dias permanência,Caráter atendimento,mensal,2024-12,2024.0,Urgência,3642.0,3642,72,SIH11
Dias permanência,Caráter atendimento,mensal,2024-12,2024.0,Outros ac trab,93.0,93,72,SIH11
Dias permanência,Caráter atendimento,mensal,2024-12,2024.0,Outras caus ext,,-,72,SIH11
Dias permanência,Caráter atendimento,mensal,2024-12,2024.0,Total,3735.0,3735,72,SIH11
Dias permanência,Caráter atendimento,ano_publicado,,2025.0,Eletivo,769.0,769,73,SIH11
Dias permanência,Caráter atendimento,ano_publicado,,2025.0,Urgência,39172.0,39172,73,SIH11
Dias permanência,Caráter atendimento,ano_publicado,,2025.0,Outros ac trab,1380.0,1380,73,SIH11
Dias permanência,Caráter atendimento,ano_publicado,,2025.0,Outras caus ext,162.0,162,73,SIH11
Dias permanência,Caráter atendimento,ano_publicado,,2025.0,Total,41483.0,41483,73,SIH11
Dias permanência,Caráter atendimento,mensal,2025-01,2025.0,Eletivo,32.0,32,74,SIH11
Dias permanência,Caráter atendimento,mensal,2025-01,2025.0,Urgência,3705.0,3705,74,SIH11
Dias permanência,Caráter atendimento,mensal,2025-01,2025.0,Outros ac trab,108.0,108,74,SIH11
Dias permanência,Caráter atendimento,mensal,2025-01,2025.0,Outras caus ext,,-,74,SIH11
Dias permanência,Caráter atendimento,mensal,2025-01,2025.0,Total,3845.0,3845,74,SIH11
Dias permanência,Caráter atendimento,mensal,2025-02,2025.0,Eletivo,108.0,108,75,SIH11
Dias permanência,Caráter atendimento,mensal,2025-02,2025.0,Urgência,3247.0,3247,75,SIH11
Dias permanência,Caráter atendimento,mensal,2025-02,2025.0,Outros ac trab,94.0,94,75,SIH11
Dias permanência,Caráter atendimento,mensal,2025-02,2025.0,Outras caus ext,,-,75,SIH11
Dias permanência,Caráter atendimento,mensal,2025-02,2025.0,Total,3449.0,3449,75,SIH11
Dias permanência,Caráter atendimento,mensal,2025-03,2025.0,Eletivo,159.0,159,76,SIH11
Dias permanência,Caráter atendimento,mensal,2025-03,2025.0,Urgência,3941.0,3941,76,SIH11
Dias permanência,Caráter atendimento,mensal,2025-03,2025.0,Outros ac trab,128.0,128,76,SIH11
Dias permanência,Caráter atendimento,mensal,2025-03,2025.0,Outras caus ext,,-,76,SIH11
Dias permanência,Caráter atendimento,mensal,2025-03,2025.0,Total,4228.0,4228,76,SIH11
Dias permanência,Caráter atendimento,mensal,2025-04,2025.0,Eletivo,130.0,130,77,SIH11
Dias permanência,Caráter atendimento,mensal,2025-04,2025.0,Urgência,3350.0,3350,77,SIH11
Dias permanência,Caráter atendimento,mensal,2025-04,2025.0,Outros ac trab,57.0,57,77,SIH11
Dias permanência,Caráter atendimento,mensal,2025-04,2025.0,Outras caus ext,,-,77,SIH11
Dias permanência,Caráter atendimento,mensal,2025-04,2025.0,Total,3537.0,3537,77,SIH11
Dias permanência,Caráter atendimento,mensal,2025-05,2025.0,Eletivo,73.0,73,78,SIH11
Dias permanência,Caráter atendimento,mensal,2025-05,2025.0,Urgência,3989.0,3989,78,SIH11
Dias permanência,Caráter atendimento,mensal,2025-05,2025.0,Outros ac trab,88.0,88,78,SIH11
Dias permanência,Caráter atendimento,mensal,2025-05,2025.0,Outras caus ext,10.0,10,78,SIH11
Dias permanência,Caráter atendimento,mensal,2025-05,2025.0,Total,4160.0,4160,78,SIH11
Dias permanência,Caráter atendimento,mensal,2025-06,2025.0,Eletivo,3.0,3,79,SIH11
Dias permanência,Caráter atendimento,mensal,2025-06,2025.0,Urgência,4135.0,4135,79,SIH11
Dias permanência,Caráter atendimento,mensal,2025-06,2025.0,Outros ac trab,103.0,103,79,SIH11
Dias permanência,Caráter atendimento,mensal,2025-06,2025.0,Outras caus ext,8.0,8,79,SIH11
Dias permanência,Caráter atendimento,mensal,2025-06,2025.0,Total,4249.0,4249,79,SIH11
Dias permanência,Caráter atendimento,mensal,2025-07,2025.0,Eletivo,,-,80,SIH11
Dias permanência,Caráter atendimento,mensal,2025-07,2025.0,Urgência,2657.0,2657,80,SIH11
Dias permanência,Caráter atendimento,mensal,2025-07,2025.0,Outros ac trab,28.0,28,80,SIH11
Dias permanência,Caráter atendimento,mensal,2025-07,2025.0,Outras caus ext,3.0,3,80,SIH11
Dias permanência,Caráter atendimento,mensal,2025-07,2025.0,Total,2688.0,2688,80,SIH11
Dias permanência,Caráter atendimento,mensal,2025-08,2025.0,Eletivo,,-,81,SIH11
Dias permanência,Caráter atendimento,mensal,2025-08,2025.0,Urgência,2910.0,2910,81,SIH11
Dias permanência,Caráter atendimento,mensal,2025-08,2025.0,Outros ac trab,62.0,62,81,SIH11
Dias permanência,Caráter atendimento,mensal,2025-08,2025.0,Outras caus ext,19.0,19,81,SIH11
Dias permanência,Caráter atendimento,mensal,2025-08,2025.0,Total,2991.0,2991,81,SIH11
Dias permanência,Caráter atendimento,mensal,2025-09,2025.0,Eletivo,38.0,38,82,SIH11
Dias permanência,Caráter atendimento,mensal,2025-09,2025.0,Urgência,3134.0,3134,82,SIH11
Dias permanência,Caráter atendimento,mensal,2025-09,2025.0,Outros ac trab,164.0,164,82,SIH11
Dias permanência,Caráter atendimento,mensal,2025-09,2025.0,Outras caus ext,5.0,5,82,SIH11
Dias permanência,Caráter atendimento,mensal,2025-09,2025.0,Total,3341.0,3341,82,SIH11
Dias permanência,Caráter atendimento,mensal,2025-10,2025.0,Eletivo,89.0,89,83,SIH11
Dias permanência,Caráter atendimento,mensal,2025-10,2025.0,Urgência,2682.0,2682,83,SIH11
Dias permanência,Caráter atendimento,mensal,2025-10,2025.0,Outros ac trab,146.0,146,83,SIH11
Dias permanência,Caráter atendimento,mensal,2025-10,2025.0,Outras caus ext,28.0,28,83,SIH11
Dias permanência,Caráter atendimento,mensal,2025-10,2025.0,Total,2945.0,2945,83,SIH11
Dias permanência,Caráter atendimento,mensal,2025-11,2025.0,Eletivo,76.0,76,84,SIH11
Dias permanência,Caráter atendimento,mensal,2025-11,2025.0,Urgência,2595.0,2595,84,SIH11
Dias permanência,Caráter atendimento,mensal,2025-11,2025.0,Outros ac trab,238.0,238,84,SIH11
Dias permanência,Caráter atendimento,mensal,2025-11,2025.0,Outras caus ext,24.0,24,84,SIH11
Dias permanência,Caráter atendimento,mensal,2025-11,2025.0,Total,2933.0,2933,84,SIH11
Dias permanência,Caráter atendimento,mensal,2025-12,2025.0,Eletivo,61.0,61,85,SIH11
Dias permanência,Caráter atendimento,mensal,2025-12,2025.0,Urgência,2827.0,2827,85,SIH11
Dias permanência,Caráter atendimento,mensal,2025-12,2025.0,Outros ac trab,164.0,164,85,SIH11
Dias permanência,Caráter atendimento,mensal,2025-12,2025.0,Outras caus ext,65.0,65,85,SIH11
Dias permanência,Caráter atendimento,mensal,2025-12,2025.0,Total,3117.0,3117,85,SIH11
Dias permanência,Caráter atendimento,ano_publicado,,2026.0,Eletivo,203.0,203,86,SIH11
Dias permanência,Caráter atendimento,ano_publicado,,2026.0,Urgência,20687.0,20687,86,SIH11
Dias permanência,Caráter atendimento,ano_publicado,,2026.0,Outros ac trab,1202.0,1202,86,SIH11
Dias permanência,Caráter atendimento,ano_publicado,,2026.0,Outras caus ext,245.0,245,86,SIH11
Dias permanência,Caráter atendimento,ano_publicado,,2026.0,Total,22337.0,22337,86,SIH11
Dias permanência,Caráter atendimento,mensal,2026-01,2026.0,Eletivo,40.0,40,87,SIH11
Dias permanência,Caráter atendimento,mensal,2026-01,2026.0,Urgência,2936.0,2936,87,SIH11
Dias permanência,Caráter atendimento,mensal,2026-01,2026.0,Outros ac trab,222.0,222,87,SIH11
Dias permanência,Caráter atendimento,mensal,2026-01,2026.0,Outras caus ext,30.0,30,87,SIH11
Dias permanência,Caráter atendimento,mensal,2026-01,2026.0,Total,3228.0,3228,87,SIH11
Dias permanência,Caráter atendimento,mensal,2026-02,2026.0,Eletivo,34.0,34,88,SIH11
Dias permanência,Caráter atendimento,mensal,2026-02,2026.0,Urgência,2407.0,2407,88,SIH11
Dias permanência,Caráter atendimento,mensal,2026-02,2026.0,Outros ac trab,238.0,238,88,SIH11
Dias permanência,Caráter atendimento,mensal,2026-02,2026.0,Outras caus ext,39.0,39,88,SIH11
Dias permanência,Caráter atendimento,mensal,2026-02,2026.0,Total,2718.0,2718,88,SIH11
Dias permanência,Caráter atendimento,mensal,2026-03,2026.0,Eletivo,38.0,38,89,SIH11
Dias permanência,Caráter atendimento,mensal,2026-03,2026.0,Urgência,2841.0,2841,89,SIH11
Dias permanência,Caráter atendimento,mensal,2026-03,2026.0,Outros ac trab,179.0,179,89,SIH11
Dias permanência,Caráter atendimento,mensal,2026-03,2026.0,Outras caus ext,53.0,53,89,SIH11
Dias permanência,Caráter atendimento,mensal,2026-03,2026.0,Total,3111.0,3111,89,SIH11
Dias permanência,Caráter atendimento,mensal,2026-04,2026.0,Eletivo,2.0,2,90,SIH11
Dias permanência,Caráter atendimento,mensal,2026-04,2026.0,Urgência,3172.0,3172,90,SIH11
Dias permanência,Caráter atendimento,mensal,2026-04,2026.0,Outros ac trab,143.0,143,90,SIH11
Dias permanência,Caráter atendimento,mensal,2026-04,2026.0,Outras caus ext,23.0,23,90,SIH11
Dias permanência,Caráter atendimento,mensal,2026-04,2026.0,Total,3340.0,3340,90,SIH11
Dias permanência,Caráter atendimento,mensal,2026-05,2026.0,Eletivo,17.0,17,91,SIH11
Dias permanência,Caráter atendimento,mensal,2026-05,2026.0,Urgência,3257.0,3257,91,SIH11
Dias permanência,Caráter atendimento,mensal,2026-05,2026.0,Outros ac trab,106.0,106,91,SIH11
Dias permanência,Caráter atendimento,mensal,2026-05,2026.0,Outras caus ext,31.0,31,91,SIH11
Dias permanência,Caráter atendimento,mensal,2026-05,2026.0,Total,3411.0,3411,91,SIH11
Dias permanência,Caráter atendimento,mensal,2026-06,2026.0,Eletivo,38.0,38,92,SIH11
Dias permanência,Caráter atendimento,mensal,2026-06,2026.0,Urgência,3206.0,3206,92,SIH11
Dias permanência,Caráter atendimento,mensal,2026-06,2026.0,Outros ac trab,94.0,94,92,SIH11
Dias permanência,Caráter atendimento,mensal,2026-06,2026.0,Outras caus ext,41.0,41,92,SIH11
Dias permanência,Caráter atendimento,mensal,2026-06,2026.0,Total,3379.0,3379,92,SIH11
Dias permanência,Caráter atendimento,mensal,2026-07,2026.0,Eletivo,34.0,34,93,SIH11
Dias permanência,Caráter atendimento,mensal,2026-07,2026.0,Urgência,2868.0,2868,93,SIH11
Dias permanência,Caráter atendimento,mensal,2026-07,2026.0,Outros ac trab,220.0,220,93,SIH11
Dias permanência,Caráter atendimento,mensal,2026-07,2026.0,Outras caus ext,28.0,28,93,SIH11
Dias permanência,Caráter atendimento,mensal,2026-07,2026.0,Total,3150.0,3150,93,SIH11
Dias permanência,Caráter atendimento,total_publicado,,,Eletivo,1366.0,1366,94,SIH11
Dias permanência,Caráter atendimento,total_publicado,,,Urgência,292034.0,292034,94,SIH11
Dias permanência,Caráter atendimento,total_publicado,,,Outros ac trab,11089.0,11089,94,SIH11
Dias permanência,Caráter atendimento,total_publicado,,,Outras caus ext,16758.0,16758,94,SIH11
Dias permanência,Caráter atendimento,total_publicado,,,Total,321247.0,321247,94,SIH11
Valor serviços hospitalares,Caráter atendimento,ano_publicado,,2019.0,Eletivo,,-,6,SIH12
Valor serviços hospitalares,Caráter atendimento,ano_publicado,,2019.0,Urgência,373622.43,"373622,43",6,SIH12
Valor serviços hospitalares,Caráter atendimento,ano_publicado,,2019.0,Outros ac trab,23291.91,"23291,91",6,SIH12
Valor serviços hospitalares,Caráter atendimento,ano_publicado,,2019.0,Outras caus ext,52729.94,"52729,94",6,SIH12
Valor serviços hospitalares,Caráter atendimento,ano_publicado,,2019.0,Total,449644.28,"449644,28",6,SIH12
Valor serviços hospitalares,Caráter atendimento,mensal,2019-12,2019.0,Eletivo,,-,7,SIH12
Valor serviços hospitalares,Caráter atendimento,mensal,2019-12,2019.0,Urgência,373622.43,"373622,43",7,SIH12
Valor serviços hospitalares,Caráter atendimento,mensal,2019-12,2019.0,Outros ac trab,23291.91,"23291,91",7,SIH12
Valor serviços hospitalares,Caráter atendimento,mensal,2019-12,2019.0,Outras caus ext,52729.94,"52729,94",7,SIH12
Valor serviços hospitalares,Caráter atendimento,mensal,2019-12,2019.0,Total,449644.28,"449644,28",7,SIH12
Valor serviços hospitalares,Caráter atendimento,ano_publicado,,2020.0,Eletivo,9803.46,"9803,46",8,SIH12
Valor serviços hospitalares,Caráter atendimento,ano_publicado,,2020.0,Urgência,20931476.27,"20931476,27",8,SIH12
Valor serviços hospitalares,Caráter atendimento,ano_publicado,,2020.0,Outros ac trab,422139.79,"422139,79",8,SIH12
Valor serviços hospitalares,Caráter atendimento,ano_publicado,,2020.0,Outras caus ext,1169462.58,"1169462,58",8,SIH12
Valor serviços hospitalares,Caráter atendimento,ano_publicado,,2020.0,Total,22532882.1,"22532882,10",8,SIH12
Valor serviços hospitalares,Caráter atendimento,mensal,2020-01,2020.0,Eletivo,,-,9,SIH12
Valor serviços hospitalares,Caráter atendimento,mensal,2020-01,2020.0,Urgência,1268172.82,"1268172,82",9,SIH12
Valor serviços hospitalares,Caráter atendimento,mensal,2020-01,2020.0,Outros ac trab,28406.94,"28406,94",9,SIH12
Valor serviços hospitalares,Caráter atendimento,mensal,2020-01,2020.0,Outras caus ext,176283.37,"176283,37",9,SIH12
Valor serviços hospitalares,Caráter atendimento,mensal,2020-01,2020.0,Total,1472863.13,"1472863,13",9,SIH12
Valor serviços hospitalares,Caráter atendimento,mensal,2020-02,2020.0,Eletivo,,-,10,SIH12
Valor serviços hospitalares,Caráter atendimento,mensal,2020-02,2020.0,Urgência,1322204.79,"1322204,79",10,SIH12
Valor serviços hospitalares,Caráter atendimento,mensal,2020-02,2020.0,Outros ac trab,25301.79,"25301,79",10,SIH12
Valor serviços hospitalares,Caráter atendimento,mensal,2020-02,2020.0,Outras caus ext,149695.15,"149695,15",10,SIH12
Valor serviços hospitalares,Caráter atendimento,mensal,2020-02,2020.0,Total,1497201.73,"1497201,73",10,SIH12
Valor serviços hospitalares,Caráter atendimento,mensal,2020-03,2020.0,Eletivo,,-,11,SIH12
Valor serviços hospitalares,Caráter atendimento,mensal,2020-03,2020.0,Urgência,894114.52,"894114,52",11,SIH12
Valor serviços hospitalares,Caráter atendimento,mensal,2020-03,2020.0,Outros ac trab,29862.23,"29862,23",11,SIH12
Valor serviços hospitalares,Caráter atendimento,mensal,2020-03,2020.0,Outras caus ext,143808.84,"143808,84",11,SIH12
Valor serviços hospitalares,Caráter atendimento,mensal,2020-03,2020.0,Total,1067785.59,"1067785,59",11,SIH12
Valor serviços hospitalares,Caráter atendimento,mensal,2020-04,2020.0,Eletivo,,-,12,SIH12
Valor serviços hospitalares,Caráter atendimento,mensal,2020-04,2020.0,Urgência,1856016.96,"1856016,96",12,SIH12
Valor serviços hospitalares,Caráter atendimento,mensal,2020-04,2020.0,Outros ac trab,23282.35,"23282,35",12,SIH12
Valor serviços hospitalares,Caráter atendimento,mensal,2020-04,2020.0,Outras caus ext,63889.45,"63889,45",12,SIH12
Valor serviços hospitalares,Caráter atendimento,mensal,2020-04,2020.0,Total,1943188.76,"1943188,76",12,SIH12
Valor serviços hospitalares,Caráter atendimento,mensal,2020-05,2020.0,Eletivo,,-,13,SIH12
Valor serviços hospitalares,Caráter atendimento,mensal,2020-05,2020.0,Urgência,2655606.86,"2655606,86",13,SIH12
Valor serviços hospitalares,Caráter atendimento,mensal,2020-05,2020.0,Outros ac trab,33321.45,"33321,45",13,SIH12
Valor serviços hospitalares,Caráter atendimento,mensal,2020-05,2020.0,Outras caus ext,56841.94,"56841,94",13,SIH12
Valor serviços hospitalares,Caráter atendimento,mensal,2020-05,2020.0,Total,2745770.25,"2745770,25",13,SIH12
Valor serviços hospitalares,Caráter atendimento,mensal,2020-06,2020.0,Eletivo,,-,14,SIH12
Valor serviços hospitalares,Caráter atendimento,mensal,2020-06,2020.0,Urgência,2479988.85,"2479988,85",14,SIH12
Valor serviços hospitalares,Caráter atendimento,mensal,2020-06,2020.0,Outros ac trab,34048.02,"34048,02",14,SIH12
Valor serviços hospitalares,Caráter atendimento,mensal,2020-06,2020.0,Outras caus ext,67750.1,"67750,10",14,SIH12
Valor serviços hospitalares,Caráter atendimento,mensal,2020-06,2020.0,Total,2581786.97,"2581786,97",14,SIH12
Valor serviços hospitalares,Caráter atendimento,mensal,2020-07,2020.0,Eletivo,,-,15,SIH12
Valor serviços hospitalares,Caráter atendimento,mensal,2020-07,2020.0,Urgência,1811227.4,"1811227,40",15,SIH12
Valor serviços hospitalares,Caráter atendimento,mensal,2020-07,2020.0,Outros ac trab,30765.46,"30765,46",15,SIH12
Valor serviços hospitalares,Caráter atendimento,mensal,2020-07,2020.0,Outras caus ext,118363.15,"118363,15",15,SIH12
Valor serviços hospitalares,Caráter atendimento,mensal,2020-07,2020.0,Total,1960356.01,"1960356,01",15,SIH12
Valor serviços hospitalares,Caráter atendimento,mensal,2020-08,2020.0,Eletivo,,-,16,SIH12
Valor serviços hospitalares,Caráter atendimento,mensal,2020-08,2020.0,Urgência,1322628.69,"1322628,69",16,SIH12
Valor serviços hospitalares,Caráter atendimento,mensal,2020-08,2020.0,Outros ac trab,50167.18,"50167,18",16,SIH12
Valor serviços hospitalares,Caráter atendimento,mensal,2020-08,2020.0,Outras caus ext,80081.93,"80081,93",16,SIH12
Valor serviços hospitalares,Caráter atendimento,mensal,2020-08,2020.0,Total,1452877.8,"1452877,80",16,SIH12
Valor serviços hospitalares,Caráter atendimento,mensal,2020-09,2020.0,Eletivo,5478.3,"5478,30",17,SIH12
Valor serviços hospitalares,Caráter atendimento,mensal,2020-09,2020.0,Urgência,1568267.94,"1568267,94",17,SIH12
Valor serviços hospitalares,Caráter atendimento,mensal,2020-09,2020.0,Outros ac trab,37385.29,"37385,29",17,SIH12
Valor serviços hospitalares,Caráter atendimento,mensal,2020-09,2020.0,Outras caus ext,61751.15,"61751,15",17,SIH12
Valor serviços hospitalares,Caráter atendimento,mensal,2020-09,2020.0,Total,1672882.68,"1672882,68",17,SIH12
Valor serviços hospitalares,Caráter atendimento,mensal,2020-10,2020.0,Eletivo,4325.16,"4325,16",18,SIH12
Valor serviços hospitalares,Caráter atendimento,mensal,2020-10,2020.0,Urgência,1415835.42,"1415835,42",18,SIH12
Valor serviços hospitalares,Caráter atendimento,mensal,2020-10,2020.0,Outros ac trab,12434.83,"12434,83",18,SIH12
Valor serviços hospitalares,Caráter atendimento,mensal,2020-10,2020.0,Outras caus ext,7036.54,"7036,54",18,SIH12
Valor serviços hospitalares,Caráter atendimento,mensal,2020-10,2020.0,Total,1439631.95,"1439631,95",18,SIH12
Valor serviços hospitalares,Caráter atendimento,mensal,2020-11,2020.0,Eletivo,,-,19,SIH12
Valor serviços hospitalares,Caráter atendimento,mensal,2020-11,2020.0,Urgência,1688530.43,"1688530,43",19,SIH12
Valor serviços hospitalares,Caráter atendimento,mensal,2020-11,2020.0,Outros ac trab,55108.08,"55108,08",19,SIH12
Valor serviços hospitalares,Caráter atendimento,mensal,2020-11,2020.0,Outras caus ext,125285.15,"125285,15",19,SIH12
Valor serviços hospitalares,Caráter atendimento,mensal,2020-11,2020.0,Total,1868923.66,"1868923,66",19,SIH12
Valor serviços hospitalares,Caráter atendimento,mensal,2020-12,2020.0,Eletivo,,-,20,SIH12
Valor serviços hospitalares,Caráter atendimento,mensal,2020-12,2020.0,Urgência,2648881.59,"2648881,59",20,SIH12
Valor serviços hospitalares,Caráter atendimento,mensal,2020-12,2020.0,Outros ac trab,62056.17,"62056,17",20,SIH12
Valor serviços hospitalares,Caráter atendimento,mensal,2020-12,2020.0,Outras caus ext,118675.81,"118675,81",20,SIH12
Valor serviços hospitalares,Caráter atendimento,mensal,2020-12,2020.0,Total,2829613.57,"2829613,57",20,SIH12
Valor serviços hospitalares,Caráter atendimento,ano_publicado,,2021.0,Eletivo,6499.72,"6499,72",21,SIH12
Valor serviços hospitalares,Caráter atendimento,ano_publicado,,2021.0,Urgência,28213966.86,"28213966,86",21,SIH12
Valor serviços hospitalares,Caráter atendimento,ano_publicado,,2021.0,Outros ac trab,378544.5,"378544,50",21,SIH12
Valor serviços hospitalares,Caráter atendimento,ano_publicado,,2021.0,Outras caus ext,774066.83,"774066,83",21,SIH12
Valor serviços hospitalares,Caráter atendimento,ano_publicado,,2021.0,Total,29373077.91,"29373077,91",21,SIH12
Valor serviços hospitalares,Caráter atendimento,mensal,2021-01,2021.0,Eletivo,,-,22,SIH12
Valor serviços hospitalares,Caráter atendimento,mensal,2021-01,2021.0,Urgência,2765022.96,"2765022,96",22,SIH12
Valor serviços hospitalares,Caráter atendimento,mensal,2021-01,2021.0,Outros ac trab,47762.06,"47762,06",22,SIH12
Valor serviços hospitalares,Caráter atendimento,mensal,2021-01,2021.0,Outras caus ext,71277.7,"71277,70",22,SIH12
Valor serviços hospitalares,Caráter atendimento,mensal,2021-01,2021.0,Total,2884062.72,"2884062,72",22,SIH12
Valor serviços hospitalares,Caráter atendimento,mensal,2021-02,2021.0,Eletivo,,-,23,SIH12
Valor serviços hospitalares,Caráter atendimento,mensal,2021-02,2021.0,Urgência,2488675.64,"2488675,64",23,SIH12
Valor serviços hospitalares,Caráter atendimento,mensal,2021-02,2021.0,Outros ac trab,20419.12,"20419,12",23,SIH12
Valor serviços hospitalares,Caráter atendimento,mensal,2021-02,2021.0,Outras caus ext,71913.08,"71913,08",23,SIH12
Valor serviços hospitalares,Caráter atendimento,mensal,2021-02,2021.0,Total,2581007.84,"2581007,84",23,SIH12
Valor serviços hospitalares,Caráter atendimento,mensal,2021-03,2021.0,Eletivo,,-,24,SIH12
Valor serviços hospitalares,Caráter atendimento,mensal,2021-03,2021.0,Urgência,3085790.02,"3085790,02",24,SIH12
Valor serviços hospitalares,Caráter atendimento,mensal,2021-03,2021.0,Outros ac trab,35462.31,"35462,31",24,SIH12
Valor serviços hospitalares,Caráter atendimento,mensal,2021-03,2021.0,Outras caus ext,75124.61,"75124,61",24,SIH12
Valor serviços hospitalares,Caráter atendimento,mensal,2021-03,2021.0,Total,3196376.94,"3196376,94",24,SIH12
Valor serviços hospitalares,Caráter atendimento,mensal,2021-04,2021.0,Eletivo,,-,25,SIH12
Valor serviços hospitalares,Caráter atendimento,mensal,2021-04,2021.0,Urgência,2983776.94,"2983776,94",25,SIH12
Valor serviços hospitalares,Caráter atendimento,mensal,2021-04,2021.0,Outros ac trab,37580.24,"37580,24",25,SIH12
Valor serviços hospitalares,Caráter atendimento,mensal,2021-04,2021.0,Outras caus ext,75053.79,"75053,79",25,SIH12
Valor serviços hospitalares,Caráter atendimento,mensal,2021-04,2021.0,Total,3096410.97,"3096410,97",25,SIH12
Valor serviços hospitalares,Caráter atendimento,mensal,2021-05,2021.0,Eletivo,,-,26,SIH12
Valor serviços hospitalares,Caráter atendimento,mensal,2021-05,2021.0,Urgência,2907016.27,"2907016,27",26,SIH12
Valor serviços hospitalares,Caráter atendimento,mensal,2021-05,2021.0,Outros ac trab,36977.43,"36977,43",26,SIH12
Valor serviços hospitalares,Caráter atendimento,mensal,2021-05,2021.0,Outras caus ext,85800.14,"85800,14",26,SIH12
Valor serviços hospitalares,Caráter atendimento,mensal,2021-05,2021.0,Total,3029793.84,"3029793,84",26,SIH12
Valor serviços hospitalares,Caráter atendimento,mensal,2021-06,2021.0,Eletivo,,-,27,SIH12
Valor serviços hospitalares,Caráter atendimento,mensal,2021-06,2021.0,Urgência,2384143.5,"2384143,50",27,SIH12
Valor serviços hospitalares,Caráter atendimento,mensal,2021-06,2021.0,Outros ac trab,49167.71,"49167,71",27,SIH12
Valor serviços hospitalares,Caráter atendimento,mensal,2021-06,2021.0,Outras caus ext,78376.53,"78376,53",27,SIH12
Valor serviços hospitalares,Caráter atendimento,mensal,2021-06,2021.0,Total,2511687.74,"2511687,74",27,SIH12
Valor serviços hospitalares,Caráter atendimento,mensal,2021-07,2021.0,Eletivo,6329.6,"6329,60",28,SIH12
Valor serviços hospitalares,Caráter atendimento,mensal,2021-07,2021.0,Urgência,2530262.45,"2530262,45",28,SIH12
Valor serviços hospitalares,Caráter atendimento,mensal,2021-07,2021.0,Outros ac trab,34109.29,"34109,29",28,SIH12
Valor serviços hospitalares,Caráter atendimento,mensal,2021-07,2021.0,Outras caus ext,72367.97,"72367,97",28,SIH12
Valor serviços hospitalares,Caráter atendimento,mensal,2021-07,2021.0,Total,2643069.31,"2643069,31",28,SIH12
Valor serviços hospitalares,Caráter atendimento,mensal,2021-08,2021.0,Eletivo,,-,29,SIH12
Valor serviços hospitalares,Caráter atendimento,mensal,2021-08,2021.0,Urgência,2049165.49,"2049165,49",29,SIH12
Valor serviços hospitalares,Caráter atendimento,mensal,2021-08,2021.0,Outros ac trab,26375.6,"26375,60",29,SIH12
Valor serviços hospitalares,Caráter atendimento,mensal,2021-08,2021.0,Outras caus ext,74756.59,"74756,59",29,SIH12
Valor serviços hospitalares,Caráter atendimento,mensal,2021-08,2021.0,Total,2150297.68,"2150297,68",29,SIH12
Valor serviços hospitalares,Caráter atendimento,mensal,2021-09,2021.0,Eletivo,,-,30,SIH12
Valor serviços hospitalares,Caráter atendimento,mensal,2021-09,2021.0,Urgência,2037838.47,"2037838,47",30,SIH12
Valor serviços hospitalares,Caráter atendimento,mensal,2021-09,2021.0,Outros ac trab,30175.79,"30175,79",30,SIH12
Valor serviços hospitalares,Caráter atendimento,mensal,2021-09,2021.0,Outras caus ext,74998.97,"74998,97",30,SIH12
Valor serviços hospitalares,Caráter atendimento,mensal,2021-09,2021.0,Total,2143013.23,"2143013,23",30,SIH12
Valor serviços hospitalares,Caráter atendimento,mensal,2021-10,2021.0,Eletivo,,-,31,SIH12
Valor serviços hospitalares,Caráter atendimento,mensal,2021-10,2021.0,Urgência,1826852.58,"1826852,58",31,SIH12
Valor serviços hospitalares,Caráter atendimento,mensal,2021-10,2021.0,Outros ac trab,4702.03,"4702,03",31,SIH12
Valor serviços hospitalares,Caráter atendimento,mensal,2021-10,2021.0,Outras caus ext,623.88,"623,88",31,SIH12
Valor serviços hospitalares,Caráter atendimento,mensal,2021-10,2021.0,Total,1832178.49,"1832178,49",31,SIH12
Valor serviços hospitalares,Caráter atendimento,mensal,2021-11,2021.0,Eletivo,,-,32,SIH12
Valor serviços hospitalares,Caráter atendimento,mensal,2021-11,2021.0,Urgência,1636945.16,"1636945,16",32,SIH12
Valor serviços hospitalares,Caráter atendimento,mensal,2021-11,2021.0,Outros ac trab,20822.03,"20822,03",32,SIH12
Valor serviços hospitalares,Caráter atendimento,mensal,2021-11,2021.0,Outras caus ext,41857.57,"41857,57",32,SIH12
Valor serviços hospitalares,Caráter atendimento,mensal,2021-11,2021.0,Total,1699624.76,"1699624,76",32,SIH12
Valor serviços hospitalares,Caráter atendimento,mensal,2021-12,2021.0,Eletivo,170.12,"170,12",33,SIH12
Valor serviços hospitalares,Caráter atendimento,mensal,2021-12,2021.0,Urgência,1518477.38,"1518477,38",33,SIH12
Valor serviços hospitalares,Caráter atendimento,mensal,2021-12,2021.0,Outros ac trab,34990.89,"34990,89",33,SIH12
Valor serviços hospitalares,Caráter atendimento,mensal,2021-12,2021.0,Outras caus ext,51916.0,"51916,00",33,SIH12
Valor serviços hospitalares,Caráter atendimento,mensal,2021-12,2021.0,Total,1605554.39,"1605554,39",33,SIH12
Valor serviços hospitalares,Caráter atendimento,ano_publicado,,2022.0,Eletivo,152415.65,"152415,65",34,SIH12
Valor serviços hospitalares,Caráter atendimento,ano_publicado,,2022.0,Urgência,13827816.62,"13827816,62",34,SIH12
Valor serviços hospitalares,Caráter atendimento,ano_publicado,,2022.0,Outros ac trab,333481.47,"333481,47",34,SIH12
Valor serviços hospitalares,Caráter atendimento,ano_publicado,,2022.0,Outras caus ext,536851.25,"536851,25",34,SIH12
Valor serviços hospitalares,Caráter atendimento,ano_publicado,,2022.0,Total,14850564.99,"14850564,99",34,SIH12
Valor serviços hospitalares,Caráter atendimento,mensal,2022-01,2022.0,Eletivo,263.7,"263,70",35,SIH12
Valor serviços hospitalares,Caráter atendimento,mensal,2022-01,2022.0,Urgência,2112382.51,"2112382,51",35,SIH12
Valor serviços hospitalares,Caráter atendimento,mensal,2022-01,2022.0,Outros ac trab,36765.2,"36765,20",35,SIH12
Valor serviços hospitalares,Caráter atendimento,mensal,2022-01,2022.0,Outras caus ext,30651.24,"30651,24",35,SIH12
Valor serviços hospitalares,Caráter atendimento,mensal,2022-01,2022.0,Total,2180062.65,"2180062,65",35,SIH12
Valor serviços hospitalares,Caráter atendimento,mensal,2022-02,2022.0,Eletivo,,-,36,SIH12
Valor serviços hospitalares,Caráter atendimento,mensal,2022-02,2022.0,Urgência,1411355.28,"1411355,28",36,SIH12
Valor serviços hospitalares,Caráter atendimento,mensal,2022-02,2022.0,Outros ac trab,24235.97,"24235,97",36,SIH12
Valor serviços hospitalares,Caráter atendimento,mensal,2022-02,2022.0,Outras caus ext,50430.51,"50430,51",36,SIH12
Valor serviços hospitalares,Caráter atendimento,mensal,2022-02,2022.0,Total,1486021.76,"1486021,76",36,SIH12
Valor serviços hospitalares,Caráter atendimento,mensal,2022-03,2022.0,Eletivo,,-,37,SIH12
Valor serviços hospitalares,Caráter atendimento,mensal,2022-03,2022.0,Urgência,983486.82,"983486,82",37,SIH12
Valor serviços hospitalares,Caráter atendimento,mensal,2022-03,2022.0,Outros ac trab,29180.53,"29180,53",37,SIH12
Valor serviços hospitalares,Caráter atendimento,mensal,2022-03,2022.0,Outras caus ext,72204.09,"72204,09",37,SIH12
Valor serviços hospitalares,Caráter atendimento,mensal,2022-03,2022.0,Total,1084871.44,"1084871,44",37,SIH12
Valor serviços hospitalares,Caráter atendimento,mensal,2022-04,2022.0,Eletivo,,-,38,SIH12
Valor serviços hospitalares,Caráter atendimento,mensal,2022-04,2022.0,Urgência,1370416.25,"1370416,25",38,SIH12
Valor serviços hospitalares,Caráter atendimento,mensal,2022-04,2022.0,Outros ac trab,31621.26,"31621,26",38,SIH12
Valor serviços hospitalares,Caráter atendimento,mensal,2022-04,2022.0,Outras caus ext,76709.87,"76709,87",38,SIH12
Valor serviços hospitalares,Caráter atendimento,mensal,2022-04,2022.0,Total,1478747.38,"1478747,38",38,SIH12
Valor serviços hospitalares,Caráter atendimento,mensal,2022-05,2022.0,Eletivo,2357.29,"2357,29",39,SIH12
Valor serviços hospitalares,Caráter atendimento,mensal,2022-05,2022.0,Urgência,1351493.37,"1351493,37",39,SIH12
Valor serviços hospitalares,Caráter atendimento,mensal,2022-05,2022.0,Outros ac trab,25823.61,"25823,61",39,SIH12
Valor serviços hospitalares,Caráter atendimento,mensal,2022-05,2022.0,Outras caus ext,50583.63,"50583,63",39,SIH12
Valor serviços hospitalares,Caráter atendimento,mensal,2022-05,2022.0,Total,1430257.9,"1430257,90",39,SIH12
Valor serviços hospitalares,Caráter atendimento,mensal,2022-06,2022.0,Eletivo,5054.49,"5054,49",40,SIH12
Valor serviços hospitalares,Caráter atendimento,mensal,2022-06,2022.0,Urgência,979180.13,"979180,13",40,SIH12
Valor serviços hospitalares,Caráter atendimento,mensal,2022-06,2022.0,Outros ac trab,35220.12,"35220,12",40,SIH12
Valor serviços hospitalares,Caráter atendimento,mensal,2022-06,2022.0,Outras caus ext,41333.1,"41333,10",40,SIH12
Valor serviços hospitalares,Caráter atendimento,mensal,2022-06,2022.0,Total,1060787.84,"1060787,84",40,SIH12
Valor serviços hospitalares,Caráter atendimento,mensal,2022-07,2022.0,Eletivo,,-,41,SIH12
Valor serviços hospitalares,Caráter atendimento,mensal,2022-07,2022.0,Urgência,940351.89,"940351,89",41,SIH12
Valor serviços hospitalares,Caráter atendimento,mensal,2022-07,2022.0,Outros ac trab,45871.6,"45871,60",41,SIH12
Valor serviços hospitalares,Caráter atendimento,mensal,2022-07,2022.0,Outras caus ext,55765.04,"55765,04",41,SIH12
Valor serviços hospitalares,Caráter atendimento,mensal,2022-07,2022.0,Total,1041988.53,"1041988,53",41,SIH12
Valor serviços hospitalares,Caráter atendimento,mensal,2022-08,2022.0,Eletivo,48446.71,"48446,71",42,SIH12
Valor serviços hospitalares,Caráter atendimento,mensal,2022-08,2022.0,Urgência,829358.25,"829358,25",42,SIH12
Valor serviços hospitalares,Caráter atendimento,mensal,2022-08,2022.0,Outros ac trab,44811.08,"44811,08",42,SIH12
Valor serviços hospitalares,Caráter atendimento,mensal,2022-08,2022.0,Outras caus ext,92425.85,"92425,85",42,SIH12
Valor serviços hospitalares,Caráter atendimento,mensal,2022-08,2022.0,Total,1015041.89,"1015041,89",42,SIH12
Valor serviços hospitalares,Caráter atendimento,mensal,2022-09,2022.0,Eletivo,27841.91,"27841,91",43,SIH12
Valor serviços hospitalares,Caráter atendimento,mensal,2022-09,2022.0,Urgência,1056350.16,"1056350,16",43,SIH12
Valor serviços hospitalares,Caráter atendimento,mensal,2022-09,2022.0,Outros ac trab,28785.45,"28785,45",43,SIH12
Valor serviços hospitalares,Caráter atendimento,mensal,2022-09,2022.0,Outras caus ext,42944.04,"42944,04",43,SIH12
Valor serviços hospitalares,Caráter atendimento,mensal,2022-09,2022.0,Total,1155921.56,"1155921,56",43,SIH12
Valor serviços hospitalares,Caráter atendimento,mensal,2022-10,2022.0,Eletivo,28017.99,"28017,99",44,SIH12
Valor serviços hospitalares,Caráter atendimento,mensal,2022-10,2022.0,Urgência,847770.21,"847770,21",44,SIH12
Valor serviços hospitalares,Caráter atendimento,mensal,2022-10,2022.0,Outros ac trab,2630.51,"2630,51",44,SIH12
Valor serviços hospitalares,Caráter atendimento,mensal,2022-10,2022.0,Outras caus ext,6938.61,"6938,61",44,SIH12
Valor serviços hospitalares,Caráter atendimento,mensal,2022-10,2022.0,Total,885357.32,"885357,32",44,SIH12
Valor serviços hospitalares,Caráter atendimento,mensal,2022-11,2022.0,Eletivo,31754.89,"31754,89",45,SIH12
Valor serviços hospitalares,Caráter atendimento,mensal,2022-11,2022.0,Urgência,962918.65,"962918,65",45,SIH12
Valor serviços hospitalares,Caráter atendimento,mensal,2022-11,2022.0,Outros ac trab,5980.59,"5980,59",45,SIH12
Valor serviços hospitalares,Caráter atendimento,mensal,2022-11,2022.0,Outras caus ext,1149.76,"1149,76",45,SIH12
Valor serviços hospitalares,Caráter atendimento,mensal,2022-11,2022.0,Total,1001803.89,"1001803,89",45,SIH12
Valor serviços hospitalares,Caráter atendimento,mensal,2022-12,2022.0,Eletivo,8678.67,"8678,67",46,SIH12
Valor serviços hospitalares,Caráter atendimento,mensal,2022-12,2022.0,Urgência,982753.1,"982753,10",46,SIH12
Valor serviços hospitalares,Caráter atendimento,mensal,2022-12,2022.0,Outros ac trab,22555.55,"22555,55",46,SIH12
Valor serviços hospitalares,Caráter atendimento,mensal,2022-12,2022.0,Outras caus ext,15715.51,"15715,51",46,SIH12
Valor serviços hospitalares,Caráter atendimento,mensal,2022-12,2022.0,Total,1029702.83,"1029702,83",46,SIH12
Valor serviços hospitalares,Caráter atendimento,ano_publicado,,2023.0,Eletivo,4253.58,"4253,58",47,SIH12
Valor serviços hospitalares,Caráter atendimento,ano_publicado,,2023.0,Urgência,11760361.09,"11760361,09",47,SIH12
Valor serviços hospitalares,Caráter atendimento,ano_publicado,,2023.0,Outros ac trab,440724.79,"440724,79",47,SIH12
Valor serviços hospitalares,Caráter atendimento,ano_publicado,,2023.0,Outras caus ext,602519.47,"602519,47",47,SIH12
Valor serviços hospitalares,Caráter atendimento,ano_publicado,,2023.0,Total,12807858.93,"12807858,93",47,SIH12
Valor serviços hospitalares,Caráter atendimento,mensal,2023-01,2023.0,Eletivo,,-,48,SIH12
Valor serviços hospitalares,Caráter atendimento,mensal,2023-01,2023.0,Urgência,874748.06,"874748,06",48,SIH12
Valor serviços hospitalares,Caráter atendimento,mensal,2023-01,2023.0,Outros ac trab,30338.33,"30338,33",48,SIH12
Valor serviços hospitalares,Caráter atendimento,mensal,2023-01,2023.0,Outras caus ext,54864.27,"54864,27",48,SIH12
Valor serviços hospitalares,Caráter atendimento,mensal,2023-01,2023.0,Total,959950.66,"959950,66",48,SIH12
Valor serviços hospitalares,Caráter atendimento,mensal,2023-02,2023.0,Eletivo,,-,49,SIH12
Valor serviços hospitalares,Caráter atendimento,mensal,2023-02,2023.0,Urgência,930813.79,"930813,79",49,SIH12
Valor serviços hospitalares,Caráter atendimento,mensal,2023-02,2023.0,Outros ac trab,34558.81,"34558,81",49,SIH12
Valor serviços hospitalares,Caráter atendimento,mensal,2023-02,2023.0,Outras caus ext,50517.96,"50517,96",49,SIH12
Valor serviços hospitalares,Caráter atendimento,mensal,2023-02,2023.0,Total,1015890.56,"1015890,56",49,SIH12
Valor serviços hospitalares,Caráter atendimento,mensal,2023-03,2023.0,Eletivo,,-,50,SIH12
Valor serviços hospitalares,Caráter atendimento,mensal,2023-03,2023.0,Urgência,767692.32,"767692,32",50,SIH12
Valor serviços hospitalares,Caráter atendimento,mensal,2023-03,2023.0,Outros ac trab,52858.76,"52858,76",50,SIH12
Valor serviços hospitalares,Caráter atendimento,mensal,2023-03,2023.0,Outras caus ext,73408.84,"73408,84",50,SIH12
Valor serviços hospitalares,Caráter atendimento,mensal,2023-03,2023.0,Total,893959.92,"893959,92",50,SIH12
Valor serviços hospitalares,Caráter atendimento,mensal,2023-04,2023.0,Eletivo,291.26,"291,26",51,SIH12
Valor serviços hospitalares,Caráter atendimento,mensal,2023-04,2023.0,Urgência,909319.72,"909319,72",51,SIH12
Valor serviços hospitalares,Caráter atendimento,mensal,2023-04,2023.0,Outros ac trab,12440.21,"12440,21",51,SIH12
Valor serviços hospitalares,Caráter atendimento,mensal,2023-04,2023.0,Outras caus ext,19963.41,"19963,41",51,SIH12
Valor serviços hospitalares,Caráter atendimento,mensal,2023-04,2023.0,Total,942014.6,"942014,60",51,SIH12
Valor serviços hospitalares,Caráter atendimento,mensal,2023-05,2023.0,Eletivo,,-,52,SIH12
Valor serviços hospitalares,Caráter atendimento,mensal,2023-05,2023.0,Urgência,997032.87,"997032,87",52,SIH12
Valor serviços hospitalares,Caráter atendimento,mensal,2023-05,2023.0,Outros ac trab,1764.56,"1764,56",52,SIH12
Valor serviços hospitalares,Caráter atendimento,mensal,2023-05,2023.0,Outras caus ext,10722.46,"10722,46",52,SIH12
Valor serviços hospitalares,Caráter atendimento,mensal,2023-05,2023.0,Total,1009519.89,"1009519,89",52,SIH12
Valor serviços hospitalares,Caráter atendimento,mensal,2023-06,2023.0,Eletivo,,-,53,SIH12
Valor serviços hospitalares,Caráter atendimento,mensal,2023-06,2023.0,Urgência,1005941.72,"1005941,72",53,SIH12
Valor serviços hospitalares,Caráter atendimento,mensal,2023-06,2023.0,Outros ac trab,43133.29,"43133,29",53,SIH12
Valor serviços hospitalares,Caráter atendimento,mensal,2023-06,2023.0,Outras caus ext,70416.77,"70416,77",53,SIH12
Valor serviços hospitalares,Caráter atendimento,mensal,2023-06,2023.0,Total,1119491.78,"1119491,78",53,SIH12
Valor serviços hospitalares,Caráter atendimento,mensal,2023-07,2023.0,Eletivo,2390.74,"2390,74",54,SIH12
Valor serviços hospitalares,Caráter atendimento,mensal,2023-07,2023.0,Urgência,767391.57,"767391,57",54,SIH12
Valor serviços hospitalares,Caráter atendimento,mensal,2023-07,2023.0,Outros ac trab,24989.0,"24989,00",54,SIH12
Valor serviços hospitalares,Caráter atendimento,mensal,2023-07,2023.0,Outras caus ext,43662.24,"43662,24",54,SIH12
Valor serviços hospitalares,Caráter atendimento,mensal,2023-07,2023.0,Total,838433.55,"838433,55",54,SIH12
Valor serviços hospitalares,Caráter atendimento,mensal,2023-08,2023.0,Eletivo,,-,55,SIH12
Valor serviços hospitalares,Caráter atendimento,mensal,2023-08,2023.0,Urgência,1205594.29,"1205594,29",55,SIH12
Valor serviços hospitalares,Caráter atendimento,mensal,2023-08,2023.0,Outros ac trab,48927.31,"48927,31",55,SIH12
Valor serviços hospitalares,Caráter atendimento,mensal,2023-08,2023.0,Outras caus ext,54594.65,"54594,65",55,SIH12
Valor serviços hospitalares,Caráter atendimento,mensal,2023-08,2023.0,Total,1309116.25,"1309116,25",55,SIH12
Valor serviços hospitalares,Caráter atendimento,mensal,2023-09,2023.0,Eletivo,,-,56,SIH12
Valor serviços hospitalares,Caráter atendimento,mensal,2023-09,2023.0,Urgência,1007163.28,"1007163,28",56,SIH12
Valor serviços hospitalares,Caráter atendimento,mensal,2023-09,2023.0,Outros ac trab,52369.73,"52369,73",56,SIH12
Valor serviços hospitalares,Caráter atendimento,mensal,2023-09,2023.0,Outras caus ext,89245.07,"89245,07",56,SIH12
Valor serviços hospitalares,Caráter atendimento,mensal,2023-09,2023.0,Total,1148778.08,"1148778,08",56,SIH12
Valor serviços hospitalares,Caráter atendimento,mensal,2023-10,2023.0,Eletivo,,-,57,SIH12
Valor serviços hospitalares,Caráter atendimento,mensal,2023-10,2023.0,Urgência,969133.98,"969133,98",57,SIH12
Valor serviços hospitalares,Caráter atendimento,mensal,2023-10,2023.0,Outros ac trab,77910.48,"77910,48",57,SIH12
Valor serviços hospitalares,Caráter atendimento,mensal,2023-10,2023.0,Outras caus ext,66339.01,"66339,01",57,SIH12
Valor serviços hospitalares,Caráter atendimento,mensal,2023-10,2023.0,Total,1113383.47,"1113383,47",57,SIH12
Valor serviços hospitalares,Caráter atendimento,mensal,2023-11,2023.0,Eletivo,,-,58,SIH12
Valor serviços hospitalares,Caráter atendimento,mensal,2023-11,2023.0,Urgência,1235364.21,"1235364,21",58,SIH12
Valor serviços hospitalares,Caráter atendimento,mensal,2023-11,2023.0,Outros ac trab,23405.27,"23405,27",58,SIH12
Valor serviços hospitalares,Caráter atendimento,mensal,2023-11,2023.0,Outras caus ext,59451.88,"59451,88",58,SIH12
Valor serviços hospitalares,Caráter atendimento,mensal,2023-11,2023.0,Total,1318221.36,"1318221,36",58,SIH12
Valor serviços hospitalares,Caráter atendimento,mensal,2023-12,2023.0,Eletivo,1571.58,"1571,58",59,SIH12
Valor serviços hospitalares,Caráter atendimento,mensal,2023-12,2023.0,Urgência,1090165.28,"1090165,28",59,SIH12
Valor serviços hospitalares,Caráter atendimento,mensal,2023-12,2023.0,Outros ac trab,38029.04,"38029,04",59,SIH12
Valor serviços hospitalares,Caráter atendimento,mensal,2023-12,2023.0,Outras caus ext,9332.91,"9332,91",59,SIH12
Valor serviços hospitalares,Caráter atendimento,mensal,2023-12,2023.0,Total,1139098.81,"1139098,81",59,SIH12
Valor serviços hospitalares,Caráter atendimento,ano_publicado,,2024.0,Eletivo,1098.66,"1098,66",60,SIH12
Valor serviços hospitalares,Caráter atendimento,ano_publicado,,2024.0,Urgência,12339093.98,"12339093,98",60,SIH12
Valor serviços hospitalares,Caráter atendimento,ano_publicado,,2024.0,Outros ac trab,358915.06,"358915,06",60,SIH12
Valor serviços hospitalares,Caráter atendimento,ano_publicado,,2024.0,Outras caus ext,285121.65,"285121,65",60,SIH12
Valor serviços hospitalares,Caráter atendimento,ano_publicado,,2024.0,Total,12984229.35,"12984229,35",60,SIH12
Valor serviços hospitalares,Caráter atendimento,mensal,2024-01,2024.0,Eletivo,,-,61,SIH12
Valor serviços hospitalares,Caráter atendimento,mensal,2024-01,2024.0,Urgência,1223443.1,"1223443,10",61,SIH12
Valor serviços hospitalares,Caráter atendimento,mensal,2024-01,2024.0,Outros ac trab,41786.19,"41786,19",61,SIH12
Valor serviços hospitalares,Caráter atendimento,mensal,2024-01,2024.0,Outras caus ext,35621.02,"35621,02",61,SIH12
Valor serviços hospitalares,Caráter atendimento,mensal,2024-01,2024.0,Total,1300850.31,"1300850,31",61,SIH12
Valor serviços hospitalares,Caráter atendimento,mensal,2024-02,2024.0,Eletivo,100.0,"100,00",62,SIH12
Valor serviços hospitalares,Caráter atendimento,mensal,2024-02,2024.0,Urgência,915126.58,"915126,58",62,SIH12
Valor serviços hospitalares,Caráter atendimento,mensal,2024-02,2024.0,Outros ac trab,30779.81,"30779,81",62,SIH12
Valor serviços hospitalares,Caráter atendimento,mensal,2024-02,2024.0,Outras caus ext,45368.12,"45368,12",62,SIH12
Valor serviços hospitalares,Caráter atendimento,mensal,2024-02,2024.0,Total,991374.51,"991374,51",62,SIH12
Valor serviços hospitalares,Caráter atendimento,mensal,2024-03,2024.0,Eletivo,100.0,"100,00",63,SIH12
Valor serviços hospitalares,Caráter atendimento,mensal,2024-03,2024.0,Urgência,792160.34,"792160,34",63,SIH12
Valor serviços hospitalares,Caráter atendimento,mensal,2024-03,2024.0,Outros ac trab,21811.69,"21811,69",63,SIH12
Valor serviços hospitalares,Caráter atendimento,mensal,2024-03,2024.0,Outras caus ext,32424.31,"32424,31",63,SIH12
Valor serviços hospitalares,Caráter atendimento,mensal,2024-03,2024.0,Total,846496.34,"846496,34",63,SIH12
Valor serviços hospitalares,Caráter atendimento,mensal,2024-04,2024.0,Eletivo,,-,64,SIH12
Valor serviços hospitalares,Caráter atendimento,mensal,2024-04,2024.0,Urgência,917703.18,"917703,18",64,SIH12
Valor serviços hospitalares,Caráter atendimento,mensal,2024-04,2024.0,Outros ac trab,43005.97,"43005,97",64,SIH12
Valor serviços hospitalares,Caráter atendimento,mensal,2024-04,2024.0,Outras caus ext,37926.12,"37926,12",64,SIH12
Valor serviços hospitalares,Caráter atendimento,mensal,2024-04,2024.0,Total,998635.27,"998635,27",64,SIH12
Valor serviços hospitalares,Caráter atendimento,mensal,2024-05,2024.0,Eletivo,,-,65,SIH12
Valor serviços hospitalares,Caráter atendimento,mensal,2024-05,2024.0,Urgência,1136140.79,"1136140,79",65,SIH12
Valor serviços hospitalares,Caráter atendimento,mensal,2024-05,2024.0,Outros ac trab,59853.75,"59853,75",65,SIH12
Valor serviços hospitalares,Caráter atendimento,mensal,2024-05,2024.0,Outras caus ext,44966.48,"44966,48",65,SIH12
Valor serviços hospitalares,Caráter atendimento,mensal,2024-05,2024.0,Total,1240961.02,"1240961,02",65,SIH12
Valor serviços hospitalares,Caráter atendimento,mensal,2024-06,2024.0,Eletivo,,-,66,SIH12
Valor serviços hospitalares,Caráter atendimento,mensal,2024-06,2024.0,Urgência,1040078.66,"1040078,66",66,SIH12
Valor serviços hospitalares,Caráter atendimento,mensal,2024-06,2024.0,Outros ac trab,22710.07,"22710,07",66,SIH12
Valor serviços hospitalares,Caráter atendimento,mensal,2024-06,2024.0,Outras caus ext,38471.79,"38471,79",66,SIH12
Valor serviços hospitalares,Caráter atendimento,mensal,2024-06,2024.0,Total,1101260.52,"1101260,52",66,SIH12
Valor serviços hospitalares,Caráter atendimento,mensal,2024-07,2024.0,Eletivo,,-,67,SIH12
Valor serviços hospitalares,Caráter atendimento,mensal,2024-07,2024.0,Urgência,892304.64,"892304,64",67,SIH12
Valor serviços hospitalares,Caráter atendimento,mensal,2024-07,2024.0,Outros ac trab,47877.68,"47877,68",67,SIH12
Valor serviços hospitalares,Caráter atendimento,mensal,2024-07,2024.0,Outras caus ext,46521.04,"46521,04",67,SIH12
Valor serviços hospitalares,Caráter atendimento,mensal,2024-07,2024.0,Total,986703.36,"986703,36",67,SIH12
Valor serviços hospitalares,Caráter atendimento,mensal,2024-08,2024.0,Eletivo,30.47,"30,47",68,SIH12
Valor serviços hospitalares,Caráter atendimento,mensal,2024-08,2024.0,Urgência,1386655.38,"1386655,38",68,SIH12
Valor serviços hospitalares,Caráter atendimento,mensal,2024-08,2024.0,Outros ac trab,12029.67,"12029,67",68,SIH12
Valor serviços hospitalares,Caráter atendimento,mensal,2024-08,2024.0,Outras caus ext,3822.77,"3822,77",68,SIH12
Valor serviços hospitalares,Caráter atendimento,mensal,2024-08,2024.0,Total,1402538.29,"1402538,29",68,SIH12
Valor serviços hospitalares,Caráter atendimento,mensal,2024-09,2024.0,Eletivo,,-,69,SIH12
Valor serviços hospitalares,Caráter atendimento,mensal,2024-09,2024.0,Urgência,959821.62,"959821,62",69,SIH12
Valor serviços hospitalares,Caráter atendimento,mensal,2024-09,2024.0,Outros ac trab,11568.78,"11568,78",69,SIH12
Valor serviços hospitalares,Caráter atendimento,mensal,2024-09,2024.0,Outras caus ext,,-,69,SIH12
Valor serviços hospitalares,Caráter atendimento,mensal,2024-09,2024.0,Total,971390.4,"971390,40",69,SIH12
Valor serviços hospitalares,Caráter atendimento,mensal,2024-10,2024.0,Eletivo,868.19,"868,19",70,SIH12
Valor serviços hospitalares,Caráter atendimento,mensal,2024-10,2024.0,Urgência,1119493.7,"1119493,70",70,SIH12
Valor serviços hospitalares,Caráter atendimento,mensal,2024-10,2024.0,Outros ac trab,18557.89,"18557,89",70,SIH12
Valor serviços hospitalares,Caráter atendimento,mensal,2024-10,2024.0,Outras caus ext,,-,70,SIH12
Valor serviços hospitalares,Caráter atendimento,mensal,2024-10,2024.0,Total,1138919.78,"1138919,78",70,SIH12
Valor serviços hospitalares,Caráter atendimento,mensal,2024-11,2024.0,Eletivo,,-,71,SIH12
Valor serviços hospitalares,Caráter atendimento,mensal,2024-11,2024.0,Urgência,987761.2,"987761,20",71,SIH12
Valor serviços hospitalares,Caráter atendimento,mensal,2024-11,2024.0,Outros ac trab,30945.27,"30945,27",71,SIH12
Valor serviços hospitalares,Caráter atendimento,mensal,2024-11,2024.0,Outras caus ext,,-,71,SIH12
Valor serviços hospitalares,Caráter atendimento,mensal,2024-11,2024.0,Total,1018706.47,"1018706,47",71,SIH12
Valor serviços hospitalares,Caráter atendimento,mensal,2024-12,2024.0,Eletivo,,-,72,SIH12
Valor serviços hospitalares,Caráter atendimento,mensal,2024-12,2024.0,Urgência,968404.79,"968404,79",72,SIH12
Valor serviços hospitalares,Caráter atendimento,mensal,2024-12,2024.0,Outros ac trab,17988.29,"17988,29",72,SIH12
Valor serviços hospitalares,Caráter atendimento,mensal,2024-12,2024.0,Outras caus ext,,-,72,SIH12
Valor serviços hospitalares,Caráter atendimento,mensal,2024-12,2024.0,Total,986393.08,"986393,08",72,SIH12
Valor serviços hospitalares,Caráter atendimento,ano_publicado,,2025.0,Eletivo,1317395.92,"1317395,92",73,SIH12
Valor serviços hospitalares,Caráter atendimento,ano_publicado,,2025.0,Urgência,12202735.28,"12202735,28",73,SIH12
Valor serviços hospitalares,Caráter atendimento,ano_publicado,,2025.0,Outros ac trab,252151.28,"252151,28",73,SIH12
Valor serviços hospitalares,Caráter atendimento,ano_publicado,,2025.0,Outras caus ext,53098.92,"53098,92",73,SIH12
Valor serviços hospitalares,Caráter atendimento,ano_publicado,,2025.0,Total,13825381.4,"13825381,40",73,SIH12
Valor serviços hospitalares,Caráter atendimento,mensal,2025-01,2025.0,Eletivo,22800.45,"22800,45",74,SIH12
Valor serviços hospitalares,Caráter atendimento,mensal,2025-01,2025.0,Urgência,1161506.85,"1161506,85",74,SIH12
Valor serviços hospitalares,Caráter atendimento,mensal,2025-01,2025.0,Outros ac trab,17900.51,"17900,51",74,SIH12
Valor serviços hospitalares,Caráter atendimento,mensal,2025-01,2025.0,Outras caus ext,,-,74,SIH12
Valor serviços hospitalares,Caráter atendimento,mensal,2025-01,2025.0,Total,1202207.81,"1202207,81",74,SIH12
Valor serviços hospitalares,Caráter atendimento,mensal,2025-02,2025.0,Eletivo,108825.25,"108825,25",75,SIH12
Valor serviços hospitalares,Caráter atendimento,mensal,2025-02,2025.0,Urgência,940292.21,"940292,21",75,SIH12
Valor serviços hospitalares,Caráter atendimento,mensal,2025-02,2025.0,Outros ac trab,16732.95,"16732,95",75,SIH12
Valor serviços hospitalares,Caráter atendimento,mensal,2025-02,2025.0,Outras caus ext,,-,75,SIH12
Valor serviços hospitalares,Caráter atendimento,mensal,2025-02,2025.0,Total,1065850.41,"1065850,41",75,SIH12
Valor serviços hospitalares,Caráter atendimento,mensal,2025-03,2025.0,Eletivo,167287.66,"167287,66",76,SIH12
Valor serviços hospitalares,Caráter atendimento,mensal,2025-03,2025.0,Urgência,1352287.47,"1352287,47",76,SIH12
Valor serviços hospitalares,Caráter atendimento,mensal,2025-03,2025.0,Outros ac trab,16770.08,"16770,08",76,SIH12
Valor serviços hospitalares,Caráter atendimento,mensal,2025-03,2025.0,Outras caus ext,,-,76,SIH12
Valor serviços hospitalares,Caráter atendimento,mensal,2025-03,2025.0,Total,1536345.21,"1536345,21",76,SIH12
Valor serviços hospitalares,Caráter atendimento,mensal,2025-04,2025.0,Eletivo,181907.2,"181907,20",77,SIH12
Valor serviços hospitalares,Caráter atendimento,mensal,2025-04,2025.0,Urgência,1090745.43,"1090745,43",77,SIH12
Valor serviços hospitalares,Caráter atendimento,mensal,2025-04,2025.0,Outros ac trab,8651.28,"8651,28",77,SIH12
Valor serviços hospitalares,Caráter atendimento,mensal,2025-04,2025.0,Outras caus ext,,-,77,SIH12
Valor serviços hospitalares,Caráter atendimento,mensal,2025-04,2025.0,Total,1281303.91,"1281303,91",77,SIH12
Valor serviços hospitalares,Caráter atendimento,mensal,2025-05,2025.0,Eletivo,121685.73,"121685,73",78,SIH12
Valor serviços hospitalares,Caráter atendimento,mensal,2025-05,2025.0,Urgência,1306448.17,"1306448,17",78,SIH12
Valor serviços hospitalares,Caráter atendimento,mensal,2025-05,2025.0,Outros ac trab,12736.73,"12736,73",78,SIH12
Valor serviços hospitalares,Caráter atendimento,mensal,2025-05,2025.0,Outras caus ext,3557.56,"3557,56",78,SIH12
Valor serviços hospitalares,Caráter atendimento,mensal,2025-05,2025.0,Total,1444428.19,"1444428,19",78,SIH12
Valor serviços hospitalares,Caráter atendimento,mensal,2025-06,2025.0,Eletivo,359.17,"359,17",79,SIH12
Valor serviços hospitalares,Caráter atendimento,mensal,2025-06,2025.0,Urgência,1055742.32,"1055742,32",79,SIH12
Valor serviços hospitalares,Caráter atendimento,mensal,2025-06,2025.0,Outros ac trab,22437.78,"22437,78",79,SIH12
Valor serviços hospitalares,Caráter atendimento,mensal,2025-06,2025.0,Outras caus ext,3574.04,"3574,04",79,SIH12
Valor serviços hospitalares,Caráter atendimento,mensal,2025-06,2025.0,Total,1082113.31,"1082113,31",79,SIH12
Valor serviços hospitalares,Caráter atendimento,mensal,2025-07,2025.0,Eletivo,,-,80,SIH12
Valor serviços hospitalares,Caráter atendimento,mensal,2025-07,2025.0,Urgência,751998.61,"751998,61",80,SIH12
Valor serviços hospitalares,Caráter atendimento,mensal,2025-07,2025.0,Outros ac trab,8153.02,"8153,02",80,SIH12
Valor serviços hospitalares,Caráter atendimento,mensal,2025-07,2025.0,Outras caus ext,3030.98,"3030,98",80,SIH12
Valor serviços hospitalares,Caráter atendimento,mensal,2025-07,2025.0,Total,763182.61,"763182,61",80,SIH12
Valor serviços hospitalares,Caráter atendimento,mensal,2025-08,2025.0,Eletivo,,-,81,SIH12
Valor serviços hospitalares,Caráter atendimento,mensal,2025-08,2025.0,Urgência,772856.02,"772856,02",81,SIH12
Valor serviços hospitalares,Caráter atendimento,mensal,2025-08,2025.0,Outros ac trab,15110.19,"15110,19",81,SIH12
Valor serviços hospitalares,Caráter atendimento,mensal,2025-08,2025.0,Outras caus ext,5603.55,"5603,55",81,SIH12
Valor serviços hospitalares,Caráter atendimento,mensal,2025-08,2025.0,Total,793569.76,"793569,76",81,SIH12
Valor serviços hospitalares,Caráter atendimento,mensal,2025-09,2025.0,Eletivo,118061.05,"118061,05",82,SIH12
Valor serviços hospitalares,Caráter atendimento,mensal,2025-09,2025.0,Urgência,982111.66,"982111,66",82,SIH12
Valor serviços hospitalares,Caráter atendimento,mensal,2025-09,2025.0,Outros ac trab,29996.85,"29996,85",82,SIH12
Valor serviços hospitalares,Caráter atendimento,mensal,2025-09,2025.0,Outras caus ext,1446.38,"1446,38",82,SIH12
Valor serviços hospitalares,Caráter atendimento,mensal,2025-09,2025.0,Total,1131615.94,"1131615,94",82,SIH12
Valor serviços hospitalares,Caráter atendimento,mensal,2025-10,2025.0,Eletivo,232090.98,"232090,98",83,SIH12
Valor serviços hospitalares,Caráter atendimento,mensal,2025-10,2025.0,Urgência,945075.11,"945075,11",83,SIH12
Valor serviços hospitalares,Caráter atendimento,mensal,2025-10,2025.0,Outros ac trab,24531.55,"24531,55",83,SIH12
Valor serviços hospitalares,Caráter atendimento,mensal,2025-10,2025.0,Outras caus ext,8417.75,"8417,75",83,SIH12
Valor serviços hospitalares,Caráter atendimento,mensal,2025-10,2025.0,Total,1210115.39,"1210115,39",83,SIH12
Valor serviços hospitalares,Caráter atendimento,mensal,2025-11,2025.0,Eletivo,199573.82,"199573,82",84,SIH12
Valor serviços hospitalares,Caráter atendimento,mensal,2025-11,2025.0,Urgência,893115.36,"893115,36",84,SIH12
Valor serviços hospitalares,Caráter atendimento,mensal,2025-11,2025.0,Outros ac trab,49798.41,"49798,41",84,SIH12
Valor serviços hospitalares,Caráter atendimento,mensal,2025-11,2025.0,Outras caus ext,8370.71,"8370,71",84,SIH12
Valor serviços hospitalares,Caráter atendimento,mensal,2025-11,2025.0,Total,1150858.3,"1150858,30",84,SIH12
Valor serviços hospitalares,Caráter atendimento,mensal,2025-12,2025.0,Eletivo,164804.61,"164804,61",85,SIH12
Valor serviços hospitalares,Caráter atendimento,mensal,2025-12,2025.0,Urgência,950556.07,"950556,07",85,SIH12
Valor serviços hospitalares,Caráter atendimento,mensal,2025-12,2025.0,Outros ac trab,29331.93,"29331,93",85,SIH12
Valor serviços hospitalares,Caráter atendimento,mensal,2025-12,2025.0,Outras caus ext,19097.95,"19097,95",85,SIH12
Valor serviços hospitalares,Caráter atendimento,mensal,2025-12,2025.0,Total,1163790.56,"1163790,56",85,SIH12
Valor serviços hospitalares,Caráter atendimento,ano_publicado,,2026.0,Eletivo,633074.84,"633074,84",86,SIH12
Valor serviços hospitalares,Caráter atendimento,ano_publicado,,2026.0,Urgência,6610159.68,"6610159,68",86,SIH12
Valor serviços hospitalares,Caráter atendimento,ano_publicado,,2026.0,Outros ac trab,213238.11,"213238,11",86,SIH12
Valor serviços hospitalares,Caráter atendimento,ano_publicado,,2026.0,Outras caus ext,63400.42,"63400,42",86,SIH12
Valor serviços hospitalares,Caráter atendimento,ano_publicado,,2026.0,Total,7519873.05,"7519873,05",86,SIH12
Valor serviços hospitalares,Caráter atendimento,mensal,2026-01,2026.0,Eletivo,114550.92,"114550,92",87,SIH12
Valor serviços hospitalares,Caráter atendimento,mensal,2026-01,2026.0,Urgência,961743.7,"961743,70",87,SIH12
Valor serviços hospitalares,Caráter atendimento,mensal,2026-01,2026.0,Outros ac trab,35414.4,"35414,40",87,SIH12
Valor serviços hospitalares,Caráter atendimento,mensal,2026-01,2026.0,Outras caus ext,7790.28,"7790,28",87,SIH12
Valor serviços hospitalares,Caráter atendimento,mensal,2026-01,2026.0,Total,1119499.3,"1119499,30",87,SIH12
Valor serviços hospitalares,Caráter atendimento,mensal,2026-02,2026.0,Eletivo,96747.61,"96747,61",88,SIH12
Valor serviços hospitalares,Caráter atendimento,mensal,2026-02,2026.0,Urgência,706629.04,"706629,04",88,SIH12
Valor serviços hospitalares,Caráter atendimento,mensal,2026-02,2026.0,Outros ac trab,39401.28,"39401,28",88,SIH12
Valor serviços hospitalares,Caráter atendimento,mensal,2026-02,2026.0,Outras caus ext,9297.33,"9297,33",88,SIH12
Valor serviços hospitalares,Caráter atendimento,mensal,2026-02,2026.0,Total,852075.26,"852075,26",88,SIH12
Valor serviços hospitalares,Caráter atendimento,mensal,2026-03,2026.0,Eletivo,96169.97,"96169,97",89,SIH12
Valor serviços hospitalares,Caráter atendimento,mensal,2026-03,2026.0,Urgência,934558.69,"934558,69",89,SIH12
Valor serviços hospitalares,Caráter atendimento,mensal,2026-03,2026.0,Outros ac trab,23050.3,"23050,30",89,SIH12
Valor serviços hospitalares,Caráter atendimento,mensal,2026-03,2026.0,Outras caus ext,16843.55,"16843,55",89,SIH12
Valor serviços hospitalares,Caráter atendimento,mensal,2026-03,2026.0,Total,1070622.51,"1070622,51",89,SIH12
Valor serviços hospitalares,Caráter atendimento,mensal,2026-04,2026.0,Eletivo,267.26,"267,26",90,SIH12
Valor serviços hospitalares,Caráter atendimento,mensal,2026-04,2026.0,Urgência,998765.95,"998765,95",90,SIH12
Valor serviços hospitalares,Caráter atendimento,mensal,2026-04,2026.0,Outros ac trab,32866.54,"32866,54",90,SIH12
Valor serviços hospitalares,Caráter atendimento,mensal,2026-04,2026.0,Outras caus ext,8417.23,"8417,23",90,SIH12
Valor serviços hospitalares,Caráter atendimento,mensal,2026-04,2026.0,Total,1040316.98,"1040316,98",90,SIH12
Valor serviços hospitalares,Caráter atendimento,mensal,2026-05,2026.0,Eletivo,69057.42,"69057,42",91,SIH12
Valor serviços hospitalares,Caráter atendimento,mensal,2026-05,2026.0,Urgência,1029978.58,"1029978,58",91,SIH12
Valor serviços hospitalares,Caráter atendimento,mensal,2026-05,2026.0,Outros ac trab,25931.53,"25931,53",91,SIH12
Valor serviços hospitalares,Caráter atendimento,mensal,2026-05,2026.0,Outras caus ext,5507.52,"5507,52",91,SIH12
Valor serviços hospitalares,Caráter atendimento,mensal,2026-05,2026.0,Total,1130475.05,"1130475,05",91,SIH12
Valor serviços hospitalares,Caráter atendimento,mensal,2026-06,2026.0,Eletivo,143904.75,"143904,75",92,SIH12
Valor serviços hospitalares,Caráter atendimento,mensal,2026-06,2026.0,Urgência,1101930.01,"1101930,01",92,SIH12
Valor serviços hospitalares,Caráter atendimento,mensal,2026-06,2026.0,Outros ac trab,18729.56,"18729,56",92,SIH12
Valor serviços hospitalares,Caráter atendimento,mensal,2026-06,2026.0,Outras caus ext,5519.94,"5519,94",92,SIH12
Valor serviços hospitalares,Caráter atendimento,mensal,2026-06,2026.0,Total,1270084.26,"1270084,26",92,SIH12
Valor serviços hospitalares,Caráter atendimento,mensal,2026-07,2026.0,Eletivo,112376.91,"112376,91",93,SIH12
Valor serviços hospitalares,Caráter atendimento,mensal,2026-07,2026.0,Urgência,876553.71,"876553,71",93,SIH12
Valor serviços hospitalares,Caráter atendimento,mensal,2026-07,2026.0,Outros ac trab,37844.5,"37844,50",93,SIH12
Valor serviços hospitalares,Caráter atendimento,mensal,2026-07,2026.0,Outras caus ext,10024.57,"10024,57",93,SIH12
Valor serviços hospitalares,Caráter atendimento,mensal,2026-07,2026.0,Total,1036799.69,"1036799,69",93,SIH12
Valor serviços hospitalares,Caráter atendimento,total_publicado,,,Eletivo,2124541.83,"2124541,83",94,SIH12
Valor serviços hospitalares,Caráter atendimento,total_publicado,,,Urgência,106259232.21,"106259232,21",94,SIH12
Valor serviços hospitalares,Caráter atendimento,total_publicado,,,Outros ac trab,2422486.91,"2422486,91",94,SIH12
Valor serviços hospitalares,Caráter atendimento,total_publicado,,,Outras caus ext,3537251.06,"3537251,06",94,SIH12
Valor serviços hospitalares,Caráter atendimento,total_publicado,,,Total,114343512.01,"114343512,01",94,SIH12
