competencia,indicator_id,indicador_fonte,meta_texto_fonte,valor,resultado_texto,status_dado,documento_fonte,pagina_fonte,contrato,observacao
2020-01,HQL_apresentacao_de_autorizacao_de_internacao_hospitalar,1.1 Apresentação de Autorização de Internação Hospitalar (AIH),a) mínimo de 90% das AIH apresentadas referentes ao mês de competência; b) envio das informações até 20º dia útil do mês subsequente.,99.77,"99,77%",INFORMADO,DOC037,8,006/2010,
2020-01,HQL_pesquisa_de_satisfacao_do_usuario,5.1 Pesquisa de Satisfação do Usuário,a) envio das planilhas de consolidação até o 20º dia útil do mês subsequente.,,Enviado no prazo,INFORMADO,DOC037,8,006/2010,
2020-01,HQL_porcentagem_de_declaracao_de_diagnosticos_secundarios_por_especialidade,1.2 Porcentagem de Declaração de Diagnósticos Secundários por Especialidade (não valorado),a) 22% em clínica cirúrgica; b) 14% em clínica médica.,,"a) 80,65% b) 60,88%",INFORMADO,DOC037,8,006/2010,
2020-01,HQL_resolucao_de_queixa,5.2 Resolução de Queixa,a) resolução de no mínimo 80% das queixas recebidas. b) envio das informações até 20º dia útil do mês subsequente.,100.0,"100,00%",INFORMADO,DOC037,8,006/2010,
2020-01,HQL_taxa_de_identificacao_da_origem_do_paciente,1.3 Taxa de Identificação da Origem do Paciente (não valorado),a) mínimo de 90% de CEP’s válidos e compatíveis,75.19,"75,19%",INFORMADO,DOC037,8,006/2010,
2020-02,HQL_apresentacao_de_autorizacao_de_internacao_hospitalar,1.1 Apresentação de Autorização de Internação Hospitalar (AIH),a) mínimo de 90% das AIH apresentadas referentes ao mês de competência; b) envio das informações até 20º dia útil do mês subsequente.,102.1,"102,10%",INCONSISTÊNCIA NA FONTE,DOC037,8,006/2010,Percentual acima de 100 preservado como publicado; não normalizado nem utilizado na pontuação.
2020-02,HQL_pesquisa_de_satisfacao_do_usuario,5.1 Pesquisa de Satisfação do Usuário,a) envio das planilhas de consolidação até o 20º dia útil do mês subsequente.,,Enviado no prazo,INFORMADO,DOC037,8,006/2010,
2020-02,HQL_porcentagem_de_declaracao_de_diagnosticos_secundarios_por_especialidade,1.2 Porcentagem de Declaração de Diagnósticos Secundários por Especialidade (não valorado),a) 22% em clínica cirúrgica; b) 14% em clínica médica.,,"a) 88,52% b) 68,75%",INFORMADO,DOC037,8,006/2010,
2020-02,HQL_resolucao_de_queixa,5.2 Resolução de Queixa,a) resolução de no mínimo 80% das queixas recebidas. b) envio das informações até 20º dia útil do mês subsequente.,100.0,"100,00%",INFORMADO,DOC037,8,006/2010,
2020-02,HQL_taxa_de_identificacao_da_origem_do_paciente,1.3 Taxa de Identificação da Origem do Paciente (não valorado),a) mínimo de 90% de CEP’s válidos e compatíveis,75.17,"75,17%",INFORMADO,DOC037,8,006/2010,
2020-03,HQL_apresentacao_de_autorizacao_de_internacao_hospitalar,1.1 Apresentação de Autorização de Internação Hospitalar (AIH),a) mínimo de 90% das AIH apresentadas referentes ao mês de competência; b) envio das informações até 20º dia útil do mês subsequente.,100.37,"100,37%",INCONSISTÊNCIA NA FONTE,DOC037,8,006/2010,Percentual acima de 100 preservado como publicado; não normalizado nem utilizado na pontuação.
2020-03,HQL_pesquisa_de_satisfacao_do_usuario,5.1 Pesquisa de Satisfação do Usuário,a) envio das planilhas de consolidação até o 20º dia útil do mês subsequente.,,Enviado no prazo,INFORMADO,DOC037,8,006/2010,
2020-03,HQL_porcentagem_de_declaracao_de_diagnosticos_secundarios_por_especialidade,1.2 Porcentagem de Declaração de Diagnósticos Secundários por Especialidade (não valorado),a) 22% em clínica cirúrgica; b) 14% em clínica médica.,,"a) 71,97% b) 90,78%",INFORMADO,DOC037,8,006/2010,
2020-03,HQL_resolucao_de_queixa,5.2 Resolução de Queixa,a) resolução de no mínimo 80% das queixas recebidas. b) envio das informações até 20º dia útil do mês subsequente.,,Sem queixas,INFORMADO,DOC037,8,006/2010,
2020-03,HQL_taxa_de_identificacao_da_origem_do_paciente,1.3 Taxa de Identificação da Origem do Paciente (não valorado),a) mínimo de 90% de CEP’s válidos e compatíveis,75.87,"75,87%",INFORMADO,DOC037,8,006/2010,
2020-04,HQL_apresentacao_de_autorizacao_de_internacao_hospitalar,1.1 Apresentação de Autorização de Internação Hospitalar (AIH),a) mínimo de 90% das AIH apresentadas referentes ao mês de competência; b) envio das informações até 20º dia útil do mês subsequente.,95.85,"95,85%",INFORMADO,DOC037,8,006/2010,
2020-04,HQL_pesquisa_de_satisfacao_do_usuario,5.1 Pesquisa de Satisfação do Usuário,a) envio das planilhas de consolidação até o 20º dia útil do mês subsequente.,,Enviado no prazo,INFORMADO,DOC037,8,006/2010,
2020-04,HQL_porcentagem_de_declaracao_de_diagnosticos_secundarios_por_especialidade,1.2 Porcentagem de Declaração de Diagnósticos Secundários por Especialidade (não valorado),a) 22% em clínica cirúrgica; b) 14% em clínica médica.,,"a) 93,10% b) 81,66%",INFORMADO,DOC037,8,006/2010,
2020-04,HQL_resolucao_de_queixa,5.2 Resolução de Queixa,a) resolução de no mínimo 80% das queixas recebidas. b) envio das informações até 20º dia útil do mês subsequente.,100.0,"100,00%",INFORMADO,DOC037,8,006/2010,
2020-04,HQL_taxa_de_identificacao_da_origem_do_paciente,1.3 Taxa de Identificação da Origem do Paciente (não valorado),a) mínimo de 90% de CEP’s válidos e compatíveis,70.16,"70,16%",INFORMADO,DOC037,8,006/2010,
2020-05,HQL_apresentacao_de_autorizacao_de_internacao_hospitalar,1.1 Apresentação de Autorização de Internação Hospitalar (AIH),a) mínimo de 90% das AIH apresentadas referentes ao mês de competência; b) envio das informações até 20º dia útil do mês subsequente.,99.85,"99,85%",INFORMADO,DOC037,8,006/2010,
2020-05,HQL_pesquisa_de_satisfacao_do_usuario,5.1 Pesquisa de Satisfação do Usuário,a) envio das planilhas de consolidação até o 20º dia útil do mês subsequente.,,Enviado no prazo,INFORMADO,DOC037,8,006/2010,
2020-05,HQL_porcentagem_de_declaracao_de_diagnosticos_secundarios_por_especialidade,1.2 Porcentagem de Declaração de Diagnósticos Secundários por Especialidade (não valorado),a) 22% em clínica cirúrgica; b) 14% em clínica médica.,,"a) 92,00% b) 96,44%",INFORMADO,DOC037,8,006/2010,
2020-05,HQL_resolucao_de_queixa,5.2 Resolução de Queixa,a) resolução de no mínimo 80% das queixas recebidas. b) envio das informações até 20º dia útil do mês subsequente.,100.0,"100,00%",INFORMADO,DOC037,8,006/2010,
2020-05,HQL_taxa_de_identificacao_da_origem_do_paciente,1.3 Taxa de Identificação da Origem do Paciente (não valorado),a) mínimo de 90% de CEP’s válidos e compatíveis,74.18,"74,18%",INFORMADO,DOC037,8,006/2010,
2020-06,HQL_apresentacao_de_autorizacao_de_internacao_hospitalar,1.1 Apresentação de Autorização de Internação Hospitalar (AIH),a) mínimo de 90% das AIH apresentadas referentes ao mês de competência; b) envio das informações até 20º dia útil do mês subsequente.,100.57,"100,57%",INCONSISTÊNCIA NA FONTE,DOC037,8,006/2010,Percentual acima de 100 preservado como publicado; não normalizado nem utilizado na pontuação.
2020-06,HQL_pesquisa_de_satisfacao_do_usuario,5.1 Pesquisa de Satisfação do Usuário,a) envio das planilhas de consolidação até o 20º dia útil do mês subsequente.,,Enviado no prazo,INFORMADO,DOC037,8,006/2010,
2020-06,HQL_porcentagem_de_declaracao_de_diagnosticos_secundarios_por_especialidade,1.2 Porcentagem de Declaração de Diagnósticos Secundários por Especialidade (não valorado),a) 22% em clínica cirúrgica; b) 14% em clínica médica.,,"a) 92,00% b) 87,59%",INFORMADO,DOC037,8,006/2010,
2020-06,HQL_resolucao_de_queixa,5.2 Resolução de Queixa,a) resolução de no mínimo 80% das queixas recebidas. b) envio das informações até 20º dia útil do mês subsequente.,100.0,"100,00%",INFORMADO,DOC037,8,006/2010,
2020-06,HQL_taxa_de_identificacao_da_origem_do_paciente,1.3 Taxa de Identificação da Origem do Paciente (não valorado),a) mínimo de 90% de CEP’s válidos e compatíveis,73.2,"73,20%",INFORMADO,DOC037,8,006/2010,
2020-07,HQL_apresentacao_de_autorizacao_de_internacao_hospitalar,1.1 Apresentação de Autorização de Internação Hospitalar (AIH),a) mínimo de 90% das AIH apresentadas referentes ao mês de competência; b) envio das informações até 20º dia útil do mês subsequente.,101.86,"101,86%",INCONSISTÊNCIA NA FONTE,DOC037,8,006/2010,Percentual acima de 100 preservado como publicado; não normalizado nem utilizado na pontuação.
2020-07,HQL_pesquisa_de_satisfacao_do_usuario,5.1 Pesquisa de Satisfação do Usuário,a) envio das planilhas de consolidação até o 20º dia útil do mês subsequente.,,Enviado no prazo,INFORMADO,DOC037,8,006/2010,
2020-07,HQL_porcentagem_de_declaracao_de_diagnosticos_secundarios_por_especialidade,1.2 Porcentagem de Declaração de Diagnósticos Secundários por Especialidade (não valorado),a) 22% em clínica cirúrgica; b) 14% em clínica médica.,,"a) 87,93% b) 77,14%",INFORMADO,DOC037,8,006/2010,
2020-07,HQL_resolucao_de_queixa,5.2 Resolução de Queixa,a) resolução de no mínimo 80% das queixas recebidas. b) envio das informações até 20º dia útil do mês subsequente.,100.0,"100,00%",INFORMADO,DOC037,8,006/2010,
2020-07,HQL_taxa_de_identificacao_da_origem_do_paciente,1.3 Taxa de Identificação da Origem do Paciente (não valorado),a) mínimo de 90% de CEP’s válidos e compatíveis,69.91,"69,91%",INFORMADO,DOC037,8,006/2010,
2020-08,HQL_apresentacao_de_autorizacao_de_internacao_hospitalar,1.1 Apresentação de Autorização de Internação Hospitalar (AIH),a) mínimo de 90% das AIH apresentadas referentes ao mês de competência; b) envio das informações até 20º dia útil do mês subsequente.,98.59,"98,59%",INFORMADO,DOC037,8,006/2010,
2020-08,HQL_pesquisa_de_satisfacao_do_usuario,5.1 Pesquisa de Satisfação do Usuário,a) envio das planilhas de consolidação até o 20º dia útil do mês subsequente.,,Enviado no prazo,INFORMADO,DOC037,8,006/2010,
2020-08,HQL_porcentagem_de_declaracao_de_diagnosticos_secundarios_por_especialidade,1.2 Porcentagem de Declaração de Diagnósticos Secundários por Especialidade (não valorado),a) 22% em clínica cirúrgica; b) 14% em clínica médica.,,"a) 86,49% b) 77,61%",INFORMADO,DOC037,8,006/2010,
2020-08,HQL_resolucao_de_queixa,5.2 Resolução de Queixa,a) resolução de no mínimo 80% das queixas recebidas. b) envio das informações até 20º dia útil do mês subsequente.,100.0,"100,00%",INFORMADO,DOC037,8,006/2010,
2020-08,HQL_taxa_de_identificacao_da_origem_do_paciente,1.3 Taxa de Identificação da Origem do Paciente (não valorado),a) mínimo de 90% de CEP’s válidos e compatíveis,72.23,"72,23%",INFORMADO,DOC037,8,006/2010,
2020-09,HQL_apresentacao_de_autorizacao_de_internacao_hospitalar,1.1 Apresentação de Autorização de Internação Hospitalar (AIH),a) mínimo de 90% das AIH apresentadas referentes ao mês de competência; b) envio das informações até 20º dia útil do mês subsequente.,102.28,"102,28%",INCONSISTÊNCIA NA FONTE,DOC037,8,006/2010,Percentual acima de 100 preservado como publicado; não normalizado nem utilizado na pontuação.
2020-09,HQL_pesquisa_de_satisfacao_do_usuario,5.1 Pesquisa de Satisfação do Usuário,a) envio das planilhas de consolidação até o 20º dia útil do mês subsequente.,,Enviado no prazo,INFORMADO,DOC037,8,006/2010,
2020-09,HQL_porcentagem_de_declaracao_de_diagnosticos_secundarios_por_especialidade,1.2 Porcentagem de Declaração de Diagnósticos Secundários por Especialidade (não valorado),a) 22% em clínica cirúrgica; b) 14% em clínica médica.,,"a) 84,01% b) 84,33%",INFORMADO,DOC037,8,006/2010,
2020-09,HQL_resolucao_de_queixa,5.2 Resolução de Queixa,a) resolução de no mínimo 80% das queixas recebidas. b) envio das informações até 20º dia útil do mês subsequente.,100.0,"100,00%",INFORMADO,DOC037,8,006/2010,
2020-09,HQL_taxa_de_identificacao_da_origem_do_paciente,1.3 Taxa de Identificação da Origem do Paciente (não valorado),a) mínimo de 90% de CEP’s válidos e compatíveis,68.46,"68,46%",INFORMADO,DOC037,8,006/2010,
2020-10,HQL_apresentacao_de_autorizacao_de_internacao_hospitalar,1.1 Apresentação de Autorização de Internação Hospitalar (AIH),a) mínimo de 90% das AIH apresentadas referentes ao mês de competência; b) envio das informações até 20º dia útil do mês subsequente.,102.14,"102,14%",INCONSISTÊNCIA NA FONTE,DOC037,8,006/2010,Percentual acima de 100 preservado como publicado; não normalizado nem utilizado na pontuação.
2020-10,HQL_pesquisa_de_satisfacao_do_usuario,5.1 Pesquisa de Satisfação do Usuário,a) envio das planilhas de consolidação até o 20º dia útil do mês subsequente.,,Enviado no prazo,INFORMADO,DOC037,8,006/2010,
2020-10,HQL_porcentagem_de_declaracao_de_diagnosticos_secundarios_por_especialidade,1.2 Porcentagem de Declaração de Diagnósticos Secundários por Especialidade (não valorado),a) 22% em clínica cirúrgica; b) 14% em clínica médica.,,"a) 85,14% b) 80,77%",INFORMADO,DOC037,8,006/2010,
2020-10,HQL_resolucao_de_queixa,5.2 Resolução de Queixa,a) resolução de no mínimo 80% das queixas recebidas. b) envio das informações até 20º dia útil do mês subsequente.,100.0,"100,00%",INFORMADO,DOC037,8,006/2010,
2020-10,HQL_taxa_de_identificacao_da_origem_do_paciente,1.3 Taxa de Identificação da Origem do Paciente (não valorado),a) mínimo de 90% de CEP’s válidos e compatíveis,65.9,"65,90%",INFORMADO,DOC037,8,006/2010,
2020-11,HQL_apresentacao_de_autorizacao_de_internacao_hospitalar,1.1 Apresentação de Autorização de Internação Hospitalar (AIH),a) mínimo de 90% das AIH apresentadas referentes ao mês de competência; b) envio das informações até 20º dia útil do mês subsequente.,102.95,"102,95%",INCONSISTÊNCIA NA FONTE,DOC037,8,006/2010,Percentual acima de 100 preservado como publicado; não normalizado nem utilizado na pontuação.
2020-11,HQL_pesquisa_de_satisfacao_do_usuario,5.1 Pesquisa de Satisfação do Usuário,a) envio das planilhas de consolidação até o 20º dia útil do mês subsequente.,,Enviado no prazo,INFORMADO,DOC037,8,006/2010,
2020-11,HQL_porcentagem_de_declaracao_de_diagnosticos_secundarios_por_especialidade,1.2 Porcentagem de Declaração de Diagnósticos Secundários por Especialidade (não valorado),a) 22% em clínica cirúrgica; b) 14% em clínica médica.,,"a) 90,00% b) 85,28%",INFORMADO,DOC037,8,006/2010,
2020-11,HQL_resolucao_de_queixa,5.2 Resolução de Queixa,a) resolução de no mínimo 80% das queixas recebidas. b) envio das informações até 20º dia útil do mês subsequente.,100.0,"100,00%",INFORMADO,DOC037,8,006/2010,
2020-11,HQL_taxa_de_identificacao_da_origem_do_paciente,1.3 Taxa de Identificação da Origem do Paciente (não valorado),a) mínimo de 90% de CEP’s válidos e compatíveis,67.78,"67,78%",INFORMADO,DOC037,8,006/2010,
2020-12,HQL_apresentacao_de_autorizacao_de_internacao_hospitalar,1.1 Apresentação de Autorização de Internação Hospitalar (AIH),a) mínimo de 90% das AIH apresentadas referentes ao mês de competência; b) envio das informações até 20º dia útil do mês subsequente.,100.36,"100,36%",INCONSISTÊNCIA NA FONTE,DOC037,8,006/2010,Percentual acima de 100 preservado como publicado; não normalizado nem utilizado na pontuação.
2020-12,HQL_pesquisa_de_satisfacao_do_usuario,5.1 Pesquisa de Satisfação do Usuário,a) envio das planilhas de consolidação até o 20º dia útil do mês subsequente.,,Enviado no prazo,INFORMADO,DOC037,8,006/2010,
2020-12,HQL_porcentagem_de_declaracao_de_diagnosticos_secundarios_por_especialidade,1.2 Porcentagem de Declaração de Diagnósticos Secundários por Especialidade (não valorado),a) 22% em clínica cirúrgica; b) 14% em clínica médica.,,"a) 89,71% b) 81,56%",INFORMADO,DOC037,8,006/2010,
2020-12,HQL_resolucao_de_queixa,5.2 Resolução de Queixa,a) resolução de no mínimo 80% das queixas recebidas. b) envio das informações até 20º dia útil do mês subsequente.,,Sem Queixas,INFORMADO,DOC037,8,006/2010,
2020-12,HQL_taxa_de_identificacao_da_origem_do_paciente,1.3 Taxa de Identificação da Origem do Paciente (não valorado),a) mínimo de 90% de CEP’s válidos e compatíveis,66.91,"66,91%",INFORMADO,DOC037,8,006/2010,
2022-01,HQL_apresentacao_de_autorizacao_de_internacao_hospitalar,1.1 Apresentação de Autorização de Internação Hospitalar (AIH),a) mínimo de 90% das AIH apresentadas referentes ao mês de competência; b) envio das informações até 20º dia útil do mês subsequente.,,Não informado,SEM DADOS,DOC045,9,006/2010,
2022-01,HQL_pesquisa_de_satisfacao_do_usuario_ambulatorio,5.2 Pesquisa de Satisfação do Usuário (Ambulatório),a) envio das planilhas de consolidação até o 20º dia útil do mês subsequente. b)mínimo de 10% do total de atendimentos.,9.04,"9,04%",INFORMADO,DOC045,9,006/2010,
2022-01,HQL_pesquisa_de_satisfacao_do_usuario_internacao,5.1 Pesquisa de Satisfação do Usuário (Internação),a) envio das planilhas de consolidação até o 20º dia útil do mês subsequente. b)mínimo de 10% do total de atendimentos.,3.54,"3,54%",INFORMADO,DOC045,9,006/2010,
2022-01,HQL_porcentagem_de_declaracao_de_diagnosticos_secundarios_por_especialidade,1.2 Porcentagem de Declaração de Diagnósticos Secundários por Especialidade (não valorado),a) 22% em clínica cirúrgica; b) 14% em clínica médica.,,Não informado,SEM DADOS,DOC045,9,006/2010,
2022-01,HQL_resolucao_de_queixa,5.3 Resolução de Queixa,a) resolução de no mínimo 80% das queixas recebidas. b) envio das informações até 20º dia útil do mês subsequente.,100.0,"100,00%",INFORMADO,DOC045,9,006/2010,
2022-01,HQL_taxa_de_identificacao_da_origem_do_paciente,1.3 Taxa de Identificação da Origem do Paciente (não valorado),a) mínimo de 90% de CEP’s válidos e compatíveis,,Não informado,SEM DADOS,DOC045,9,006/2010,
2022-02,HQL_apresentacao_de_autorizacao_de_internacao_hospitalar,1.1 Apresentação de Autorização de Internação Hospitalar (AIH),a) mínimo de 90% das AIH apresentadas referentes ao mês de competência; b) envio das informações até 20º dia útil do mês subsequente.,,Não informado,SEM DADOS,DOC045,9,006/2010,
2022-02,HQL_pesquisa_de_satisfacao_do_usuario_ambulatorio,5.2 Pesquisa de Satisfação do Usuário (Ambulatório),a) envio das planilhas de consolidação até o 20º dia útil do mês subsequente. b)mínimo de 10% do total de atendimentos.,8.52,"8,52%",INFORMADO,DOC045,9,006/2010,
2022-02,HQL_pesquisa_de_satisfacao_do_usuario_internacao,5.1 Pesquisa de Satisfação do Usuário (Internação),a) envio das planilhas de consolidação até o 20º dia útil do mês subsequente. b)mínimo de 10% do total de atendimentos.,8.05,"8,05%",INFORMADO,DOC045,9,006/2010,
2022-02,HQL_porcentagem_de_declaracao_de_diagnosticos_secundarios_por_especialidade,1.2 Porcentagem de Declaração de Diagnósticos Secundários por Especialidade (não valorado),a) 22% em clínica cirúrgica; b) 14% em clínica médica.,,Não informado,SEM DADOS,DOC045,9,006/2010,
2022-02,HQL_resolucao_de_queixa,5.3 Resolução de Queixa,a) resolução de no mínimo 80% das queixas recebidas. b) envio das informações até 20º dia útil do mês subsequente.,100.0,"100,00%",INFORMADO,DOC045,9,006/2010,
2022-02,HQL_taxa_de_identificacao_da_origem_do_paciente,1.3 Taxa de Identificação da Origem do Paciente (não valorado),a) mínimo de 90% de CEP’s válidos e compatíveis,,Não informado,SEM DADOS,DOC045,9,006/2010,
2022-03,HQL_apresentacao_de_autorizacao_de_internacao_hospitalar,1.1 Apresentação de Autorização de Internação Hospitalar (AIH),a) mínimo de 90% das AIH apresentadas referentes ao mês de competência; b) envio das informações até 20º dia útil do mês subsequente.,,Não informado,SEM DADOS,DOC045,9,006/2010,
2022-03,HQL_pesquisa_de_satisfacao_do_usuario_ambulatorio,5.2 Pesquisa de Satisfação do Usuário (Ambulatório),a) envio das planilhas de consolidação até o 20º dia útil do mês subsequente. b)mínimo de 10% do total de atendimentos.,8.54,"8,54%",INFORMADO,DOC045,9,006/2010,
2022-03,HQL_pesquisa_de_satisfacao_do_usuario_internacao,5.1 Pesquisa de Satisfação do Usuário (Internação),a) envio das planilhas de consolidação até o 20º dia útil do mês subsequente. b)mínimo de 10% do total de atendimentos.,14.09,"14,09%",INFORMADO,DOC045,9,006/2010,
2022-03,HQL_porcentagem_de_declaracao_de_diagnosticos_secundarios_por_especialidade,1.2 Porcentagem de Declaração de Diagnósticos Secundários por Especialidade (não valorado),a) 22% em clínica cirúrgica; b) 14% em clínica médica.,,Não informado,SEM DADOS,DOC045,9,006/2010,
2022-03,HQL_resolucao_de_queixa,5.3 Resolução de Queixa,a) resolução de no mínimo 80% das queixas recebidas. b) envio das informações até 20º dia útil do mês subsequente.,100.0,"100,00%",INFORMADO,DOC045,9,006/2010,
2022-03,HQL_taxa_de_identificacao_da_origem_do_paciente,1.3 Taxa de Identificação da Origem do Paciente (não valorado),a) mínimo de 90% de CEP’s válidos e compatíveis,,Não informado,SEM DADOS,DOC045,9,006/2010,
2022-04,HQL_apresentacao_de_autorizacao_de_internacao_hospitalar,1.1 Apresentação de Autorização de Internação Hospitalar (AIH),a) mínimo de 90% das AIH apresentadas referentes ao mês de competência; b) envio das informações até 20º dia útil do mês subsequente.,,Não informado,SEM DADOS,DOC045,9,006/2010,
2022-04,HQL_pesquisa_de_satisfacao_do_usuario_ambulatorio,5.2 Pesquisa de Satisfação do Usuário (Ambulatório),a) envio das planilhas de consolidação até o 20º dia útil do mês subsequente. b)mínimo de 10% do total de atendimentos.,6.74,"6,74%",INFORMADO,DOC045,9,006/2010,
2022-04,HQL_pesquisa_de_satisfacao_do_usuario_internacao,5.1 Pesquisa de Satisfação do Usuário (Internação),a) envio das planilhas de consolidação até o 20º dia útil do mês subsequente. b)mínimo de 10% do total de atendimentos.,13.81,"13,81%",INFORMADO,DOC045,9,006/2010,
2022-04,HQL_porcentagem_de_declaracao_de_diagnosticos_secundarios_por_especialidade,1.2 Porcentagem de Declaração de Diagnósticos Secundários por Especialidade (não valorado),a) 22% em clínica cirúrgica; b) 14% em clínica médica.,,Não informado,SEM DADOS,DOC045,9,006/2010,
2022-04,HQL_resolucao_de_queixa,5.3 Resolução de Queixa,a) resolução de no mínimo 80% das queixas recebidas. b) envio das informações até 20º dia útil do mês subsequente.,30.0,"30,00%",INFORMADO,DOC045,9,006/2010,
2022-04,HQL_taxa_de_identificacao_da_origem_do_paciente,1.3 Taxa de Identificação da Origem do Paciente (não valorado),a) mínimo de 90% de CEP’s válidos e compatíveis,,Não informado,SEM DADOS,DOC045,9,006/2010,
2022-05,HQL_apresentacao_de_autorizacao_de_internacao_hospitalar,1.1 Apresentação de Autorização de Internação Hospitalar (AIH),a) mínimo de 90% das AIH apresentadas referentes ao mês de competência; b) envio das informações até 20º dia útil do mês subsequente.,,Não informado,SEM DADOS,DOC045,9,006/2010,
2022-05,HQL_pesquisa_de_satisfacao_do_usuario_ambulatorio,5.2 Pesquisa de Satisfação do Usuário (Ambulatório),a) envio das planilhas de consolidação até o 20º dia útil do mês subsequente. b)mínimo de 10% do total de atendimentos.,9.82,"9,82%",INFORMADO,DOC045,9,006/2010,
2022-05,HQL_pesquisa_de_satisfacao_do_usuario_internacao,5.1 Pesquisa de Satisfação do Usuário (Internação),a) envio das planilhas de consolidação até o 20º dia útil do mês subsequente. b)mínimo de 10% do total de atendimentos.,12.41,"12,41%",INFORMADO,DOC045,9,006/2010,
2022-05,HQL_porcentagem_de_declaracao_de_diagnosticos_secundarios_por_especialidade,1.2 Porcentagem de Declaração de Diagnósticos Secundários por Especialidade (não valorado),a) 22% em clínica cirúrgica; b) 14% em clínica médica.,,Não informado,SEM DADOS,DOC045,9,006/2010,
2022-05,HQL_resolucao_de_queixa,5.3 Resolução de Queixa,a) resolução de no mínimo 80% das queixas recebidas. b) envio das informações até 20º dia útil do mês subsequente.,16.6,"16,60%",INFORMADO,DOC045,9,006/2010,
2022-05,HQL_taxa_de_identificacao_da_origem_do_paciente,1.3 Taxa de Identificação da Origem do Paciente (não valorado),a) mínimo de 90% de CEP’s válidos e compatíveis,,Não informado,SEM DADOS,DOC045,9,006/2010,
2022-06,HQL_apresentacao_de_autorizacao_de_internacao_hospitalar,1.1 Apresentação de Autorização de Internação Hospitalar (AIH),a) mínimo de 90% das AIH apresentadas referentes ao mês de competência; b) envio das informações até 20º dia útil do mês subsequente.,,Não informado,SEM DADOS,DOC045,9,006/2010,
2022-06,HQL_pesquisa_de_satisfacao_do_usuario_ambulatorio,5.2 Pesquisa de Satisfação do Usuário (Ambulatório),a) envio das planilhas de consolidação até o 20º dia útil do mês subsequente. b)mínimo de 10% do total de atendimentos.,9.3,"9,30%",INFORMADO,DOC045,9,006/2010,
2022-06,HQL_pesquisa_de_satisfacao_do_usuario_internacao,5.1 Pesquisa de Satisfação do Usuário (Internação),a) envio das planilhas de consolidação até o 20º dia útil do mês subsequente. b)mínimo de 10% do total de atendimentos.,6.61,"6,61%",INFORMADO,DOC045,9,006/2010,
2022-06,HQL_porcentagem_de_declaracao_de_diagnosticos_secundarios_por_especialidade,1.2 Porcentagem de Declaração de Diagnósticos Secundários por Especialidade (não valorado),a) 22% em clínica cirúrgica; b) 14% em clínica médica.,,Não informado,SEM DADOS,DOC045,9,006/2010,
2022-06,HQL_resolucao_de_queixa,5.3 Resolução de Queixa,a) resolução de no mínimo 80% das queixas recebidas. b) envio das informações até 20º dia útil do mês subsequente.,40.0,"40,00%",INFORMADO,DOC045,9,006/2010,
2022-06,HQL_taxa_de_identificacao_da_origem_do_paciente,1.3 Taxa de Identificação da Origem do Paciente (não valorado),a) mínimo de 90% de CEP’s válidos e compatíveis,,Não informado,SEM DADOS,DOC045,9,006/2010,
2022-07,HQL_acolhimento_com_classificacao_de_risco,2.1 Acolhimento com classificação de risco (5% da parte variável – qualidade),Enviar relatório de resultados do ACCR até o dia 20 do mês subsequente à prestação do serviço.,,Enviado no Prazo,INFORMADO,DOC045,11,018/2022,
2022-07,HQL_ambulatorio_de_egresso_para_1o_consulta,2.13 Ambulatório de egresso para 1º consulta (5% da parte variável - qualidade),Apresentar 100% de agendamento da 1º consulta de egresso no momento da alta hospitalar para o paciente que necessite de retorno à unidade.,,Não Apresentado,SEM DADOS,DOC045,12,018/2022,
2022-07,HQL_atendimento_as_normas_das_portarias_de_habilitacoes_da_unidade_em_alta_complexidade,2.5 Atendimento às normas das portarias de habilitações da unidade em alta complexidade (10% da parte variável – qualidade),"Apresentar 100% no sistema SIA/SUS e SIH/SUS dos procedimentos realizados de alta complexidade na unidade, conforme habilitações no CNES.",,Não Apresentado,SEM DADOS,DOC045,11,018/2022,
2022-07,HQL_entrega_do_relatorio_de_prestacao_de_contas_mensal,2.6 Entrega do relatório de prestação de contas mensal (10% da parte variável – qualidade),Enviar relatório de prestação de contas mensal até o dia 20 do mês subsequente à prestação do serviço.,,Não Apresentado,SEM DADOS,DOC045,11,018/2022,
2022-07,HQL_escala_medica_de_plantao,2.11 Escala médica de plantão (5% da parte variável - qualidade),Executar a escala médica (urgência/emergência) mensal completa.,,Não Apresentado,SEM DADOS,DOC045,12,018/2022,
2022-07,HQL_informacao_e_transparencia,2.7 Informação e transparência (10% da parte variável – qualidade),Publicar as informações no portal da transparência da entidade de forma individualizada para a unidade hospitalar bem como entregar relatório das respectivas inserções até o 20º dia do mês subsequente à prestação do serviço.,,Não Apresentado,SEM DADOS,DOC045,11,018/2022,
2022-07,HQL_media_de_permanencia_hospitalar,2.12 Média de permanência hospitalar (5% da parte variável - qualidade),Assinalar o número médio de pacientes que passaram por determinado leito no mês.,,"7,69",INFORMADO,DOC045,12,018/2022,
2022-07,HQL_satisfacao_do_usuario,2.2 Satisfação do usuário (5% da parte variável – qualidade),Atingir valor ≥ 90% de satisfação.,,Não Apresentado,SEM DADOS,DOC045,11,018/2022,
2022-07,HQL_servico_de_apoio_diagnostico_e_terapeutico,4.2 Serviço de Apoio Diagnóstico e Terapêutico,Enviar relatório mensal à SES até o 20º dia do mês subsequente aos atendimentos.,,Enviado no Prazo,INFORMADO,DOC045,15,018/2022,
2022-07,HQL_servico_de_atencao_domiciliar_equipes_emad_e_emap,4.1 Serviço de atenção domiciliar – equipes EMAD e EMAP,"Implantar equipe com capacidade de atendimento de até 66 pacientes pela equipe EMAD e 66 pacientes pela equipe EMAP, que será demandada pela equipe EMAD. Envio do relatório de pacientes atendidos e solicitações de atendimento para as equipes SAD.",,Não Apresentado,SEM DADOS,DOC045,15,018/2022,
2022-07,HQL_taxa_de_execucao_do_plano_de_educacao_permanente,2.14 Taxa de execução do plano de educação permanente (5% da parte variável - qualidade),Atingir valor ≥ 90% das atividades previstas para o plano de educação permanente.,,Não Apresentado,SEM DADOS,DOC045,12,018/2022,
2022-07,HQL_taxa_de_infeccao_hospitalar,2.10 Taxa de infecção hospitalar (10% da parte variável - qualidade),"Apresentar total ≤ 7,5% de casos de infecções ocorridos no período.",0.42,"0,42%",INFORMADO,DOC045,12,018/2022,
2022-07,HQL_taxa_de_profissionais_medicos_cadastrados_no_cnes,2.4 Taxa de profissionais médicos cadastrados no CNES (5% da parte variável – qualidade),Apresentar 100% do total de profissionais médicos da unidade cadastrados no CNES.,,Não Apresentado,SEM DADOS,DOC045,11,018/2022,
2022-07,HQL_taxa_de_resolucao_das_queixas_recebidas,2.3 Taxa de resolução das queixas recebidas (5% da parte variável – qualidade),Atingir valor ≥ 80% de resolução das queixas prestadas.,,Não Apresentado,SEM DADOS,DOC045,11,018/2022,
2022-07,HQL_taxa_de_revisao_de_obitos,2.9 Taxa de revisão de óbitos (10% da parte variável - qualidade),Atingir valor ≥ 90% de revisão dos prontuários de óbitos.,,Não Apresentado,SEM DADOS,DOC045,12,018/2022,
2022-07,HQL_taxa_de_revisao_de_prontuarios_de_pacientes_com_classificacao_de_risco_vermelho_e_amarelo,2.8 Taxa de revisão de prontuários de pacientes com classificação de risco vermelho e amarelo (10% da parte variável - qualidade),Atingir valor ≥ 90% de revisão dos prontuários classificados como vermelho e amarelo.,,Não Apresentado,SEM DADOS,DOC045,12,018/2022,
2022-08,HQL_acolhimento_com_classificacao_de_risco,2.1 Acolhimento com classificação de risco (5% da parte variável – qualidade),Enviar relatório de resultados do ACCR até o dia 20 do mês subsequente à prestação do serviço.,,Enviado no Prazo,INFORMADO,DOC045,11,018/2022,
2022-08,HQL_ambulatorio_de_egresso_para_1o_consulta,2.13 Ambulatório de egresso para 1º consulta (5% da parte variável - qualidade),Apresentar 100% de agendamento da 1º consulta de egresso no momento da alta hospitalar para o paciente que necessite de retorno à unidade.,,Não Apresentado,SEM DADOS,DOC045,12,018/2022,
2022-08,HQL_atendimento_as_normas_das_portarias_de_habilitacoes_da_unidade_em_alta_complexidade,2.5 Atendimento às normas das portarias de habilitações da unidade em alta complexidade (10% da parte variável – qualidade),"Apresentar 100% no sistema SIA/SUS e SIH/SUS dos procedimentos realizados de alta complexidade na unidade, conforme habilitações no CNES.",,Não Apresentado,SEM DADOS,DOC045,11,018/2022,
2022-08,HQL_entrega_do_relatorio_de_prestacao_de_contas_mensal,2.6 Entrega do relatório de prestação de contas mensal (10% da parte variável – qualidade),Enviar relatório de prestação de contas mensal até o dia 20 do mês subsequente à prestação do serviço.,,Não Apresentado,SEM DADOS,DOC045,11,018/2022,
2022-08,HQL_escala_medica_de_plantao,2.11 Escala médica de plantão (5% da parte variável - qualidade),Executar a escala médica (urgência/emergência) mensal completa.,,Não Apresentado,SEM DADOS,DOC045,12,018/2022,
2022-08,HQL_informacao_e_transparencia,2.7 Informação e transparência (10% da parte variável – qualidade),Publicar as informações no portal da transparência da entidade de forma individualizada para a unidade hospitalar bem como entregar relatório das respectivas inserções até o 20º dia do mês subsequente à prestação do serviço.,,Não Apresentado,SEM DADOS,DOC045,11,018/2022,
2022-08,HQL_media_de_permanencia_hospitalar,2.12 Média de permanência hospitalar (5% da parte variável - qualidade),Assinalar o número médio de pacientes que passaram por determinado leito no mês.,,"8,27",INFORMADO,DOC045,12,018/2022,
2022-08,HQL_satisfacao_do_usuario,2.2 Satisfação do usuário (5% da parte variável – qualidade),Atingir valor ≥ 90% de satisfação.,,Não Apresentado,SEM DADOS,DOC045,11,018/2022,
2022-08,HQL_servico_de_apoio_diagnostico_e_terapeutico,4.2 Serviço de Apoio Diagnóstico e Terapêutico,Enviar relatório mensal à SES até o 20º dia do mês subsequente aos atendimentos.,,Enviado no Prazo,INFORMADO,DOC045,15,018/2022,
2022-08,HQL_servico_de_atencao_domiciliar_equipes_emad_e_emap,4.1 Serviço de atenção domiciliar – equipes EMAD e EMAP,"Implantar equipe com capacidade de atendimento de até 66 pacientes pela equipe EMAD e 66 pacientes pela equipe EMAP, que será demandada pela equipe EMAD. Envio do relatório de pacientes atendidos e solicitações de atendimento para as equipes SAD.",,Não Apresentado,SEM DADOS,DOC045,15,018/2022,
2022-08,HQL_taxa_de_execucao_do_plano_de_educacao_permanente,2.14 Taxa de execução do plano de educação permanente (5% da parte variável - qualidade),Atingir valor ≥ 90% das atividades previstas para o plano de educação permanente.,,Não Apresentado,SEM DADOS,DOC045,12,018/2022,
2022-08,HQL_taxa_de_infeccao_hospitalar,2.10 Taxa de infecção hospitalar (10% da parte variável - qualidade),"Apresentar total ≤ 7,5% de casos de infecções ocorridos no período.",0.21,"0,21%",INFORMADO,DOC045,12,018/2022,
2022-08,HQL_taxa_de_profissionais_medicos_cadastrados_no_cnes,2.4 Taxa de profissionais médicos cadastrados no CNES (5% da parte variável – qualidade),Apresentar 100% do total de profissionais médicos da unidade cadastrados no CNES.,,Não Apresentado,SEM DADOS,DOC045,11,018/2022,
2022-08,HQL_taxa_de_resolucao_das_queixas_recebidas,2.3 Taxa de resolução das queixas recebidas (5% da parte variável – qualidade),Atingir valor ≥ 80% de resolução das queixas prestadas.,,Não Apresentado,SEM DADOS,DOC045,11,018/2022,
2022-08,HQL_taxa_de_revisao_de_obitos,2.9 Taxa de revisão de óbitos (10% da parte variável - qualidade),Atingir valor ≥ 90% de revisão dos prontuários de óbitos.,,Não Apresentado,SEM DADOS,DOC045,12,018/2022,
2022-08,HQL_taxa_de_revisao_de_prontuarios_de_pacientes_com_classificacao_de_risco_vermelho_e_amarelo,2.8 Taxa de revisão de prontuários de pacientes com classificação de risco vermelho e amarelo (10% da parte variável - qualidade),Atingir valor ≥ 90% de revisão dos prontuários classificados como vermelho e amarelo.,,Não Apresentado,SEM DADOS,DOC045,12,018/2022,
2022-09,HQL_acolhimento_com_classificacao_de_risco,2.1 Acolhimento com classificação de risco (5% da parte variável – qualidade),Enviar relatório de resultados do ACCR até o dia 20 do mês subsequente à prestação do serviço.,,Enviado no Prazo,INFORMADO,DOC045,11,018/2022,
2022-09,HQL_ambulatorio_de_egresso_para_1o_consulta,2.13 Ambulatório de egresso para 1º consulta (5% da parte variável - qualidade),Apresentar 100% de agendamento da 1º consulta de egresso no momento da alta hospitalar para o paciente que necessite de retorno à unidade.,,Não Apresentado,SEM DADOS,DOC045,12,018/2022,
2022-09,HQL_atendimento_as_normas_das_portarias_de_habilitacoes_da_unidade_em_alta_complexidade,2.5 Atendimento às normas das portarias de habilitações da unidade em alta complexidade (10% da parte variável – qualidade),"Apresentar 100% no sistema SIA/SUS e SIH/SUS dos procedimentos realizados de alta complexidade na unidade, conforme habilitações no CNES.",,Não Apresentado,SEM DADOS,DOC045,11,018/2022,
2022-09,HQL_entrega_do_relatorio_de_prestacao_de_contas_mensal,2.6 Entrega do relatório de prestação de contas mensal (10% da parte variável – qualidade),Enviar relatório de prestação de contas mensal até o dia 20 do mês subsequente à prestação do serviço.,,Não Apresentado,SEM DADOS,DOC045,11,018/2022,
2022-09,HQL_escala_medica_de_plantao,2.11 Escala médica de plantão (5% da parte variável - qualidade),Executar a escala médica (urgência/emergência) mensal completa.,,Não Apresentado,SEM DADOS,DOC045,12,018/2022,
2022-09,HQL_informacao_e_transparencia,2.7 Informação e transparência (10% da parte variável – qualidade),Publicar as informações no portal da transparência da entidade de forma individualizada para a unidade hospitalar bem como entregar relatório das respectivas inserções até o 20º dia do mês subsequente à prestação do serviço.,,Não Apresentado,SEM DADOS,DOC045,11,018/2022,
2022-09,HQL_media_de_permanencia_hospitalar,2.12 Média de permanência hospitalar (5% da parte variável - qualidade),Assinalar o número médio de pacientes que passaram por determinado leito no mês.,,"7,27",INFORMADO,DOC045,12,018/2022,
2022-09,HQL_satisfacao_do_usuario,2.2 Satisfação do usuário (5% da parte variável – qualidade),Atingir valor ≥ 90% de satisfação.,,Não Apresentado,SEM DADOS,DOC045,11,018/2022,
2022-09,HQL_servico_de_apoio_diagnostico_e_terapeutico,4.2 Serviço de Apoio Diagnóstico e Terapêutico,Enviar relatório mensal à SES até o 20º dia do mês subsequente aos atendimentos.,,Enviado no Prazo,INFORMADO,DOC045,15,018/2022,
2022-09,HQL_servico_de_atencao_domiciliar_equipes_emad_e_emap,4.1 Serviço de atenção domiciliar – equipes EMAD e EMAP,"Implantar equipe com capacidade de atendimento de até 66 pacientes pela equipe EMAD e 66 pacientes pela equipe EMAP, que será demandada pela equipe EMAD. Envio do relatório de pacientes atendidos e solicitações de atendimento para as equipes SAD.",,Não Apresentado,SEM DADOS,DOC045,15,018/2022,
2022-09,HQL_taxa_de_execucao_do_plano_de_educacao_permanente,2.14 Taxa de execução do plano de educação permanente (5% da parte variável - qualidade),Atingir valor ≥ 90% das atividades previstas para o plano de educação permanente.,,Não Apresentado,SEM DADOS,DOC045,12,018/2022,
2022-09,HQL_taxa_de_infeccao_hospitalar,2.10 Taxa de infecção hospitalar (10% da parte variável - qualidade),"Apresentar total ≤ 7,5% de casos de infecções ocorridos no período.",0.19,"0,19%",INFORMADO,DOC045,12,018/2022,
2022-09,HQL_taxa_de_profissionais_medicos_cadastrados_no_cnes,2.4 Taxa de profissionais médicos cadastrados no CNES (5% da parte variável – qualidade),Apresentar 100% do total de profissionais médicos da unidade cadastrados no CNES.,,Não Apresentado,SEM DADOS,DOC045,11,018/2022,
2022-09,HQL_taxa_de_resolucao_das_queixas_recebidas,2.3 Taxa de resolução das queixas recebidas (5% da parte variável – qualidade),Atingir valor ≥ 80% de resolução das queixas prestadas.,,Não Apresentado,SEM DADOS,DOC045,11,018/2022,
2022-09,HQL_taxa_de_revisao_de_obitos,2.9 Taxa de revisão de óbitos (10% da parte variável - qualidade),Atingir valor ≥ 90% de revisão dos prontuários de óbitos.,,Não Apresentado,SEM DADOS,DOC045,12,018/2022,
2022-09,HQL_taxa_de_revisao_de_prontuarios_de_pacientes_com_classificacao_de_risco_vermelho_e_amarelo,2.8 Taxa de revisão de prontuários de pacientes com classificação de risco vermelho e amarelo (10% da parte variável - qualidade),Atingir valor ≥ 90% de revisão dos prontuários classificados como vermelho e amarelo.,,Não Apresentado,SEM DADOS,DOC045,12,018/2022,
2022-10,HQL_acolhimento_com_classificacao_de_risco,2.1 Acolhimento com classificação de risco (5% da parte variável – qualidade),Enviar relatório de resultados do ACCR até o dia 20 do mês subsequente à prestação do serviço.,,Enviado no Prazo,INFORMADO,DOC045,13,018/2022,
2022-10,HQL_ambulatorio_de_egresso_para_1o_consulta,2.13 Ambulatório de egresso para 1º consulta (5% da parte variável - qualidade),Apresentar 100% de agendamento da 1º consulta de egresso no momento da alta hospitalar para o paciente que necessite de retorno à unidade.,,Não Apresentado,SEM DADOS,DOC045,14,018/2022,
2022-10,HQL_atendimento_as_normas_das_portarias_de_habilitacoes_da_unidade_em_alta_complexidade,2.5 Atendimento às normas das portarias de habilitações da unidade em alta complexidade (10% da parte variável – qualidade),"Apresentar 100% no sistema SIA/SUS e SIH/SUS dos procedimentos realizados de alta complexidade na unidade, conforme habilitações no CNES.",,Análise Impossibilitada,SEM DADOS,DOC045,13,018/2022,
2022-10,HQL_entrega_do_relatorio_de_prestacao_de_contas_mensal,2.6 Entrega do relatório de prestação de contas mensal (10% da parte variável – qualidade),Enviar relatório de prestação de contas mensal até o dia 20 do mês subsequente à prestação do serviço.,,Análise Impossibilitada,SEM DADOS,DOC045,13,018/2022,
2022-10,HQL_escala_medica_de_plantao,2.11 Escala médica de plantão (5% da parte variável - qualidade),Executar a escala médica (urgência/emergência) mensal completa.,,Não Apresentado,SEM DADOS,DOC045,14,018/2022,
2022-10,HQL_informacao_e_transparencia,2.7 Informação e transparência (10% da parte variável – qualidade),Publicar as informações no portal da transparência da entidade de forma individualizada para a unidade hospitalar bem como entregar relatório das respectivas inserções até o 20º dia do mês subsequente à prestação do serviço.,,Não Apresentado,SEM DADOS,DOC045,13,018/2022,
2022-10,HQL_media_de_permanencia_hospitalar,2.12 Média de permanência hospitalar (5% da parte variável - qualidade),Assinalar o número médio de pacientes que passaram por determinado leito no mês.,,"10,17",INFORMADO,DOC045,14,018/2022,
2022-10,HQL_satisfacao_do_usuario,2.2 Satisfação do usuário (5% da parte variável – qualidade),Atingir valor ≥ 90% de satisfação.,,Não Apresentado,SEM DADOS,DOC045,13,018/2022,
2022-10,HQL_servico_de_apoio_diagnostico_e_terapeutico,4.2 Serviço de Apoio Diagnóstico e Terapêutico,Enviar relatório mensal à SES até o 20º dia do mês subsequente aos atendimentos.,,Enviado no Prazo,INFORMADO,DOC045,15,018/2022,
2022-10,HQL_servico_de_atencao_domiciliar_equipes_emad_e_emap,4.1 Serviço de atenção domiciliar – equipes EMAD e EMAP,"Implantar equipe com capacidade de atendimento de até 66 pacientes pela equipe EMAD e 66 pacientes pela equipe EMAP, que será demandada pela equipe EMAD. Envio do relatório de pacientes atendidos e solicitações de atendimento para as equipes SAD.",,Não Apresentado,SEM DADOS,DOC045,15,018/2022,
2022-10,HQL_taxa_de_execucao_do_plano_de_educacao_permanente,2.14 Taxa de execução do plano de educação permanente (5% da parte variável - qualidade),Atingir valor ≥ 90% das atividades previstas para o plano de educação permanente.,,Não Apresentado,SEM DADOS,DOC045,14,018/2022,
2022-10,HQL_taxa_de_infeccao_hospitalar,2.10 Taxa de infecção hospitalar (10% da parte variável - qualidade),"Apresentar total ≤ 7,5% de casos de infecções ocorridos no período.",,Não Apresentado,SEM DADOS,DOC045,14,018/2022,
2022-10,HQL_taxa_de_profissionais_medicos_cadastrados_no_cnes,2.4 Taxa de profissionais médicos cadastrados no CNES (5% da parte variável – qualidade),Apresentar 100% do total de profissionais médicos da unidade cadastrados no CNES.,,Não Apresentado,SEM DADOS,DOC045,13,018/2022,
2022-10,HQL_taxa_de_resolucao_das_queixas_recebidas,2.3 Taxa de resolução das queixas recebidas (5% da parte variável – qualidade),Atingir valor ≥ 80% de resolução das queixas prestadas.,,Não Apresentado,SEM DADOS,DOC045,13,018/2022,
2022-10,HQL_taxa_de_revisao_de_obitos,2.9 Taxa de revisão de óbitos (10% da parte variável - qualidade),Atingir valor ≥ 90% de revisão dos prontuários de óbitos.,82.09,"82,09%",INFORMADO,DOC045,14,018/2022,
2022-10,HQL_taxa_de_revisao_de_prontuarios_de_pacientes_com_classificacao_de_risco_vermelho_e_amarelo,2.8 Taxa de revisão de prontuários de pacientes com classificação de risco vermelho e amarelo (10% da parte variável - qualidade),Atingir valor ≥ 90% de revisão dos prontuários classificados como vermelho e amarelo.,,Não Apresentado,SEM DADOS,DOC045,14,018/2022,
2022-11,HQL_acolhimento_com_classificacao_de_risco,2.1 Acolhimento com classificação de risco (5% da parte variável – qualidade),Enviar relatório de resultados do ACCR até o dia 20 do mês subsequente à prestação do serviço.,,Enviado no Prazo,INFORMADO,DOC045,13,018/2022,
2022-11,HQL_ambulatorio_de_egresso_para_1o_consulta,2.13 Ambulatório de egresso para 1º consulta (5% da parte variável - qualidade),Apresentar 100% de agendamento da 1º consulta de egresso no momento da alta hospitalar para o paciente que necessite de retorno à unidade.,,Não Apresentado,SEM DADOS,DOC045,14,018/2022,
2022-11,HQL_atendimento_as_normas_das_portarias_de_habilitacoes_da_unidade_em_alta_complexidade,2.5 Atendimento às normas das portarias de habilitações da unidade em alta complexidade (10% da parte variável – qualidade),"Apresentar 100% no sistema SIA/SUS e SIH/SUS dos procedimentos realizados de alta complexidade na unidade, conforme habilitações no CNES.",,Análise Impossibilitada,SEM DADOS,DOC045,13,018/2022,
2022-11,HQL_entrega_do_relatorio_de_prestacao_de_contas_mensal,2.6 Entrega do relatório de prestação de contas mensal (10% da parte variável – qualidade),Enviar relatório de prestação de contas mensal até o dia 20 do mês subsequente à prestação do serviço.,,Análise Impossibilitada,SEM DADOS,DOC045,13,018/2022,
2022-11,HQL_escala_medica_de_plantao,2.11 Escala médica de plantão (5% da parte variável - qualidade),Executar a escala médica (urgência/emergência) mensal completa.,,Não Apresentado,SEM DADOS,DOC045,14,018/2022,
2022-11,HQL_informacao_e_transparencia,2.7 Informação e transparência (10% da parte variável – qualidade),Publicar as informações no portal da transparência da entidade de forma individualizada para a unidade hospitalar bem como entregar relatório das respectivas inserções até o 20º dia do mês subsequente à prestação do serviço.,,Não Apresentado,SEM DADOS,DOC045,13,018/2022,
2022-11,HQL_media_de_permanencia_hospitalar,2.12 Média de permanência hospitalar (5% da parte variável - qualidade),Assinalar o número médio de pacientes que passaram por determinado leito no mês.,,"9,16",INFORMADO,DOC045,14,018/2022,
2022-11,HQL_satisfacao_do_usuario,2.2 Satisfação do usuário (5% da parte variável – qualidade),Atingir valor ≥ 90% de satisfação.,,Não Apresentado,SEM DADOS,DOC045,13,018/2022,
2022-11,HQL_servico_de_apoio_diagnostico_e_terapeutico,4.2 Serviço de Apoio Diagnóstico e Terapêutico,Enviar relatório mensal à SES até o 20º dia do mês subsequente aos atendimentos.,,Enviado no Prazo,INFORMADO,DOC045,15,018/2022,
2022-11,HQL_servico_de_atencao_domiciliar_equipes_emad_e_emap,4.1 Serviço de atenção domiciliar – equipes EMAD e EMAP,"Implantar equipe com capacidade de atendimento de até 66 pacientes pela equipe EMAD e 66 pacientes pela equipe EMAP, que será demandada pela equipe EMAD. Envio do relatório de pacientes atendidos e solicitações de atendimento para as equipes SAD.",,Não Apresentado,SEM DADOS,DOC045,15,018/2022,
2022-11,HQL_taxa_de_execucao_do_plano_de_educacao_permanente,2.14 Taxa de execução do plano de educação permanente (5% da parte variável - qualidade),Atingir valor ≥ 90% das atividades previstas para o plano de educação permanente.,,Não Apresentado,SEM DADOS,DOC045,14,018/2022,
2022-11,HQL_taxa_de_infeccao_hospitalar,2.10 Taxa de infecção hospitalar (10% da parte variável - qualidade),"Apresentar total ≤ 7,5% de casos de infecções ocorridos no período.",,Não Apresentado,SEM DADOS,DOC045,14,018/2022,
2022-11,HQL_taxa_de_profissionais_medicos_cadastrados_no_cnes,2.4 Taxa de profissionais médicos cadastrados no CNES (5% da parte variável – qualidade),Apresentar 100% do total de profissionais médicos da unidade cadastrados no CNES.,,Não Apresentado,SEM DADOS,DOC045,13,018/2022,
2022-11,HQL_taxa_de_resolucao_das_queixas_recebidas,2.3 Taxa de resolução das queixas recebidas (5% da parte variável – qualidade),Atingir valor ≥ 80% de resolução das queixas prestadas.,,Não Apresentado,SEM DADOS,DOC045,13,018/2022,
2022-11,HQL_taxa_de_revisao_de_obitos,2.9 Taxa de revisão de óbitos (10% da parte variável - qualidade),Atingir valor ≥ 90% de revisão dos prontuários de óbitos.,91.89,"91,89%",INFORMADO,DOC045,14,018/2022,
2022-11,HQL_taxa_de_revisao_de_prontuarios_de_pacientes_com_classificacao_de_risco_vermelho_e_amarelo,2.8 Taxa de revisão de prontuários de pacientes com classificação de risco vermelho e amarelo (10% da parte variável - qualidade),Atingir valor ≥ 90% de revisão dos prontuários classificados como vermelho e amarelo.,,Não Apresentado,SEM DADOS,DOC045,14,018/2022,
2022-12,HQL_acolhimento_com_classificacao_de_risco,2.1 Acolhimento com classificação de risco (5% da parte variável – qualidade),Enviar relatório de resultados do ACCR até o dia 20 do mês subsequente à prestação do serviço.,,Enviado no Prazo,INFORMADO,DOC045,13,018/2022,
2022-12,HQL_ambulatorio_de_egresso_para_1o_consulta,2.13 Ambulatório de egresso para 1º consulta (5% da parte variável - qualidade),Apresentar 100% de agendamento da 1º consulta de egresso no momento da alta hospitalar para o paciente que necessite de retorno à unidade.,,Não Apresentado,SEM DADOS,DOC045,14,018/2022,
2022-12,HQL_atendimento_as_normas_das_portarias_de_habilitacoes_da_unidade_em_alta_complexidade,2.5 Atendimento às normas das portarias de habilitações da unidade em alta complexidade (10% da parte variável – qualidade),"Apresentar 100% no sistema SIA/SUS e SIH/SUS dos procedimentos realizados de alta complexidade na unidade, conforme habilitações no CNES.",,Análise Impossibilitada,SEM DADOS,DOC045,13,018/2022,
2022-12,HQL_entrega_do_relatorio_de_prestacao_de_contas_mensal,2.6 Entrega do relatório de prestação de contas mensal (10% da parte variável – qualidade),Enviar relatório de prestação de contas mensal até o dia 20 do mês subsequente à prestação do serviço.,,Análise Impossibilitada,SEM DADOS,DOC045,13,018/2022,
2022-12,HQL_escala_medica_de_plantao,2.11 Escala médica de plantão (5% da parte variável - qualidade),Executar a escala médica (urgência/emergência) mensal completa.,,Não Apresentado,SEM DADOS,DOC045,14,018/2022,
2022-12,HQL_informacao_e_transparencia,2.7 Informação e transparência (10% da parte variável – qualidade),Publicar as informações no portal da transparência da entidade de forma individualizada para a unidade hospitalar bem como entregar relatório das respectivas inserções até o 20º dia do mês subsequente à prestação do serviço.,,Não Apresentado,SEM DADOS,DOC045,13,018/2022,
2022-12,HQL_media_de_permanencia_hospitalar,2.12 Média de permanência hospitalar (5% da parte variável - qualidade),Assinalar o número médio de pacientes que passaram por determinado leito no mês.,,"7,99",INFORMADO,DOC045,14,018/2022,
2022-12,HQL_satisfacao_do_usuario,2.2 Satisfação do usuário (5% da parte variável – qualidade),Atingir valor ≥ 90% de satisfação.,,Não Apresentado,SEM DADOS,DOC045,13,018/2022,
2022-12,HQL_servico_de_apoio_diagnostico_e_terapeutico,4.2 Serviço de Apoio Diagnóstico e Terapêutico,Enviar relatório mensal à SES até o 20º dia do mês subsequente aos atendimentos.,,Enviado no Prazo,INFORMADO,DOC045,15,018/2022,
2022-12,HQL_servico_de_atencao_domiciliar_equipes_emad_e_emap,4.1 Serviço de atenção domiciliar – equipes EMAD e EMAP,"Implantar equipe com capacidade de atendimento de até 66 pacientes pela equipe EMAD e 66 pacientes pela equipe EMAP, que será demandada pela equipe EMAD. Envio do relatório de pacientes atendidos e solicitações de atendimento para as equipes SAD.",,Não Apresentado,SEM DADOS,DOC045,15,018/2022,
2022-12,HQL_taxa_de_execucao_do_plano_de_educacao_permanente,2.14 Taxa de execução do plano de educação permanente (5% da parte variável - qualidade),Atingir valor ≥ 90% das atividades previstas para o plano de educação permanente.,,Não Apresentado,SEM DADOS,DOC045,14,018/2022,
2022-12,HQL_taxa_de_infeccao_hospitalar,2.10 Taxa de infecção hospitalar (10% da parte variável - qualidade),"Apresentar total ≤ 7,5% de casos de infecções ocorridos no período.",,Não Apresentado,SEM DADOS,DOC045,14,018/2022,
2022-12,HQL_taxa_de_profissionais_medicos_cadastrados_no_cnes,2.4 Taxa de profissionais médicos cadastrados no CNES (5% da parte variável – qualidade),Apresentar 100% do total de profissionais médicos da unidade cadastrados no CNES.,,Não Apresentado,SEM DADOS,DOC045,13,018/2022,
2022-12,HQL_taxa_de_resolucao_das_queixas_recebidas,2.3 Taxa de resolução das queixas recebidas (5% da parte variável – qualidade),Atingir valor ≥ 80% de resolução das queixas prestadas.,,Não Apresentado,SEM DADOS,DOC045,13,018/2022,
2022-12,HQL_taxa_de_revisao_de_obitos,2.9 Taxa de revisão de óbitos (10% da parte variável - qualidade),Atingir valor ≥ 90% de revisão dos prontuários de óbitos.,82.61,"82,61%",INFORMADO,DOC045,14,018/2022,
2022-12,HQL_taxa_de_revisao_de_prontuarios_de_pacientes_com_classificacao_de_risco_vermelho_e_amarelo,2.8 Taxa de revisão de prontuários de pacientes com classificação de risco vermelho e amarelo (10% da parte variável - qualidade),Atingir valor ≥ 90% de revisão dos prontuários classificados como vermelho e amarelo.,,Não Apresentado,SEM DADOS,DOC045,14,018/2022,
2023-01,HQL_acolhimento_com_classificacao_de_risco,2.1 Acolhimento com classificação de risco (5% da parte variável – qualidade),Enviar relatório de resultados do ACCR até o dia 20 do mês subsequente à prestação do serviço.,,Enviado no Prazo,INFORMADO,DOC050,6,018/2022,
2023-01,HQL_ambulatorio_de_egresso_para_1o_consulta,2.13 Ambulatório de egresso para 1º consulta (5% da parte variável - qualidade),Apresentar 100% de agendamento da 1º consulta de egresso no momento da alta hospitalar para o paciente que necessite de retorno à unidade.,,Não Enviado,INFORMADO,DOC050,7,018/2022,
2023-01,HQL_atendimento_as_normas_das_portarias_de_habilitacoes_da_unidade_em_alta_complexidade,2.5 Atendimento às normas das portarias de habilitações da unidade em alta complexidade (10% da parte variável – qualidade),"Apresentar 100% no sistema SIA/SUS e SIH/SUS dos procedimentos realizados de alta complexidade na unidade, conforme habilitações no CNES.",,Análise Impossibilitada,SEM DADOS,DOC050,6,018/2022,
2023-01,HQL_entrega_do_relatorio_de_prestacao_de_contas_mensal,2.6 Entrega do relatório de prestação de contas mensal (10% da parte variável – qualidade),Enviar relatório de prestação de contas mensal até o dia 20 do mês subsequente à prestação do serviço.,,Análise Impossibilitada,SEM DADOS,DOC050,6,018/2022,
2023-01,HQL_escala_medica_de_plantao,2.11 Escala médica de plantão (5% da parte variável - qualidade),Executar a escala médica (urgência/emergência) mensal completa.,,Análise Impossibilitada,SEM DADOS,DOC050,7,018/2022,
2023-01,HQL_informacao_e_transparencia,2.7 Informação e transparência (10% da parte variável – qualidade),Publicar as informações no portal da transparência da entidade de forma individualizada para a unidade hospitalar bem como entregar relatório das respectivas inserções até o 20º dia do mês subsequente à prestação do serviço.,,Não Apresentado,SEM DADOS,DOC050,6,018/2022,
2023-01,HQL_media_de_permanencia_hospitalar,2.12 Média de permanência hospitalar (5% da parte variável - qualidade),Assinalar o número médio de pacientes que passaram por determinado leito no mês.,,"8,28",INFORMADO,DOC050,7,018/2022,
2023-01,HQL_satisfacao_do_usuario,2.2 Satisfação do usuário (5% da parte variável – qualidade),Atingir valor ≥ 90% de satisfação.,,Não Apresentado,SEM DADOS,DOC050,6,018/2022,
2023-01,HQL_servico_de_apoio_diagnostico_e_terapeutico,4.2 Serviço de Apoio Diagnóstico e Terapêutico,Enviar relatório mensal à SES até o 20º dia do mês subsequente aos atendimentos.,,Enviado no Prazo,INFORMADO,DOC050,8,018/2022,
2023-01,HQL_servico_de_atencao_domiciliar_equipes_emad_e_emap,4.1 Serviço de atenção domiciliar – equipes EMAD e EMAP,"Implantar equipe com capacidade de atendimento de até 66 pacientes pela equipe EMAD e 66 pacientes pela equipe EMAP, que será demandada pela equipe EMAD. Envio do relatório de pacientes atendidos e solicitações de atendimento para as equipes SAD.",,Não Enviado,INFORMADO,DOC050,8,018/2022,
2023-01,HQL_taxa_de_execucao_do_plano_de_educacao_permanente,2.14 Taxa de execução do plano de educação permanente (5% da parte variável - qualidade),Atingir valor ≥ 90% das atividades previstas para o plano de educação permanente.,,Não Apresentado,SEM DADOS,DOC050,7,018/2022,
2023-01,HQL_taxa_de_infeccao_hospitalar,2.10 Taxa de infecção hospitalar (10% da parte variável - qualidade),"Apresentar total ≤ 7,5% de casos de infecções ocorridos no período.",,Não Apresentado,SEM DADOS,DOC050,7,018/2022,
2023-01,HQL_taxa_de_profissionais_medicos_cadastrados_no_cnes,2.4 Taxa de profissionais médicos cadastrados no CNES (5% da parte variável – qualidade),Apresentar 100% do total de profissionais médicos da unidade cadastrados no CNES.,,Não Apresentado,SEM DADOS,DOC050,6,018/2022,
2023-01,HQL_taxa_de_resolucao_das_queixas_recebidas,2.3 Taxa de resolução das queixas recebidas (5% da parte variável – qualidade),Atingir valor ≥ 80% de resolução das queixas prestadas.,,Não Apresentado,SEM DADOS,DOC050,6,018/2022,
2023-01,HQL_taxa_de_revisao_de_obitos,2.9 Taxa de revisão de óbitos (10% da parte variável - qualidade),Atingir valor ≥ 90% de revisão dos prontuários de óbitos.,82.28,"82,28%",INFORMADO,DOC050,7,018/2022,
2023-01,HQL_taxa_de_revisao_de_prontuarios_de_pacientes_com_classificacao_de_risco_vermelho_e_amarelo,2.8 Taxa de revisão de prontuários de pacientes com classificação de risco vermelho e amarelo (10% da parte variável - qualidade),Atingir valor ≥ 90% de revisão dos prontuários classificados como vermelho e amarelo.,,Não Apresentado,SEM DADOS,DOC050,7,018/2022,
2023-02,HQL_acolhimento_com_classificacao_de_risco,2.1 Acolhimento com classificação de risco (5% da parte variável – qualidade),Enviar relatório de resultados do ACCR até o dia 20 do mês subsequente à prestação do serviço.,,Enviado no Prazo,INFORMADO,DOC050,6,018/2022,
2023-02,HQL_ambulatorio_de_egresso_para_1o_consulta,2.13 Ambulatório de egresso para 1º consulta (5% da parte variável - qualidade),Apresentar 100% de agendamento da 1º consulta de egresso no momento da alta hospitalar para o paciente que necessite de retorno à unidade.,,Enviado,INFORMADO,DOC050,7,018/2022,
2023-02,HQL_atendimento_as_normas_das_portarias_de_habilitacoes_da_unidade_em_alta_complexidade,2.5 Atendimento às normas das portarias de habilitações da unidade em alta complexidade (10% da parte variável – qualidade),"Apresentar 100% no sistema SIA/SUS e SIH/SUS dos procedimentos realizados de alta complexidade na unidade, conforme habilitações no CNES.",,Análise Impossibilitada,SEM DADOS,DOC050,6,018/2022,
2023-02,HQL_entrega_do_relatorio_de_prestacao_de_contas_mensal,2.6 Entrega do relatório de prestação de contas mensal (10% da parte variável – qualidade),Enviar relatório de prestação de contas mensal até o dia 20 do mês subsequente à prestação do serviço.,,Análise Impossibilitada,SEM DADOS,DOC050,6,018/2022,
2023-02,HQL_escala_medica_de_plantao,2.11 Escala médica de plantão (5% da parte variável - qualidade),Executar a escala médica (urgência/emergência) mensal completa.,,Análise Impossibilitada,SEM DADOS,DOC050,7,018/2022,
2023-02,HQL_informacao_e_transparencia,2.7 Informação e transparência (10% da parte variável – qualidade),Publicar as informações no portal da transparência da entidade de forma individualizada para a unidade hospitalar bem como entregar relatório das respectivas inserções até o 20º dia do mês subsequente à prestação do serviço.,,Enviado no Prazo,INFORMADO,DOC050,6,018/2022,
2023-02,HQL_media_de_permanencia_hospitalar,2.12 Média de permanência hospitalar (5% da parte variável - qualidade),Assinalar o número médio de pacientes que passaram por determinado leito no mês.,,"6,8",INFORMADO,DOC050,7,018/2022,
2023-02,HQL_satisfacao_do_usuario,2.2 Satisfação do usuário (5% da parte variável – qualidade),Atingir valor ≥ 90% de satisfação.,,Não Apresentado,SEM DADOS,DOC050,6,018/2022,
2023-02,HQL_servico_de_apoio_diagnostico_e_terapeutico,4.2 Serviço de Apoio Diagnóstico e Terapêutico,Enviar relatório mensal à SES até o 20º dia do mês subsequente aos atendimentos.,,Não Enviado no Prazo,INFORMADO,DOC050,8,018/2022,
2023-02,HQL_servico_de_atencao_domiciliar_equipes_emad_e_emap,4.1 Serviço de atenção domiciliar – equipes EMAD e EMAP,"Implantar equipe com capacidade de atendimento de até 66 pacientes pela equipe EMAD e 66 pacientes pela equipe EMAP, que será demandada pela equipe EMAD. Envio do relatório de pacientes atendidos e solicitações de atendimento para as equipes SAD.",,Não Enviado,INFORMADO,DOC050,8,018/2022,
2023-02,HQL_taxa_de_execucao_do_plano_de_educacao_permanente,2.14 Taxa de execução do plano de educação permanente (5% da parte variável - qualidade),Atingir valor ≥ 90% das atividades previstas para o plano de educação permanente.,,Não Apresentado,SEM DADOS,DOC050,7,018/2022,
2023-02,HQL_taxa_de_infeccao_hospitalar,2.10 Taxa de infecção hospitalar (10% da parte variável - qualidade),"Apresentar total ≤ 7,5% de casos de infecções ocorridos no período.",,Não Apresentado,SEM DADOS,DOC050,7,018/2022,
2023-02,HQL_taxa_de_profissionais_medicos_cadastrados_no_cnes,2.4 Taxa de profissionais médicos cadastrados no CNES (5% da parte variável – qualidade),Apresentar 100% do total de profissionais médicos da unidade cadastrados no CNES.,,Não Apresentado,SEM DADOS,DOC050,6,018/2022,
2023-02,HQL_taxa_de_resolucao_das_queixas_recebidas,2.3 Taxa de resolução das queixas recebidas (5% da parte variável – qualidade),Atingir valor ≥ 80% de resolução das queixas prestadas.,,Não Apresentado,SEM DADOS,DOC050,6,018/2022,
2023-02,HQL_taxa_de_revisao_de_obitos,2.9 Taxa de revisão de óbitos (10% da parte variável - qualidade),Atingir valor ≥ 90% de revisão dos prontuários de óbitos.,73.42,"73,42%",INFORMADO,DOC050,7,018/2022,
2023-02,HQL_taxa_de_revisao_de_prontuarios_de_pacientes_com_classificacao_de_risco_vermelho_e_amarelo,2.8 Taxa de revisão de prontuários de pacientes com classificação de risco vermelho e amarelo (10% da parte variável - qualidade),Atingir valor ≥ 90% de revisão dos prontuários classificados como vermelho e amarelo.,17.01,"17,01%",INFORMADO,DOC050,7,018/2022,
2023-03,HQL_acolhimento_com_classificacao_de_risco,2.1 Acolhimento com classificação de risco (5% da parte variável – qualidade),Enviar relatório de resultados do ACCR até o dia 20 do mês subsequente à prestação do serviço.,,Enviado no Prazo,INFORMADO,DOC050,6,018/2022,
2023-03,HQL_ambulatorio_de_egresso_para_1o_consulta,2.13 Ambulatório de egresso para 1º consulta (5% da parte variável - qualidade),Apresentar 100% de agendamento da 1º consulta de egresso no momento da alta hospitalar para o paciente que necessite de retorno à unidade.,,Enviado,INFORMADO,DOC050,7,018/2022,
2023-03,HQL_atendimento_as_normas_das_portarias_de_habilitacoes_da_unidade_em_alta_complexidade,2.5 Atendimento às normas das portarias de habilitações da unidade em alta complexidade (10% da parte variável – qualidade),"Apresentar 100% no sistema SIA/SUS e SIH/SUS dos procedimentos realizados de alta complexidade na unidade, conforme habilitações no CNES.",,Análise Impossibilitada,SEM DADOS,DOC050,6,018/2022,
2023-03,HQL_entrega_do_relatorio_de_prestacao_de_contas_mensal,2.6 Entrega do relatório de prestação de contas mensal (10% da parte variável – qualidade),Enviar relatório de prestação de contas mensal até o dia 20 do mês subsequente à prestação do serviço.,,Análise Impossibilitada,SEM DADOS,DOC050,6,018/2022,
2023-03,HQL_escala_medica_de_plantao,2.11 Escala médica de plantão (5% da parte variável - qualidade),Executar a escala médica (urgência/emergência) mensal completa.,,Análise Impossibilitada,SEM DADOS,DOC050,7,018/2022,
2023-03,HQL_informacao_e_transparencia,2.7 Informação e transparência (10% da parte variável – qualidade),Publicar as informações no portal da transparência da entidade de forma individualizada para a unidade hospitalar bem como entregar relatório das respectivas inserções até o 20º dia do mês subsequente à prestação do serviço.,,Enviado no Prazo,INFORMADO,DOC050,6,018/2022,
2023-03,HQL_media_de_permanencia_hospitalar,2.12 Média de permanência hospitalar (5% da parte variável - qualidade),Assinalar o número médio de pacientes que passaram por determinado leito no mês.,,"6,61",INFORMADO,DOC050,7,018/2022,
2023-03,HQL_satisfacao_do_usuario,2.2 Satisfação do usuário (5% da parte variável – qualidade),Atingir valor ≥ 90% de satisfação.,,Não Apresentado,SEM DADOS,DOC050,6,018/2022,
2023-03,HQL_servico_de_apoio_diagnostico_e_terapeutico,4.2 Serviço de Apoio Diagnóstico e Terapêutico,Enviar relatório mensal à SES até o 20º dia do mês subsequente aos atendimentos.,,Enviado no Prazo,INFORMADO,DOC050,8,018/2022,
2023-03,HQL_servico_de_atencao_domiciliar_equipes_emad_e_emap,4.1 Serviço de atenção domiciliar – equipes EMAD e EMAP,"Implantar equipe com capacidade de atendimento de até 66 pacientes pela equipe EMAD e 66 pacientes pela equipe EMAP, que será demandada pela equipe EMAD. Envio do relatório de pacientes atendidos e solicitações de atendimento para as equipes SAD.",,Enviado,INFORMADO,DOC050,8,018/2022,
2023-03,HQL_taxa_de_execucao_do_plano_de_educacao_permanente,2.14 Taxa de execução do plano de educação permanente (5% da parte variável - qualidade),Atingir valor ≥ 90% das atividades previstas para o plano de educação permanente.,,Não Apresentado,SEM DADOS,DOC050,7,018/2022,
2023-03,HQL_taxa_de_infeccao_hospitalar,2.10 Taxa de infecção hospitalar (10% da parte variável - qualidade),"Apresentar total ≤ 7,5% de casos de infecções ocorridos no período.",,Não Apresentado,SEM DADOS,DOC050,7,018/2022,
2023-03,HQL_taxa_de_profissionais_medicos_cadastrados_no_cnes,2.4 Taxa de profissionais médicos cadastrados no CNES (5% da parte variável – qualidade),Apresentar 100% do total de profissionais médicos da unidade cadastrados no CNES.,,Não Apresentado,SEM DADOS,DOC050,6,018/2022,
2023-03,HQL_taxa_de_resolucao_das_queixas_recebidas,2.3 Taxa de resolução das queixas recebidas (5% da parte variável – qualidade),Atingir valor ≥ 80% de resolução das queixas prestadas.,,Não Apresentado,SEM DADOS,DOC050,6,018/2022,
2023-03,HQL_taxa_de_revisao_de_obitos,2.9 Taxa de revisão de óbitos (10% da parte variável - qualidade),Atingir valor ≥ 90% de revisão dos prontuários de óbitos.,84.09,"84,09%",INFORMADO,DOC050,7,018/2022,
2023-03,HQL_taxa_de_revisao_de_prontuarios_de_pacientes_com_classificacao_de_risco_vermelho_e_amarelo,2.8 Taxa de revisão de prontuários de pacientes com classificação de risco vermelho e amarelo (10% da parte variável - qualidade),Atingir valor ≥ 90% de revisão dos prontuários classificados como vermelho e amarelo.,10.0,"10,00%",INFORMADO,DOC050,7,018/2022,
2023-04,HQL_acolhimento_com_classificacao_de_risco,2.1 Acolhimento com classificação de risco (5% da parte variável – qualidade),Enviar relatório de resultados do ACCR até o dia 20 do mês subsequente à prestação do serviço.,,Enviado no Prazo,INFORMADO,DOC050,6,018/2022,
2023-04,HQL_ambulatorio_de_egresso_para_1o_consulta,2.13 Ambulatório de egresso para 1º consulta (5% da parte variável - qualidade),Apresentar 100% de agendamento da 1º consulta de egresso no momento da alta hospitalar para o paciente que necessite de retorno à unidade.,,Enviado,INFORMADO,DOC050,7,018/2022,
2023-04,HQL_atendimento_as_normas_das_portarias_de_habilitacoes_da_unidade_em_alta_complexidade,2.5 Atendimento às normas das portarias de habilitações da unidade em alta complexidade (10% da parte variável – qualidade),"Apresentar 100% no sistema SIA/SUS e SIH/SUS dos procedimentos realizados de alta complexidade na unidade, conforme habilitações no CNES.",,Análise Impossibilitada,SEM DADOS,DOC050,6,018/2022,
2023-04,HQL_entrega_do_relatorio_de_prestacao_de_contas_mensal,2.6 Entrega do relatório de prestação de contas mensal (10% da parte variável – qualidade),Enviar relatório de prestação de contas mensal até o dia 20 do mês subsequente à prestação do serviço.,,Enviado no Prazo,INFORMADO,DOC050,6,018/2022,
2023-04,HQL_escala_medica_de_plantao,2.11 Escala médica de plantão (5% da parte variável - qualidade),Executar a escala médica (urgência/emergência) mensal completa.,,Análise Impossibilitada,SEM DADOS,DOC050,7,018/2022,
2023-04,HQL_informacao_e_transparencia,2.7 Informação e transparência (10% da parte variável – qualidade),Publicar as informações no portal da transparência da entidade de forma individualizada para a unidade hospitalar bem como entregar relatório das respectivas inserções até o 20º dia do mês subsequente à prestação do serviço.,,Não Apresentado,SEM DADOS,DOC050,6,018/2022,
2023-04,HQL_media_de_permanencia_hospitalar,2.12 Média de permanência hospitalar (5% da parte variável - qualidade),Assinalar o número médio de pacientes que passaram por determinado leito no mês.,,"6,9",INFORMADO,DOC050,7,018/2022,
2023-04,HQL_satisfacao_do_usuario,2.2 Satisfação do usuário (5% da parte variável – qualidade),Atingir valor ≥ 90% de satisfação.,,Não Apresentado,SEM DADOS,DOC050,6,018/2022,
2023-04,HQL_servico_de_apoio_diagnostico_e_terapeutico,4.2 Serviço de Apoio Diagnóstico e Terapêutico,Enviar relatório mensal à SES até o 20º dia do mês subsequente aos atendimentos.,,Enviado no Prazo,INFORMADO,DOC050,8,018/2022,
2023-04,HQL_servico_de_atencao_domiciliar_equipes_emad_e_emap,4.1 Serviço de atenção domiciliar – equipes EMAD e EMAP,"Implantar equipe com capacidade de atendimento de até 66 pacientes pela equipe EMAD e 66 pacientes pela equipe EMAP, que será demandada pela equipe EMAD. Envio do relatório de pacientes atendidos e solicitações de atendimento para as equipes SAD.",,Enviado,INFORMADO,DOC050,8,018/2022,
2023-04,HQL_taxa_de_execucao_do_plano_de_educacao_permanente,2.14 Taxa de execução do plano de educação permanente (5% da parte variável - qualidade),Atingir valor ≥ 90% das atividades previstas para o plano de educação permanente.,,Não Apresentado,SEM DADOS,DOC050,7,018/2022,
2023-04,HQL_taxa_de_infeccao_hospitalar,2.10 Taxa de infecção hospitalar (10% da parte variável - qualidade),"Apresentar total ≤ 7,5% de casos de infecções ocorridos no período.",,Não Apresentado,SEM DADOS,DOC050,7,018/2022,
2023-04,HQL_taxa_de_profissionais_medicos_cadastrados_no_cnes,2.4 Taxa de profissionais médicos cadastrados no CNES (5% da parte variável – qualidade),Apresentar 100% do total de profissionais médicos da unidade cadastrados no CNES.,,Não Apresentado,SEM DADOS,DOC050,6,018/2022,
2023-04,HQL_taxa_de_resolucao_das_queixas_recebidas,2.3 Taxa de resolução das queixas recebidas (5% da parte variável – qualidade),Atingir valor ≥ 80% de resolução das queixas prestadas.,,Não Apresentado,SEM DADOS,DOC050,6,018/2022,
2023-04,HQL_taxa_de_revisao_de_obitos,2.9 Taxa de revisão de óbitos (10% da parte variável - qualidade),Atingir valor ≥ 90% de revisão dos prontuários de óbitos.,88.73,"88,73%",INFORMADO,DOC050,7,018/2022,
2023-04,HQL_taxa_de_revisao_de_prontuarios_de_pacientes_com_classificacao_de_risco_vermelho_e_amarelo,2.8 Taxa de revisão de prontuários de pacientes com classificação de risco vermelho e amarelo (10% da parte variável - qualidade),Atingir valor ≥ 90% de revisão dos prontuários classificados como vermelho e amarelo.,90.0,"90,00%",INFORMADO,DOC050,7,018/2022,
2023-05,HQL_acolhimento_com_classificacao_de_risco,2.1 Acolhimento com classificação de risco (5% da parte variável – qualidade),Enviar relatório de resultados do ACCR até o dia 20 do mês subsequente à prestação do serviço.,,Enviado no Prazo,INFORMADO,DOC050,6,018/2022,
2023-05,HQL_ambulatorio_de_egresso_para_1o_consulta,2.13 Ambulatório de egresso para 1º consulta (5% da parte variável - qualidade),Apresentar 100% de agendamento da 1º consulta de egresso no momento da alta hospitalar para o paciente que necessite de retorno à unidade.,,Enviado,INFORMADO,DOC050,7,018/2022,
2023-05,HQL_atendimento_as_normas_das_portarias_de_habilitacoes_da_unidade_em_alta_complexidade,2.5 Atendimento às normas das portarias de habilitações da unidade em alta complexidade (10% da parte variável – qualidade),"Apresentar 100% no sistema SIA/SUS e SIH/SUS dos procedimentos realizados de alta complexidade na unidade, conforme habilitações no CNES.",,Análise Impossibilitada,SEM DADOS,DOC050,6,018/2022,
2023-05,HQL_entrega_do_relatorio_de_prestacao_de_contas_mensal,2.6 Entrega do relatório de prestação de contas mensal (10% da parte variável – qualidade),Enviar relatório de prestação de contas mensal até o dia 20 do mês subsequente à prestação do serviço.,,Enviado no Prazo,INFORMADO,DOC050,6,018/2022,
2023-05,HQL_escala_medica_de_plantao,2.11 Escala médica de plantão (5% da parte variável - qualidade),Executar a escala médica (urgência/emergência) mensal completa.,,Análise Impossibilitada,SEM DADOS,DOC050,7,018/2022,
2023-05,HQL_informacao_e_transparencia,2.7 Informação e transparência (10% da parte variável – qualidade),Publicar as informações no portal da transparência da entidade de forma individualizada para a unidade hospitalar bem como entregar relatório das respectivas inserções até o 20º dia do mês subsequente à prestação do serviço.,,Não Apresentado,SEM DADOS,DOC050,6,018/2022,
2023-05,HQL_media_de_permanencia_hospitalar,2.12 Média de permanência hospitalar (5% da parte variável - qualidade),Assinalar o número médio de pacientes que passaram por determinado leito no mês.,,"5,95",INFORMADO,DOC050,7,018/2022,
2023-05,HQL_satisfacao_do_usuario,2.2 Satisfação do usuário (5% da parte variável – qualidade),Atingir valor ≥ 90% de satisfação.,,Não Apresentado,SEM DADOS,DOC050,6,018/2022,
2023-05,HQL_servico_de_apoio_diagnostico_e_terapeutico,4.2 Serviço de Apoio Diagnóstico e Terapêutico,Enviar relatório mensal à SES até o 20º dia do mês subsequente aos atendimentos.,,Enviado no Prazo,INFORMADO,DOC050,8,018/2022,
2023-05,HQL_servico_de_atencao_domiciliar_equipes_emad_e_emap,4.1 Serviço de atenção domiciliar – equipes EMAD e EMAP,"Implantar equipe com capacidade de atendimento de até 66 pacientes pela equipe EMAD e 66 pacientes pela equipe EMAP, que será demandada pela equipe EMAD. Envio do relatório de pacientes atendidos e solicitações de atendimento para as equipes SAD.",,Enviado,INFORMADO,DOC050,8,018/2022,
2023-05,HQL_taxa_de_execucao_do_plano_de_educacao_permanente,2.14 Taxa de execução do plano de educação permanente (5% da parte variável - qualidade),Atingir valor ≥ 90% das atividades previstas para o plano de educação permanente.,,Não Apresentado,SEM DADOS,DOC050,7,018/2022,
2023-05,HQL_taxa_de_infeccao_hospitalar,2.10 Taxa de infecção hospitalar (10% da parte variável - qualidade),"Apresentar total ≤ 7,5% de casos de infecções ocorridos no período.",,Não Apresentado,SEM DADOS,DOC050,7,018/2022,
2023-05,HQL_taxa_de_profissionais_medicos_cadastrados_no_cnes,2.4 Taxa de profissionais médicos cadastrados no CNES (5% da parte variável – qualidade),Apresentar 100% do total de profissionais médicos da unidade cadastrados no CNES.,,Não Apresentado,SEM DADOS,DOC050,6,018/2022,
2023-05,HQL_taxa_de_resolucao_das_queixas_recebidas,2.3 Taxa de resolução das queixas recebidas (5% da parte variável – qualidade),Atingir valor ≥ 80% de resolução das queixas prestadas.,,Não Apresentado,SEM DADOS,DOC050,6,018/2022,
2023-05,HQL_taxa_de_revisao_de_obitos,2.9 Taxa de revisão de óbitos (10% da parte variável - qualidade),Atingir valor ≥ 90% de revisão dos prontuários de óbitos.,84.78,"84,78%",INFORMADO,DOC050,7,018/2022,
2023-05,HQL_taxa_de_revisao_de_prontuarios_de_pacientes_com_classificacao_de_risco_vermelho_e_amarelo,2.8 Taxa de revisão de prontuários de pacientes com classificação de risco vermelho e amarelo (10% da parte variável - qualidade),Atingir valor ≥ 90% de revisão dos prontuários classificados como vermelho e amarelo.,90.1,"90,10%",INFORMADO,DOC050,7,018/2022,
2023-06,HQL_acolhimento_com_classificacao_de_risco,2.1 Acolhimento com classificação de risco (5% da parte variável – qualidade),Enviar relatório de resultados do ACCR até o dia 20 do mês subsequente à prestação do serviço.,,Enviado no Prazo,INFORMADO,DOC050,6,018/2022,
2023-06,HQL_ambulatorio_de_egresso_para_1o_consulta,2.13 Ambulatório de egresso para 1º consulta (5% da parte variável - qualidade),Apresentar 100% de agendamento da 1º consulta de egresso no momento da alta hospitalar para o paciente que necessite de retorno à unidade.,,Enviado,INFORMADO,DOC050,7,018/2022,
2023-06,HQL_atendimento_as_normas_das_portarias_de_habilitacoes_da_unidade_em_alta_complexidade,2.5 Atendimento às normas das portarias de habilitações da unidade em alta complexidade (10% da parte variável – qualidade),"Apresentar 100% no sistema SIA/SUS e SIH/SUS dos procedimentos realizados de alta complexidade na unidade, conforme habilitações no CNES.",,Análise Impossibilitada,SEM DADOS,DOC050,6,018/2022,
2023-06,HQL_entrega_do_relatorio_de_prestacao_de_contas_mensal,2.6 Entrega do relatório de prestação de contas mensal (10% da parte variável – qualidade),Enviar relatório de prestação de contas mensal até o dia 20 do mês subsequente à prestação do serviço.,,Enviado no Prazo,INFORMADO,DOC050,6,018/2022,
2023-06,HQL_escala_medica_de_plantao,2.11 Escala médica de plantão (5% da parte variável - qualidade),Executar a escala médica (urgência/emergência) mensal completa.,,Análise Impossibilitada,SEM DADOS,DOC050,7,018/2022,
2023-06,HQL_informacao_e_transparencia,2.7 Informação e transparência (10% da parte variável – qualidade),Publicar as informações no portal da transparência da entidade de forma individualizada para a unidade hospitalar bem como entregar relatório das respectivas inserções até o 20º dia do mês subsequente à prestação do serviço.,,Enviado no Prazo,INFORMADO,DOC050,6,018/2022,
2023-06,HQL_media_de_permanencia_hospitalar,2.12 Média de permanência hospitalar (5% da parte variável - qualidade),Assinalar o número médio de pacientes que passaram por determinado leito no mês.,,"11,89",INFORMADO,DOC050,7,018/2022,
2023-06,HQL_satisfacao_do_usuario,2.2 Satisfação do usuário (5% da parte variável – qualidade),Atingir valor ≥ 90% de satisfação.,,Não Apresentado,SEM DADOS,DOC050,6,018/2022,
2023-06,HQL_servico_de_apoio_diagnostico_e_terapeutico,4.2 Serviço de Apoio Diagnóstico e Terapêutico,Enviar relatório mensal à SES até o 20º dia do mês subsequente aos atendimentos.,,Enviado no Prazo,INFORMADO,DOC050,8,018/2022,
2023-06,HQL_servico_de_atencao_domiciliar_equipes_emad_e_emap,4.1 Serviço de atenção domiciliar – equipes EMAD e EMAP,"Implantar equipe com capacidade de atendimento de até 66 pacientes pela equipe EMAD e 66 pacientes pela equipe EMAP, que será demandada pela equipe EMAD. Envio do relatório de pacientes atendidos e solicitações de atendimento para as equipes SAD.",,Enviado,INFORMADO,DOC050,8,018/2022,
2023-06,HQL_taxa_de_execucao_do_plano_de_educacao_permanente,2.14 Taxa de execução do plano de educação permanente (5% da parte variável - qualidade),Atingir valor ≥ 90% das atividades previstas para o plano de educação permanente.,90.91,"90,91%",INFORMADO,DOC050,7,018/2022,
2023-06,HQL_taxa_de_infeccao_hospitalar,2.10 Taxa de infecção hospitalar (10% da parte variável - qualidade),"Apresentar total ≤ 7,5% de casos de infecções ocorridos no período.",,Não Apresentado,SEM DADOS,DOC050,7,018/2022,
2023-06,HQL_taxa_de_profissionais_medicos_cadastrados_no_cnes,2.4 Taxa de profissionais médicos cadastrados no CNES (5% da parte variável – qualidade),Apresentar 100% do total de profissionais médicos da unidade cadastrados no CNES.,,Não Apresentado,SEM DADOS,DOC050,6,018/2022,
2023-06,HQL_taxa_de_resolucao_das_queixas_recebidas,2.3 Taxa de resolução das queixas recebidas (5% da parte variável – qualidade),Atingir valor ≥ 80% de resolução das queixas prestadas.,,Não Apresentado,SEM DADOS,DOC050,6,018/2022,
2023-06,HQL_taxa_de_revisao_de_obitos,2.9 Taxa de revisão de óbitos (10% da parte variável - qualidade),Atingir valor ≥ 90% de revisão dos prontuários de óbitos.,75.0,"75,00%",INFORMADO,DOC050,7,018/2022,
2023-06,HQL_taxa_de_revisao_de_prontuarios_de_pacientes_com_classificacao_de_risco_vermelho_e_amarelo,2.8 Taxa de revisão de prontuários de pacientes com classificação de risco vermelho e amarelo (10% da parte variável - qualidade),Atingir valor ≥ 90% de revisão dos prontuários classificados como vermelho e amarelo.,90.0,"90,00%",INFORMADO,DOC050,7,018/2022,
2023-07,HQL_acolhimento_com_classificacao_de_risco,2.1 Acolhimento com classificação de risco (5% da parte variável – qualidade),Enviar relatório de resultados do ACCR até o dia 20 do mês subsequente à prestação do serviço.,,Enviado no Prazo,INFORMADO,DOC050,6,018/2022,
2023-07,HQL_ambulatorio_de_egresso_para_1o_consulta,2.13 Ambulatório de egresso para 1º consulta (5% da parte variável - qualidade),Apresentar 100% de agendamento da 1º consulta de egresso no momento da alta hospitalar para o paciente que necessite de retorno à unidade.,,Não Apresentado,SEM DADOS,DOC050,7,018/2022,
2023-07,HQL_atendimento_as_normas_das_portarias_de_habilitacoes_da_unidade_em_alta_complexidade,2.5 Atendimento às normas das portarias de habilitações da unidade em alta complexidade (10% da parte variável – qualidade),"Apresentar 100% no sistema SIA/SUS e SIH/SUS dos procedimentos realizados de alta complexidade na unidade, conforme habilitações no CNES.",,Análise Impossibilitada,SEM DADOS,DOC050,6,018/2022,
2023-07,HQL_entrega_do_relatorio_de_prestacao_de_contas_mensal,2.6 Entrega do relatório de prestação de contas mensal (10% da parte variável – qualidade),Enviar relatório de prestação de contas mensal até o dia 20 do mês subsequente à prestação do serviço.,,Enviado no Prazo,INFORMADO,DOC050,6,018/2022,
2023-07,HQL_escala_medica_de_plantao,2.11 Escala médica de plantão (5% da parte variável - qualidade),Executar a escala médica (urgência/emergência) mensal completa.,,Análise Impossibilitada,SEM DADOS,DOC050,7,018/2022,
2023-07,HQL_informacao_e_transparencia,2.7 Informação e transparência (10% da parte variável – qualidade),Publicar as informações no portal da transparência da entidade de forma individualizada para a unidade hospitalar bem como entregar relatório das respectivas inserções até o 20º dia do mês subsequente à prestação do serviço.,,Enviado no Prazo,INFORMADO,DOC050,6,018/2022,
2023-07,HQL_media_de_permanencia_hospitalar,2.12 Média de permanência hospitalar (5% da parte variável - qualidade),Assinalar o número médio de pacientes que passaram por determinado leito no mês.,,"7,12",INFORMADO,DOC050,7,018/2022,
2023-07,HQL_satisfacao_do_usuario,2.2 Satisfação do usuário (5% da parte variável – qualidade),Atingir valor ≥ 90% de satisfação.,80.19,"80,19%",INFORMADO,DOC050,6,018/2022,
2023-07,HQL_servico_de_apoio_diagnostico_e_terapeutico,4.2 Serviço de Apoio Diagnóstico e Terapêutico,Enviar relatório mensal à SES até o 20º dia do mês subsequente aos atendimentos.,,Enviado no Prazo,INFORMADO,DOC050,8,018/2022,
2023-07,HQL_servico_de_atencao_domiciliar_equipes_emad_e_emap,4.1 Serviço de atenção domiciliar – equipes EMAD e EMAP,"Implantar equipe com capacidade de atendimento de até 66 pacientes pela equipe EMAD e 66 pacientes pela equipe EMAP, que será demandada pela equipe EMAD. Envio do relatório de pacientes atendidos e solicitações de atendimento para as equipes SAD.",,Enviado,INFORMADO,DOC050,8,018/2022,
2023-07,HQL_taxa_de_execucao_do_plano_de_educacao_permanente,2.14 Taxa de execução do plano de educação permanente (5% da parte variável - qualidade),Atingir valor ≥ 90% das atividades previstas para o plano de educação permanente.,140.0,"140,00%",INCONSISTÊNCIA NA FONTE,DOC050,7,018/2022,Percentual acima de 100 preservado como publicado; não normalizado nem utilizado na pontuação.
2023-07,HQL_taxa_de_infeccao_hospitalar,2.10 Taxa de infecção hospitalar (10% da parte variável - qualidade),"Apresentar total ≤ 7,5% de casos de infecções ocorridos no período.",,Não Apresentado,SEM DADOS,DOC050,7,018/2022,
2023-07,HQL_taxa_de_profissionais_medicos_cadastrados_no_cnes,2.4 Taxa de profissionais médicos cadastrados no CNES (5% da parte variável – qualidade),Apresentar 100% do total de profissionais médicos da unidade cadastrados no CNES.,,Não Apresentado,SEM DADOS,DOC050,6,018/2022,
2023-07,HQL_taxa_de_resolucao_das_queixas_recebidas,2.3 Taxa de resolução das queixas recebidas (5% da parte variável – qualidade),Atingir valor ≥ 80% de resolução das queixas prestadas.,,Não Apresentado,SEM DADOS,DOC050,6,018/2022,
2023-07,HQL_taxa_de_revisao_de_obitos,2.9 Taxa de revisão de óbitos (10% da parte variável - qualidade),Atingir valor ≥ 90% de revisão dos prontuários de óbitos.,,Não Apresentado,SEM DADOS,DOC050,7,018/2022,
2023-07,HQL_taxa_de_revisao_de_prontuarios_de_pacientes_com_classificacao_de_risco_vermelho_e_amarelo,2.8 Taxa de revisão de prontuários de pacientes com classificação de risco vermelho e amarelo (10% da parte variável - qualidade),Atingir valor ≥ 90% de revisão dos prontuários classificados como vermelho e amarelo.,,Não Apresentado,SEM DADOS,DOC050,7,018/2022,
2023-08,HQL_acolhimento_com_classificacao_de_risco,2.1 Acolhimento com classificação de risco (5% da parte variável – qualidade),Enviar relatório de resultados do ACCR até o dia 20 do mês subsequente à prestação do serviço.,,Enviado no Prazo,INFORMADO,DOC050,6,018/2022,
2023-08,HQL_ambulatorio_de_egresso_para_1o_consulta,2.13 Ambulatório de egresso para 1º consulta (5% da parte variável - qualidade),Apresentar 100% de agendamento da 1º consulta de egresso no momento da alta hospitalar para o paciente que necessite de retorno à unidade.,,Não Apresentado,SEM DADOS,DOC050,7,018/2022,
2023-08,HQL_atendimento_as_normas_das_portarias_de_habilitacoes_da_unidade_em_alta_complexidade,2.5 Atendimento às normas das portarias de habilitações da unidade em alta complexidade (10% da parte variável – qualidade),"Apresentar 100% no sistema SIA/SUS e SIH/SUS dos procedimentos realizados de alta complexidade na unidade, conforme habilitações no CNES.",,Análise Impossibilitada,SEM DADOS,DOC050,6,018/2022,
2023-08,HQL_entrega_do_relatorio_de_prestacao_de_contas_mensal,2.6 Entrega do relatório de prestação de contas mensal (10% da parte variável – qualidade),Enviar relatório de prestação de contas mensal até o dia 20 do mês subsequente à prestação do serviço.,,Enviado no Prazo,INFORMADO,DOC050,6,018/2022,
2023-08,HQL_escala_medica_de_plantao,2.11 Escala médica de plantão (5% da parte variável - qualidade),Executar a escala médica (urgência/emergência) mensal completa.,,Análise Impossibilitada,SEM DADOS,DOC050,7,018/2022,
2023-08,HQL_informacao_e_transparencia,2.7 Informação e transparência (10% da parte variável – qualidade),Publicar as informações no portal da transparência da entidade de forma individualizada para a unidade hospitalar bem como entregar relatório das respectivas inserções até o 20º dia do mês subsequente à prestação do serviço.,,Enviado no Prazo,INFORMADO,DOC050,6,018/2022,
2023-08,HQL_media_de_permanencia_hospitalar,2.12 Média de permanência hospitalar (5% da parte variável - qualidade),Assinalar o número médio de pacientes que passaram por determinado leito no mês.,,"7,03",INFORMADO,DOC050,7,018/2022,
2023-08,HQL_satisfacao_do_usuario,2.2 Satisfação do usuário (5% da parte variável – qualidade),Atingir valor ≥ 90% de satisfação.,95.4,"95,40%",INFORMADO,DOC050,6,018/2022,
2023-08,HQL_servico_de_apoio_diagnostico_e_terapeutico,4.2 Serviço de Apoio Diagnóstico e Terapêutico,Enviar relatório mensal à SES até o 20º dia do mês subsequente aos atendimentos.,,Enviado no Prazo,INFORMADO,DOC050,8,018/2022,
2023-08,HQL_servico_de_atencao_domiciliar_equipes_emad_e_emap,4.1 Serviço de atenção domiciliar – equipes EMAD e EMAP,"Implantar equipe com capacidade de atendimento de até 66 pacientes pela equipe EMAD e 66 pacientes pela equipe EMAP, que será demandada pela equipe EMAD. Envio do relatório de pacientes atendidos e solicitações de atendimento para as equipes SAD.",,Enviado,INFORMADO,DOC050,8,018/2022,
2023-08,HQL_taxa_de_execucao_do_plano_de_educacao_permanente,2.14 Taxa de execução do plano de educação permanente (5% da parte variável - qualidade),Atingir valor ≥ 90% das atividades previstas para o plano de educação permanente.,100.0,"100,00%",INFORMADO,DOC050,7,018/2022,
2023-08,HQL_taxa_de_infeccao_hospitalar,2.10 Taxa de infecção hospitalar (10% da parte variável - qualidade),"Apresentar total ≤ 7,5% de casos de infecções ocorridos no período.",,Não Apresentado,SEM DADOS,DOC050,7,018/2022,
2023-08,HQL_taxa_de_profissionais_medicos_cadastrados_no_cnes,2.4 Taxa de profissionais médicos cadastrados no CNES (5% da parte variável – qualidade),Apresentar 100% do total de profissionais médicos da unidade cadastrados no CNES.,,Não Apresentado,SEM DADOS,DOC050,6,018/2022,
2023-08,HQL_taxa_de_resolucao_das_queixas_recebidas,2.3 Taxa de resolução das queixas recebidas (5% da parte variável – qualidade),Atingir valor ≥ 80% de resolução das queixas prestadas.,,Não Apresentado,SEM DADOS,DOC050,6,018/2022,
2023-08,HQL_taxa_de_revisao_de_obitos,2.9 Taxa de revisão de óbitos (10% da parte variável - qualidade),Atingir valor ≥ 90% de revisão dos prontuários de óbitos.,,Não Apresentado,SEM DADOS,DOC050,7,018/2022,
2023-08,HQL_taxa_de_revisao_de_prontuarios_de_pacientes_com_classificacao_de_risco_vermelho_e_amarelo,2.8 Taxa de revisão de prontuários de pacientes com classificação de risco vermelho e amarelo (10% da parte variável - qualidade),Atingir valor ≥ 90% de revisão dos prontuários classificados como vermelho e amarelo.,,Não Apresentado,SEM DADOS,DOC050,7,018/2022,
2023-09,HQL_acolhimento_com_classificacao_de_risco,2.1 Acolhimento com classificação de risco (5% da parte variável – qualidade),Enviar relatório de resultados do ACCR até o dia 20 do mês subsequente à prestação do serviço.,,Enviado no Prazo,INFORMADO,DOC050,6,018/2022,
2023-09,HQL_ambulatorio_de_egresso_para_1o_consulta,2.13 Ambulatório de egresso para 1º consulta (5% da parte variável - qualidade),Apresentar 100% de agendamento da 1º consulta de egresso no momento da alta hospitalar para o paciente que necessite de retorno à unidade.,,Não Apresentado,SEM DADOS,DOC050,7,018/2022,
2023-09,HQL_atendimento_as_normas_das_portarias_de_habilitacoes_da_unidade_em_alta_complexidade,2.5 Atendimento às normas das portarias de habilitações da unidade em alta complexidade (10% da parte variável – qualidade),"Apresentar 100% no sistema SIA/SUS e SIH/SUS dos procedimentos realizados de alta complexidade na unidade, conforme habilitações no CNES.",,Análise Impossibilitada,SEM DADOS,DOC050,6,018/2022,
2023-09,HQL_entrega_do_relatorio_de_prestacao_de_contas_mensal,2.6 Entrega do relatório de prestação de contas mensal (10% da parte variável – qualidade),Enviar relatório de prestação de contas mensal até o dia 20 do mês subsequente à prestação do serviço.,,Enviado no Prazo,INFORMADO,DOC050,6,018/2022,
2023-09,HQL_escala_medica_de_plantao,2.11 Escala médica de plantão (5% da parte variável - qualidade),Executar a escala médica (urgência/emergência) mensal completa.,,Análise Impossibilitada,SEM DADOS,DOC050,7,018/2022,
2023-09,HQL_informacao_e_transparencia,2.7 Informação e transparência (10% da parte variável – qualidade),Publicar as informações no portal da transparência da entidade de forma individualizada para a unidade hospitalar bem como entregar relatório das respectivas inserções até o 20º dia do mês subsequente à prestação do serviço.,,Enviado no Prazo,INFORMADO,DOC050,6,018/2022,
2023-09,HQL_media_de_permanencia_hospitalar,2.12 Média de permanência hospitalar (5% da parte variável - qualidade),Assinalar o número médio de pacientes que passaram por determinado leito no mês.,,"11,87",INFORMADO,DOC050,7,018/2022,
2023-09,HQL_satisfacao_do_usuario,2.2 Satisfação do usuário (5% da parte variável – qualidade),Atingir valor ≥ 90% de satisfação.,95.92,"95,92%",INFORMADO,DOC050,6,018/2022,
2023-09,HQL_servico_de_apoio_diagnostico_e_terapeutico,4.2 Serviço de Apoio Diagnóstico e Terapêutico,Enviar relatório mensal à SES até o 20º dia do mês subsequente aos atendimentos.,,Enviado no Prazo,INFORMADO,DOC050,8,018/2022,
2023-09,HQL_servico_de_atencao_domiciliar_equipes_emad_e_emap,4.1 Serviço de atenção domiciliar – equipes EMAD e EMAP,"Implantar equipe com capacidade de atendimento de até 66 pacientes pela equipe EMAD e 66 pacientes pela equipe EMAP, que será demandada pela equipe EMAD. Envio do relatório de pacientes atendidos e solicitações de atendimento para as equipes SAD.",,Enviado,INFORMADO,DOC050,8,018/2022,
2023-09,HQL_taxa_de_execucao_do_plano_de_educacao_permanente,2.14 Taxa de execução do plano de educação permanente (5% da parte variável - qualidade),Atingir valor ≥ 90% das atividades previstas para o plano de educação permanente.,110.0,"110,00%",INCONSISTÊNCIA NA FONTE,DOC050,7,018/2022,Percentual acima de 100 preservado como publicado; não normalizado nem utilizado na pontuação.
2023-09,HQL_taxa_de_infeccao_hospitalar,2.10 Taxa de infecção hospitalar (10% da parte variável - qualidade),"Apresentar total ≤ 7,5% de casos de infecções ocorridos no período.",,Não Apresentado,SEM DADOS,DOC050,7,018/2022,
2023-09,HQL_taxa_de_profissionais_medicos_cadastrados_no_cnes,2.4 Taxa de profissionais médicos cadastrados no CNES (5% da parte variável – qualidade),Apresentar 100% do total de profissionais médicos da unidade cadastrados no CNES.,,Não Apresentado,SEM DADOS,DOC050,6,018/2022,
2023-09,HQL_taxa_de_resolucao_das_queixas_recebidas,2.3 Taxa de resolução das queixas recebidas (5% da parte variável – qualidade),Atingir valor ≥ 80% de resolução das queixas prestadas.,,Não Apresentado,SEM DADOS,DOC050,6,018/2022,
2023-09,HQL_taxa_de_revisao_de_obitos,2.9 Taxa de revisão de óbitos (10% da parte variável - qualidade),Atingir valor ≥ 90% de revisão dos prontuários de óbitos.,,Não Apresentado,SEM DADOS,DOC050,7,018/2022,
2023-09,HQL_taxa_de_revisao_de_prontuarios_de_pacientes_com_classificacao_de_risco_vermelho_e_amarelo,2.8 Taxa de revisão de prontuários de pacientes com classificação de risco vermelho e amarelo (10% da parte variável - qualidade),Atingir valor ≥ 90% de revisão dos prontuários classificados como vermelho e amarelo.,,Não Apresentado,SEM DADOS,DOC050,7,018/2022,
2023-10,HQL_acolhimento_com_classificacao_de_risco,2.1 Acolhimento com classificação de risco (5% da parte variável – qualidade),Enviar relatório de resultados do ACCR até o dia 20 do mês subsequente à prestação do serviço.,,Enviado no Prazo,INFORMADO,DOC050,6,018/2022,
2023-10,HQL_ambulatorio_de_egresso_para_1o_consulta,2.13 Ambulatório de egresso para 1º consulta (5% da parte variável - qualidade),Apresentar 100% de agendamento da 1º consulta de egresso no momento da alta hospitalar para o paciente que necessite de retorno à unidade.,,Não Apresentado,SEM DADOS,DOC050,7,018/2022,
2023-10,HQL_atendimento_as_normas_das_portarias_de_habilitacoes_da_unidade_em_alta_complexidade,2.5 Atendimento às normas das portarias de habilitações da unidade em alta complexidade (10% da parte variável – qualidade),"Apresentar 100% no sistema SIA/SUS e SIH/SUS dos procedimentos realizados de alta complexidade na unidade, conforme habilitações no CNES.",,Análise Impossibilitada,SEM DADOS,DOC050,6,018/2022,
2023-10,HQL_entrega_do_relatorio_de_prestacao_de_contas_mensal,2.6 Entrega do relatório de prestação de contas mensal (10% da parte variável – qualidade),Enviar relatório de prestação de contas mensal até o dia 20 do mês subsequente à prestação do serviço.,,Enviado no Prazo,INFORMADO,DOC050,6,018/2022,
2023-10,HQL_escala_medica_de_plantao,2.11 Escala médica de plantão (5% da parte variável - qualidade),Executar a escala médica (urgência/emergência) mensal completa.,,Análise Impossibilitada,SEM DADOS,DOC050,7,018/2022,
2023-10,HQL_informacao_e_transparencia,2.7 Informação e transparência (10% da parte variável – qualidade),Publicar as informações no portal da transparência da entidade de forma individualizada para a unidade hospitalar bem como entregar relatório das respectivas inserções até o 20º dia do mês subsequente à prestação do serviço.,,Enviado no Prazo,INFORMADO,DOC050,6,018/2022,
2023-10,HQL_media_de_permanencia_hospitalar,2.12 Média de permanência hospitalar (5% da parte variável - qualidade),Assinalar o número médio de pacientes que passaram por determinado leito no mês.,,"5,88",INFORMADO,DOC050,7,018/2022,
2023-10,HQL_satisfacao_do_usuario,2.2 Satisfação do usuário (5% da parte variável – qualidade),Atingir valor ≥ 90% de satisfação.,,Não Apresentado,SEM DADOS,DOC050,6,018/2022,
2023-10,HQL_servico_de_apoio_diagnostico_e_terapeutico,4.2 Serviço de Apoio Diagnóstico e Terapêutico,Enviar relatório mensal à SES até o 20º dia do mês subsequente aos atendimentos.,,Enviado no Prazo,INFORMADO,DOC050,8,018/2022,
2023-10,HQL_servico_de_atencao_domiciliar_equipes_emad_e_emap,4.1 Serviço de atenção domiciliar – equipes EMAD e EMAP,"Implantar equipe com capacidade de atendimento de até 66 pacientes pela equipe EMAD e 66 pacientes pela equipe EMAP, que será demandada pela equipe EMAD. Envio do relatório de pacientes atendidos e solicitações de atendimento para as equipes SAD.",,Enviado,INFORMADO,DOC050,8,018/2022,
2023-10,HQL_taxa_de_execucao_do_plano_de_educacao_permanente,2.14 Taxa de execução do plano de educação permanente (5% da parte variável - qualidade),Atingir valor ≥ 90% das atividades previstas para o plano de educação permanente.,200.0,"200,00%",INCONSISTÊNCIA NA FONTE,DOC050,7,018/2022,Percentual acima de 100 preservado como publicado; não normalizado nem utilizado na pontuação.
2023-10,HQL_taxa_de_infeccao_hospitalar,2.10 Taxa de infecção hospitalar (10% da parte variável - qualidade),"Apresentar total ≤ 7,5% de casos de infecções ocorridos no período.",,Não Apresentado,SEM DADOS,DOC050,7,018/2022,
2023-10,HQL_taxa_de_profissionais_medicos_cadastrados_no_cnes,2.4 Taxa de profissionais médicos cadastrados no CNES (5% da parte variável – qualidade),Apresentar 100% do total de profissionais médicos da unidade cadastrados no CNES.,,Menos de 100%,INFORMADO,DOC050,6,018/2022,
2023-10,HQL_taxa_de_resolucao_das_queixas_recebidas,2.3 Taxa de resolução das queixas recebidas (5% da parte variável – qualidade),Atingir valor ≥ 80% de resolução das queixas prestadas.,,Não Apresentado,SEM DADOS,DOC050,6,018/2022,
2023-10,HQL_taxa_de_revisao_de_obitos,2.9 Taxa de revisão de óbitos (10% da parte variável - qualidade),Atingir valor ≥ 90% de revisão dos prontuários de óbitos.,13.58,"13,58%",INFORMADO,DOC050,7,018/2022,
2023-10,HQL_taxa_de_revisao_de_prontuarios_de_pacientes_com_classificacao_de_risco_vermelho_e_amarelo,2.8 Taxa de revisão de prontuários de pacientes com classificação de risco vermelho e amarelo (10% da parte variável - qualidade),Atingir valor ≥ 90% de revisão dos prontuários classificados como vermelho e amarelo.,,Não Apresentado,SEM DADOS,DOC050,7,018/2022,
2023-11,HQL_acolhimento_com_classificacao_de_risco,2.1 Acolhimento com classificação de risco (5% da parte variável – qualidade),Enviar relatório de resultados do ACCR até o dia 20 do mês subsequente à prestação do serviço.,,Enviado no Prazo,INFORMADO,DOC050,6,018/2022,
2023-11,HQL_ambulatorio_de_egresso_para_1o_consulta,2.13 Ambulatório de egresso para 1º consulta (5% da parte variável - qualidade),Apresentar 100% de agendamento da 1º consulta de egresso no momento da alta hospitalar para o paciente que necessite de retorno à unidade.,,Não Apresentado,SEM DADOS,DOC050,7,018/2022,
2023-11,HQL_atendimento_as_normas_das_portarias_de_habilitacoes_da_unidade_em_alta_complexidade,2.5 Atendimento às normas das portarias de habilitações da unidade em alta complexidade (10% da parte variável – qualidade),"Apresentar 100% no sistema SIA/SUS e SIH/SUS dos procedimentos realizados de alta complexidade na unidade, conforme habilitações no CNES.",,Análise Impossibilitada,SEM DADOS,DOC050,6,018/2022,
2023-11,HQL_entrega_do_relatorio_de_prestacao_de_contas_mensal,2.6 Entrega do relatório de prestação de contas mensal (10% da parte variável – qualidade),Enviar relatório de prestação de contas mensal até o dia 20 do mês subsequente à prestação do serviço.,,Enviado no Prazo,INFORMADO,DOC050,6,018/2022,
2023-11,HQL_escala_medica_de_plantao,2.11 Escala médica de plantão (5% da parte variável - qualidade),Executar a escala médica (urgência/emergência) mensal completa.,,Análise Impossibilitada,SEM DADOS,DOC050,7,018/2022,
2023-11,HQL_informacao_e_transparencia,2.7 Informação e transparência (10% da parte variável – qualidade),Publicar as informações no portal da transparência da entidade de forma individualizada para a unidade hospitalar bem como entregar relatório das respectivas inserções até o 20º dia do mês subsequente à prestação do serviço.,,Enviado no Prazo,INFORMADO,DOC050,6,018/2022,
2023-11,HQL_media_de_permanencia_hospitalar,2.12 Média de permanência hospitalar (5% da parte variável - qualidade),Assinalar o número médio de pacientes que passaram por determinado leito no mês.,,"7,6",INFORMADO,DOC050,7,018/2022,
2023-11,HQL_satisfacao_do_usuario,2.2 Satisfação do usuário (5% da parte variável – qualidade),Atingir valor ≥ 90% de satisfação.,,Não Apresentado,SEM DADOS,DOC050,6,018/2022,
2023-11,HQL_servico_de_apoio_diagnostico_e_terapeutico,4.2 Serviço de Apoio Diagnóstico e Terapêutico,Enviar relatório mensal à SES até o 20º dia do mês subsequente aos atendimentos.,,Enviado no Prazo,INFORMADO,DOC050,8,018/2022,
2023-11,HQL_servico_de_atencao_domiciliar_equipes_emad_e_emap,4.1 Serviço de atenção domiciliar – equipes EMAD e EMAP,"Implantar equipe com capacidade de atendimento de até 66 pacientes pela equipe EMAD e 66 pacientes pela equipe EMAP, que será demandada pela equipe EMAD. Envio do relatório de pacientes atendidos e solicitações de atendimento para as equipes SAD.",,Enviado,INFORMADO,DOC050,8,018/2022,
2023-11,HQL_taxa_de_execucao_do_plano_de_educacao_permanente,2.14 Taxa de execução do plano de educação permanente (5% da parte variável - qualidade),Atingir valor ≥ 90% das atividades previstas para o plano de educação permanente.,230.0,"230,00%",INCONSISTÊNCIA NA FONTE,DOC050,7,018/2022,Percentual acima de 100 preservado como publicado; não normalizado nem utilizado na pontuação.
2023-11,HQL_taxa_de_infeccao_hospitalar,2.10 Taxa de infecção hospitalar (10% da parte variável - qualidade),"Apresentar total ≤ 7,5% de casos de infecções ocorridos no período.",0.44,"0,44%",INFORMADO,DOC050,7,018/2022,
2023-11,HQL_taxa_de_profissionais_medicos_cadastrados_no_cnes,2.4 Taxa de profissionais médicos cadastrados no CNES (5% da parte variável – qualidade),Apresentar 100% do total de profissionais médicos da unidade cadastrados no CNES.,,Menos de 100%,INFORMADO,DOC050,6,018/2022,
2023-11,HQL_taxa_de_resolucao_das_queixas_recebidas,2.3 Taxa de resolução das queixas recebidas (5% da parte variável – qualidade),Atingir valor ≥ 80% de resolução das queixas prestadas.,,Não Apresentado,SEM DADOS,DOC050,6,018/2022,
2023-11,HQL_taxa_de_revisao_de_obitos,2.9 Taxa de revisão de óbitos (10% da parte variável - qualidade),Atingir valor ≥ 90% de revisão dos prontuários de óbitos.,18.06,"18,06%",INFORMADO,DOC050,7,018/2022,
2023-11,HQL_taxa_de_revisao_de_prontuarios_de_pacientes_com_classificacao_de_risco_vermelho_e_amarelo,2.8 Taxa de revisão de prontuários de pacientes com classificação de risco vermelho e amarelo (10% da parte variável - qualidade),Atingir valor ≥ 90% de revisão dos prontuários classificados como vermelho e amarelo.,,Não Apresentado,SEM DADOS,DOC050,7,018/2022,
2023-12,HQL_acolhimento_com_classificacao_de_risco,2.1 Acolhimento com classificação de risco (5% da parte variável – qualidade),Enviar relatório de resultados do ACCR até o dia 20 do mês subsequente à prestação do serviço.,,Enviado no Prazo,INFORMADO,DOC050,6,018/2022,
2023-12,HQL_ambulatorio_de_egresso_para_1o_consulta,2.13 Ambulatório de egresso para 1º consulta (5% da parte variável - qualidade),Apresentar 100% de agendamento da 1º consulta de egresso no momento da alta hospitalar para o paciente que necessite de retorno à unidade.,,Não Apresentado,SEM DADOS,DOC050,7,018/2022,
2023-12,HQL_atendimento_as_normas_das_portarias_de_habilitacoes_da_unidade_em_alta_complexidade,2.5 Atendimento às normas das portarias de habilitações da unidade em alta complexidade (10% da parte variável – qualidade),"Apresentar 100% no sistema SIA/SUS e SIH/SUS dos procedimentos realizados de alta complexidade na unidade, conforme habilitações no CNES.",,Análise Impossibilitada,SEM DADOS,DOC050,6,018/2022,
2023-12,HQL_entrega_do_relatorio_de_prestacao_de_contas_mensal,2.6 Entrega do relatório de prestação de contas mensal (10% da parte variável – qualidade),Enviar relatório de prestação de contas mensal até o dia 20 do mês subsequente à prestação do serviço.,,Enviado no Prazo,INFORMADO,DOC050,6,018/2022,
2023-12,HQL_escala_medica_de_plantao,2.11 Escala médica de plantão (5% da parte variável - qualidade),Executar a escala médica (urgência/emergência) mensal completa.,,Análise Impossibilitada,SEM DADOS,DOC050,7,018/2022,
2023-12,HQL_informacao_e_transparencia,2.7 Informação e transparência (10% da parte variável – qualidade),Publicar as informações no portal da transparência da entidade de forma individualizada para a unidade hospitalar bem como entregar relatório das respectivas inserções até o 20º dia do mês subsequente à prestação do serviço.,,Enviado no Prazo,INFORMADO,DOC050,6,018/2022,
2023-12,HQL_media_de_permanencia_hospitalar,2.12 Média de permanência hospitalar (5% da parte variável - qualidade),Assinalar o número médio de pacientes que passaram por determinado leito no mês.,,"11,42",INFORMADO,DOC050,7,018/2022,
2023-12,HQL_satisfacao_do_usuario,2.2 Satisfação do usuário (5% da parte variável – qualidade),Atingir valor ≥ 90% de satisfação.,,Não Apresentado,SEM DADOS,DOC050,6,018/2022,
2023-12,HQL_servico_de_apoio_diagnostico_e_terapeutico,4.2 Serviço de Apoio Diagnóstico e Terapêutico,Enviar relatório mensal à SES até o 20º dia do mês subsequente aos atendimentos.,,Enviado no Prazo,INFORMADO,DOC050,8,018/2022,
2023-12,HQL_servico_de_atencao_domiciliar_equipes_emad_e_emap,4.1 Serviço de atenção domiciliar – equipes EMAD e EMAP,"Implantar equipe com capacidade de atendimento de até 66 pacientes pela equipe EMAD e 66 pacientes pela equipe EMAP, que será demandada pela equipe EMAD. Envio do relatório de pacientes atendidos e solicitações de atendimento para as equipes SAD.",,Enviado,INFORMADO,DOC050,8,018/2022,
2023-12,HQL_taxa_de_execucao_do_plano_de_educacao_permanente,2.14 Taxa de execução do plano de educação permanente (5% da parte variável - qualidade),Atingir valor ≥ 90% das atividades previstas para o plano de educação permanente.,180.0,"180,00%",INCONSISTÊNCIA NA FONTE,DOC050,7,018/2022,Percentual acima de 100 preservado como publicado; não normalizado nem utilizado na pontuação.
2023-12,HQL_taxa_de_infeccao_hospitalar,2.10 Taxa de infecção hospitalar (10% da parte variável - qualidade),"Apresentar total ≤ 7,5% de casos de infecções ocorridos no período.",0.5,"0,50%",INFORMADO,DOC050,7,018/2022,
2023-12,HQL_taxa_de_profissionais_medicos_cadastrados_no_cnes,2.4 Taxa de profissionais médicos cadastrados no CNES (5% da parte variável – qualidade),Apresentar 100% do total de profissionais médicos da unidade cadastrados no CNES.,,Menos de 100%,INFORMADO,DOC050,6,018/2022,
2023-12,HQL_taxa_de_resolucao_das_queixas_recebidas,2.3 Taxa de resolução das queixas recebidas (5% da parte variável – qualidade),Atingir valor ≥ 80% de resolução das queixas prestadas.,,Não Apresentado,SEM DADOS,DOC050,6,018/2022,
2023-12,HQL_taxa_de_revisao_de_obitos,2.9 Taxa de revisão de óbitos (10% da parte variável - qualidade),Atingir valor ≥ 90% de revisão dos prontuários de óbitos.,21.05,"21,05%",INFORMADO,DOC050,7,018/2022,
2023-12,HQL_taxa_de_revisao_de_prontuarios_de_pacientes_com_classificacao_de_risco_vermelho_e_amarelo,2.8 Taxa de revisão de prontuários de pacientes com classificação de risco vermelho e amarelo (10% da parte variável - qualidade),Atingir valor ≥ 90% de revisão dos prontuários classificados como vermelho e amarelo.,,Não Apresentado,SEM DADOS,DOC050,7,018/2022,
2024-01,HQL_acolhimento_com_classificacao_de_risco,3.1 Acolhimento com classificação de risco (5% da parte variável – qualidade),Enviar relatório de resultados do ACCR até o dia 20 do mês subsequente à prestação do serviço.,,Enviado no Prazo,INFORMADO,DOC055,10,018/2022,
2024-01,HQL_ambulatorio_de_egresso_para_1o_consulta,3.13 Ambulatório de egresso para 1º consulta (5% da parte variável - qualidade),Apresentar 100% de agendamento da 1º consulta de egresso no momento da alta hospitalar para o paciente que necessite de retorno à unidade.,,Análise Impossibilitada,SEM DADOS,DOC055,10,018/2022,
2024-01,HQL_atendimento_as_normas_das_portarias_de_habilitacoes_da_unidade_em_alta_complexidade,3.5 Atendimento às normas das portarias de habilitações da unidade em alta complexidade (10% da parte variável – qualidade),"Apresentar 100% no sistema SIA/SUS e SIH/SUS dos procedimentos realizados de alta complexidade na unidade, conforme habilitações no CNES.",,Análise Impossibilitada,SEM DADOS,DOC055,10,018/2022,
2024-01,HQL_entrega_do_relatorio_de_prestacao_de_contas_mensal,3.6 Entrega do relatório de prestação de contas mensal (10% da parte variável – qualidade),Enviar relatório de prestação de contas mensal até o dia 20 do mês subsequente à prestação do serviço.,,Enviado no Prazo,INFORMADO,DOC055,10,018/2022,
2024-01,HQL_escala_medica_de_plantao,3.11 Escala médica de plantão (5% da parte variável - qualidade),Executar a escala médica (urgência/emergência) mensal completa.,,Análise Impossibilitada,SEM DADOS,DOC055,10,018/2022,
2024-01,HQL_informacao_e_transparencia,3.7 Informação e transparência (10% da parte variável – qualidade),Publicar as informações no portal da transparência da entidade de forma individualizada para a unidade hospitalar bem como entregar relatório das respectivas inserções até o 20º dia do mês subsequente à prestação do serviço.,,Enviado no Prazo,INFORMADO,DOC055,10,018/2022,
2024-01,HQL_media_de_permanencia_hospitalar,3.12 Média de permanência hospitalar (5% da parte variável - qualidade),Assinalar o número médio de pacientes que passaram por determinado leito no mês.,,"8,26",INFORMADO,DOC055,10,018/2022,
2024-01,HQL_satisfacao_do_usuario,3.2 Satisfação do usuário (5% da parte variável – qualidade),Atingir valor ≥ 90% de satisfação.,,Não Apresentado,SEM DADOS,DOC055,10,018/2022,
2024-01,HQL_taxa_de_execucao_do_plano_de_educacao_permanente,3.14 Taxa de execução do plano de educação permanente (5% da parte variável - qualidade),Atingir valor ≥ 90% das atividades previstas para o plano de educação permanente.,110.53,"110,53%",INCONSISTÊNCIA NA FONTE,DOC055,10,018/2022,Percentual acima de 100 preservado como publicado; não normalizado nem utilizado na pontuação.
2024-01,HQL_taxa_de_infeccao_hospitalar,3.10 Taxa de infecção hospitalar (10% da parte variável - qualidade),"Apresentar total ≤ 7,5% de casos de infecções ocorridos no período.",0.33,"0,33%",INFORMADO,DOC055,10,018/2022,
2024-01,HQL_taxa_de_profissionais_medicos_cadastrados_no_cnes,3.4 Taxa de profissionais médicos cadastrados no CNES (5% da parte variável – qualidade),Apresentar 100% do total de profissionais médicos da unidade cadastrados no CNES.,,< 100%,INFORMADO,DOC055,10,018/2022,
2024-01,HQL_taxa_de_resolucao_das_queixas_recebidas,3.3 Taxa de resolução das queixas recebidas (5% da parte variável – qualidade),Atingir valor ≥ 80% de resolução das queixas prestadas.,,Não Apresentado,SEM DADOS,DOC055,10,018/2022,
2024-01,HQL_taxa_de_revisao_de_obitos,3.9 Taxa de revisão de óbitos (10% da parte variável - qualidade),Atingir valor ≥ 90% de revisão dos prontuários de óbitos.,15.15,"15,15%",INFORMADO,DOC055,10,018/2022,
2024-01,HQL_taxa_de_revisao_de_prontuarios_de_pacientes_com_classificacao_de_risco_vermelho_e_amarelo,3.8 Taxa de revisão de prontuários de pacientes com classificação de risco vermelho e amarelo (10% da parte variável - qualidade),Atingir valor ≥ 90% de revisão dos prontuários classificados como vermelho e amarelo.,,Não Apresentado,SEM DADOS,DOC055,10,018/2022,
2024-02,HQL_acolhimento_com_classificacao_de_risco,3.1 Acolhimento com classificação de risco (5% da parte variável – qualidade),Enviar relatório de resultados do ACCR até o dia 20 do mês subsequente à prestação do serviço.,,Enviado no Prazo,INFORMADO,DOC055,10,018/2022,
2024-02,HQL_ambulatorio_de_egresso_para_1o_consulta,3.13 Ambulatório de egresso para 1º consulta (5% da parte variável - qualidade),Apresentar 100% de agendamento da 1º consulta de egresso no momento da alta hospitalar para o paciente que necessite de retorno à unidade.,,Análise Impossibilitada,SEM DADOS,DOC055,10,018/2022,
2024-02,HQL_atendimento_as_normas_das_portarias_de_habilitacoes_da_unidade_em_alta_complexidade,3.5 Atendimento às normas das portarias de habilitações da unidade em alta complexidade (10% da parte variável – qualidade),"Apresentar 100% no sistema SIA/SUS e SIH/SUS dos procedimentos realizados de alta complexidade na unidade, conforme habilitações no CNES.",,Análise Impossibilitada,SEM DADOS,DOC055,10,018/2022,
2024-02,HQL_entrega_do_relatorio_de_prestacao_de_contas_mensal,3.6 Entrega do relatório de prestação de contas mensal (10% da parte variável – qualidade),Enviar relatório de prestação de contas mensal até o dia 20 do mês subsequente à prestação do serviço.,,Enviado no Prazo,INFORMADO,DOC055,10,018/2022,
2024-02,HQL_escala_medica_de_plantao,3.11 Escala médica de plantão (5% da parte variável - qualidade),Executar a escala médica (urgência/emergência) mensal completa.,,Análise Impossibilitada,SEM DADOS,DOC055,10,018/2022,
2024-02,HQL_informacao_e_transparencia,3.7 Informação e transparência (10% da parte variável – qualidade),Publicar as informações no portal da transparência da entidade de forma individualizada para a unidade hospitalar bem como entregar relatório das respectivas inserções até o 20º dia do mês subsequente à prestação do serviço.,,Enviado no Prazo,INFORMADO,DOC055,10,018/2022,
2024-02,HQL_media_de_permanencia_hospitalar,3.12 Média de permanência hospitalar (5% da parte variável - qualidade),Assinalar o número médio de pacientes que passaram por determinado leito no mês.,,"8,55",INFORMADO,DOC055,10,018/2022,
2024-02,HQL_satisfacao_do_usuario,3.2 Satisfação do usuário (5% da parte variável – qualidade),Atingir valor ≥ 90% de satisfação.,,Não Apresentado,SEM DADOS,DOC055,10,018/2022,
2024-02,HQL_taxa_de_execucao_do_plano_de_educacao_permanente,3.14 Taxa de execução do plano de educação permanente (5% da parte variável - qualidade),Atingir valor ≥ 90% das atividades previstas para o plano de educação permanente.,114.29,"114,29%",INCONSISTÊNCIA NA FONTE,DOC055,10,018/2022,Percentual acima de 100 preservado como publicado; não normalizado nem utilizado na pontuação.
2024-02,HQL_taxa_de_infeccao_hospitalar,3.10 Taxa de infecção hospitalar (10% da parte variável - qualidade),"Apresentar total ≤ 7,5% de casos de infecções ocorridos no período.",0.24,"0,24%",INFORMADO,DOC055,10,018/2022,
2024-02,HQL_taxa_de_profissionais_medicos_cadastrados_no_cnes,3.4 Taxa de profissionais médicos cadastrados no CNES (5% da parte variável – qualidade),Apresentar 100% do total de profissionais médicos da unidade cadastrados no CNES.,,Não Apresentado,SEM DADOS,DOC055,10,018/2022,
2024-02,HQL_taxa_de_resolucao_das_queixas_recebidas,3.3 Taxa de resolução das queixas recebidas (5% da parte variável – qualidade),Atingir valor ≥ 80% de resolução das queixas prestadas.,,Não Apresentado,SEM DADOS,DOC055,10,018/2022,
2024-02,HQL_taxa_de_revisao_de_obitos,3.9 Taxa de revisão de óbitos (10% da parte variável - qualidade),Atingir valor ≥ 90% de revisão dos prontuários de óbitos.,100.0,"100,00%",INFORMADO,DOC055,10,018/2022,
2024-02,HQL_taxa_de_revisao_de_prontuarios_de_pacientes_com_classificacao_de_risco_vermelho_e_amarelo,3.8 Taxa de revisão de prontuários de pacientes com classificação de risco vermelho e amarelo (10% da parte variável - qualidade),Atingir valor ≥ 90% de revisão dos prontuários classificados como vermelho e amarelo.,,Não Apresentado,SEM DADOS,DOC055,10,018/2022,
2024-03,HQL_acolhimento_com_classificacao_de_risco,3.1 Acolhimento com classificação de risco (5% da parte variável – qualidade),Enviar relatório de resultados do ACCR até o dia 20 do mês subsequente à prestação do serviço.,,Enviado no Prazo,INFORMADO,DOC055,10,018/2022,
2024-03,HQL_ambulatorio_de_egresso_para_1o_consulta,3.13 Ambulatório de egresso para 1º consulta (5% da parte variável - qualidade),Apresentar 100% de agendamento da 1º consulta de egresso no momento da alta hospitalar para o paciente que necessite de retorno à unidade.,,Análise Impossibilitada,SEM DADOS,DOC055,10,018/2022,
2024-03,HQL_atendimento_as_normas_das_portarias_de_habilitacoes_da_unidade_em_alta_complexidade,3.5 Atendimento às normas das portarias de habilitações da unidade em alta complexidade (10% da parte variável – qualidade),"Apresentar 100% no sistema SIA/SUS e SIH/SUS dos procedimentos realizados de alta complexidade na unidade, conforme habilitações no CNES.",,Análise Impossibilitada,SEM DADOS,DOC055,10,018/2022,
2024-03,HQL_entrega_do_relatorio_de_prestacao_de_contas_mensal,3.6 Entrega do relatório de prestação de contas mensal (10% da parte variável – qualidade),Enviar relatório de prestação de contas mensal até o dia 20 do mês subsequente à prestação do serviço.,,Enviado no Prazo,INFORMADO,DOC055,10,018/2022,
2024-03,HQL_escala_medica_de_plantao,3.11 Escala médica de plantão (5% da parte variável - qualidade),Executar a escala médica (urgência/emergência) mensal completa.,,Análise Impossibilitada,SEM DADOS,DOC055,10,018/2022,
2024-03,HQL_informacao_e_transparencia,3.7 Informação e transparência (10% da parte variável – qualidade),Publicar as informações no portal da transparência da entidade de forma individualizada para a unidade hospitalar bem como entregar relatório das respectivas inserções até o 20º dia do mês subsequente à prestação do serviço.,,Enviado no Prazo,INFORMADO,DOC055,10,018/2022,
2024-03,HQL_media_de_permanencia_hospitalar,3.12 Média de permanência hospitalar (5% da parte variável - qualidade),Assinalar o número médio de pacientes que passaram por determinado leito no mês.,,"13,3",INFORMADO,DOC055,10,018/2022,
2024-03,HQL_satisfacao_do_usuario,3.2 Satisfação do usuário (5% da parte variável – qualidade),Atingir valor ≥ 90% de satisfação.,,Não Apresentado,SEM DADOS,DOC055,10,018/2022,
2024-03,HQL_taxa_de_execucao_do_plano_de_educacao_permanente,3.14 Taxa de execução do plano de educação permanente (5% da parte variável - qualidade),Atingir valor ≥ 90% das atividades previstas para o plano de educação permanente.,136.36,"136,36%",INCONSISTÊNCIA NA FONTE,DOC055,10,018/2022,Percentual acima de 100 preservado como publicado; não normalizado nem utilizado na pontuação.
2024-03,HQL_taxa_de_infeccao_hospitalar,3.10 Taxa de infecção hospitalar (10% da parte variável - qualidade),"Apresentar total ≤ 7,5% de casos de infecções ocorridos no período.",0.32,"0,32%",INFORMADO,DOC055,10,018/2022,
2024-03,HQL_taxa_de_profissionais_medicos_cadastrados_no_cnes,3.4 Taxa de profissionais médicos cadastrados no CNES (5% da parte variável – qualidade),Apresentar 100% do total de profissionais médicos da unidade cadastrados no CNES.,,Não Apresentado,SEM DADOS,DOC055,10,018/2022,
2024-03,HQL_taxa_de_resolucao_das_queixas_recebidas,3.3 Taxa de resolução das queixas recebidas (5% da parte variável – qualidade),Atingir valor ≥ 80% de resolução das queixas prestadas.,,Não Apresentado,SEM DADOS,DOC055,10,018/2022,
2024-03,HQL_taxa_de_revisao_de_obitos,3.9 Taxa de revisão de óbitos (10% da parte variável - qualidade),Atingir valor ≥ 90% de revisão dos prontuários de óbitos.,100.0,"100,00%",INFORMADO,DOC055,10,018/2022,
2024-03,HQL_taxa_de_revisao_de_prontuarios_de_pacientes_com_classificacao_de_risco_vermelho_e_amarelo,3.8 Taxa de revisão de prontuários de pacientes com classificação de risco vermelho e amarelo (10% da parte variável - qualidade),Atingir valor ≥ 90% de revisão dos prontuários classificados como vermelho e amarelo.,,Não Apresentado,SEM DADOS,DOC055,10,018/2022,
2024-04,HQL_acolhimento_com_classificacao_de_risco,3.1 Acolhimento com classificação de risco (5% da parte variável – qualidade),Enviar relatório de resultados do ACCR até o dia 20 do mês subsequente à prestação do serviço.,,Enviado no Prazo,INFORMADO,DOC055,10,018/2022,
2024-04,HQL_ambulatorio_de_egresso_para_1o_consulta,3.13 Ambulatório de egresso para 1º consulta (5% da parte variável - qualidade),Apresentar 100% de agendamento da 1º consulta de egresso no momento da alta hospitalar para o paciente que necessite de retorno à unidade.,,Análise Impossibilitada,SEM DADOS,DOC055,10,018/2022,
2024-04,HQL_atendimento_as_normas_das_portarias_de_habilitacoes_da_unidade_em_alta_complexidade,3.5 Atendimento às normas das portarias de habilitações da unidade em alta complexidade (10% da parte variável – qualidade),"Apresentar 100% no sistema SIA/SUS e SIH/SUS dos procedimentos realizados de alta complexidade na unidade, conforme habilitações no CNES.",,Análise Impossibilitada,SEM DADOS,DOC055,10,018/2022,
2024-04,HQL_entrega_do_relatorio_de_prestacao_de_contas_mensal,3.6 Entrega do relatório de prestação de contas mensal (10% da parte variável – qualidade),Enviar relatório de prestação de contas mensal até o dia 20 do mês subsequente à prestação do serviço.,,Enviado no Prazo,INFORMADO,DOC055,10,018/2022,
2024-04,HQL_escala_medica_de_plantao,3.11 Escala médica de plantão (5% da parte variável - qualidade),Executar a escala médica (urgência/emergência) mensal completa.,,Análise Impossibilitada,SEM DADOS,DOC055,10,018/2022,
2024-04,HQL_informacao_e_transparencia,3.7 Informação e transparência (10% da parte variável – qualidade),Publicar as informações no portal da transparência da entidade de forma individualizada para a unidade hospitalar bem como entregar relatório das respectivas inserções até o 20º dia do mês subsequente à prestação do serviço.,,Enviado no Prazo,INFORMADO,DOC055,10,018/2022,
2024-04,HQL_media_de_permanencia_hospitalar,3.12 Média de permanência hospitalar (5% da parte variável - qualidade),Assinalar o número médio de pacientes que passaram por determinado leito no mês.,,"7,69",INFORMADO,DOC055,10,018/2022,
2024-04,HQL_satisfacao_do_usuario,3.2 Satisfação do usuário (5% da parte variável – qualidade),Atingir valor ≥ 90% de satisfação.,,Não Apresentado,SEM DADOS,DOC055,10,018/2022,
2024-04,HQL_taxa_de_execucao_do_plano_de_educacao_permanente,3.14 Taxa de execução do plano de educação permanente (5% da parte variável - qualidade),Atingir valor ≥ 90% das atividades previstas para o plano de educação permanente.,102.56,"102,56%",INCONSISTÊNCIA NA FONTE,DOC055,10,018/2022,Percentual acima de 100 preservado como publicado; não normalizado nem utilizado na pontuação.
2024-04,HQL_taxa_de_infeccao_hospitalar,3.10 Taxa de infecção hospitalar (10% da parte variável - qualidade),"Apresentar total ≤ 7,5% de casos de infecções ocorridos no período.",0.2,"0,20%",INFORMADO,DOC055,10,018/2022,
2024-04,HQL_taxa_de_profissionais_medicos_cadastrados_no_cnes,3.4 Taxa de profissionais médicos cadastrados no CNES (5% da parte variável – qualidade),Apresentar 100% do total de profissionais médicos da unidade cadastrados no CNES.,,< 100%,INFORMADO,DOC055,10,018/2022,
2024-04,HQL_taxa_de_resolucao_das_queixas_recebidas,3.3 Taxa de resolução das queixas recebidas (5% da parte variável – qualidade),Atingir valor ≥ 80% de resolução das queixas prestadas.,,Não Apresentado,SEM DADOS,DOC055,10,018/2022,
2024-04,HQL_taxa_de_revisao_de_obitos,3.9 Taxa de revisão de óbitos (10% da parte variável - qualidade),Atingir valor ≥ 90% de revisão dos prontuários de óbitos.,,Não Apresentado,SEM DADOS,DOC055,10,018/2022,
2024-04,HQL_taxa_de_revisao_de_prontuarios_de_pacientes_com_classificacao_de_risco_vermelho_e_amarelo,3.8 Taxa de revisão de prontuários de pacientes com classificação de risco vermelho e amarelo (10% da parte variável - qualidade),Atingir valor ≥ 90% de revisão dos prontuários classificados como vermelho e amarelo.,,Não Apresentado,SEM DADOS,DOC055,10,018/2022,
2024-05,HQL_acolhimento_com_classificacao_de_risco,3.1 Acolhimento com classificação de risco (5% da parte variável – qualidade),Enviar relatório de resultados do ACCR até o dia 20 do mês subsequente à prestação do serviço.,,Enviado no Prazo,INFORMADO,DOC055,10,018/2022,
2024-05,HQL_ambulatorio_de_egresso_para_1o_consulta,3.13 Ambulatório de egresso para 1º consulta (5% da parte variável - qualidade),Apresentar 100% de agendamento da 1º consulta de egresso no momento da alta hospitalar para o paciente que necessite de retorno à unidade.,,Análise Impossibilitada,SEM DADOS,DOC055,10,018/2022,
2024-05,HQL_atendimento_as_normas_das_portarias_de_habilitacoes_da_unidade_em_alta_complexidade,3.5 Atendimento às normas das portarias de habilitações da unidade em alta complexidade (10% da parte variável – qualidade),"Apresentar 100% no sistema SIA/SUS e SIH/SUS dos procedimentos realizados de alta complexidade na unidade, conforme habilitações no CNES.",,Análise Impossibilitada,SEM DADOS,DOC055,10,018/2022,
2024-05,HQL_entrega_do_relatorio_de_prestacao_de_contas_mensal,3.6 Entrega do relatório de prestação de contas mensal (10% da parte variável – qualidade),Enviar relatório de prestação de contas mensal até o dia 20 do mês subsequente à prestação do serviço.,,Enviado no Prazo,INFORMADO,DOC055,10,018/2022,
2024-05,HQL_escala_medica_de_plantao,3.11 Escala médica de plantão (5% da parte variável - qualidade),Executar a escala médica (urgência/emergência) mensal completa.,,Análise Impossibilitada,SEM DADOS,DOC055,10,018/2022,
2024-05,HQL_informacao_e_transparencia,3.7 Informação e transparência (10% da parte variável – qualidade),Publicar as informações no portal da transparência da entidade de forma individualizada para a unidade hospitalar bem como entregar relatório das respectivas inserções até o 20º dia do mês subsequente à prestação do serviço.,,Enviado no Prazo,INFORMADO,DOC055,10,018/2022,
2024-05,HQL_media_de_permanencia_hospitalar,3.12 Média de permanência hospitalar (5% da parte variável - qualidade),Assinalar o número médio de pacientes que passaram por determinado leito no mês.,,"7,24",INFORMADO,DOC055,10,018/2022,
2024-05,HQL_satisfacao_do_usuario,3.2 Satisfação do usuário (5% da parte variável – qualidade),Atingir valor ≥ 90% de satisfação.,,Não Apresentado,SEM DADOS,DOC055,10,018/2022,
2024-05,HQL_taxa_de_execucao_do_plano_de_educacao_permanente,3.14 Taxa de execução do plano de educação permanente (5% da parte variável - qualidade),Atingir valor ≥ 90% das atividades previstas para o plano de educação permanente.,164.0,"164,00%",INCONSISTÊNCIA NA FONTE,DOC055,10,018/2022,Percentual acima de 100 preservado como publicado; não normalizado nem utilizado na pontuação.
2024-05,HQL_taxa_de_infeccao_hospitalar,3.10 Taxa de infecção hospitalar (10% da parte variável - qualidade),"Apresentar total ≤ 7,5% de casos de infecções ocorridos no período.",0.88,"0,88%",INFORMADO,DOC055,10,018/2022,
2024-05,HQL_taxa_de_profissionais_medicos_cadastrados_no_cnes,3.4 Taxa de profissionais médicos cadastrados no CNES (5% da parte variável – qualidade),Apresentar 100% do total de profissionais médicos da unidade cadastrados no CNES.,,< 100%,INFORMADO,DOC055,10,018/2022,
2024-05,HQL_taxa_de_resolucao_das_queixas_recebidas,3.3 Taxa de resolução das queixas recebidas (5% da parte variável – qualidade),Atingir valor ≥ 80% de resolução das queixas prestadas.,,Não Apresentado,SEM DADOS,DOC055,10,018/2022,
2024-05,HQL_taxa_de_revisao_de_obitos,3.9 Taxa de revisão de óbitos (10% da parte variável - qualidade),Atingir valor ≥ 90% de revisão dos prontuários de óbitos.,,Não Apresentado,SEM DADOS,DOC055,10,018/2022,
2024-05,HQL_taxa_de_revisao_de_prontuarios_de_pacientes_com_classificacao_de_risco_vermelho_e_amarelo,3.8 Taxa de revisão de prontuários de pacientes com classificação de risco vermelho e amarelo (10% da parte variável - qualidade),Atingir valor ≥ 90% de revisão dos prontuários classificados como vermelho e amarelo.,,Não Apresentado,SEM DADOS,DOC055,10,018/2022,
2024-06,HQL_acolhimento_com_classificacao_de_risco,3.1 Acolhimento com classificação de risco (5% da parte variável – qualidade),Enviar relatório de resultados do ACCR até o dia 20 do mês subsequente à prestação do serviço.,,Enviado no Prazo,INFORMADO,DOC055,10,018/2022,
2024-06,HQL_ambulatorio_de_egresso_para_1o_consulta,3.13 Ambulatório de egresso para 1º consulta (5% da parte variável - qualidade),Apresentar 100% de agendamento da 1º consulta de egresso no momento da alta hospitalar para o paciente que necessite de retorno à unidade.,,Análise Impossibilitada,SEM DADOS,DOC055,10,018/2022,
2024-06,HQL_atendimento_as_normas_das_portarias_de_habilitacoes_da_unidade_em_alta_complexidade,3.5 Atendimento às normas das portarias de habilitações da unidade em alta complexidade (10% da parte variável – qualidade),"Apresentar 100% no sistema SIA/SUS e SIH/SUS dos procedimentos realizados de alta complexidade na unidade, conforme habilitações no CNES.",,Análise Impossibilitada,SEM DADOS,DOC055,10,018/2022,
2024-06,HQL_entrega_do_relatorio_de_prestacao_de_contas_mensal,3.6 Entrega do relatório de prestação de contas mensal (10% da parte variável – qualidade),Enviar relatório de prestação de contas mensal até o dia 20 do mês subsequente à prestação do serviço.,,Enviado no Prazo,INFORMADO,DOC055,10,018/2022,
2024-06,HQL_escala_medica_de_plantao,3.11 Escala médica de plantão (5% da parte variável - qualidade),Executar a escala médica (urgência/emergência) mensal completa.,,Análise Impossibilitada,SEM DADOS,DOC055,10,018/2022,
2024-06,HQL_informacao_e_transparencia,3.7 Informação e transparência (10% da parte variável – qualidade),Publicar as informações no portal da transparência da entidade de forma individualizada para a unidade hospitalar bem como entregar relatório das respectivas inserções até o 20º dia do mês subsequente à prestação do serviço.,,Enviado no Prazo,INFORMADO,DOC055,10,018/2022,
2024-06,HQL_media_de_permanencia_hospitalar,3.12 Média de permanência hospitalar (5% da parte variável - qualidade),Assinalar o número médio de pacientes que passaram por determinado leito no mês.,,"14,04",INFORMADO,DOC055,10,018/2022,
2024-06,HQL_satisfacao_do_usuario,3.2 Satisfação do usuário (5% da parte variável – qualidade),Atingir valor ≥ 90% de satisfação.,,Não Apresentado,SEM DADOS,DOC055,10,018/2022,
2024-06,HQL_taxa_de_execucao_do_plano_de_educacao_permanente,3.14 Taxa de execução do plano de educação permanente (5% da parte variável - qualidade),Atingir valor ≥ 90% das atividades previstas para o plano de educação permanente.,123.53,"123,53%",INCONSISTÊNCIA NA FONTE,DOC055,10,018/2022,Percentual acima de 100 preservado como publicado; não normalizado nem utilizado na pontuação.
2024-06,HQL_taxa_de_infeccao_hospitalar,3.10 Taxa de infecção hospitalar (10% da parte variável - qualidade),"Apresentar total ≤ 7,5% de casos de infecções ocorridos no período.",1.4,"1,40%",INFORMADO,DOC055,10,018/2022,
2024-06,HQL_taxa_de_profissionais_medicos_cadastrados_no_cnes,3.4 Taxa de profissionais médicos cadastrados no CNES (5% da parte variável – qualidade),Apresentar 100% do total de profissionais médicos da unidade cadastrados no CNES.,,< 100%,INFORMADO,DOC055,10,018/2022,
2024-06,HQL_taxa_de_resolucao_das_queixas_recebidas,3.3 Taxa de resolução das queixas recebidas (5% da parte variável – qualidade),Atingir valor ≥ 80% de resolução das queixas prestadas.,,Não Apresentado,SEM DADOS,DOC055,10,018/2022,
2024-06,HQL_taxa_de_revisao_de_obitos,3.9 Taxa de revisão de óbitos (10% da parte variável - qualidade),Atingir valor ≥ 90% de revisão dos prontuários de óbitos.,,Não Apresentado,SEM DADOS,DOC055,10,018/2022,
2024-06,HQL_taxa_de_revisao_de_prontuarios_de_pacientes_com_classificacao_de_risco_vermelho_e_amarelo,3.8 Taxa de revisão de prontuários de pacientes com classificação de risco vermelho e amarelo (10% da parte variável - qualidade),Atingir valor ≥ 90% de revisão dos prontuários classificados como vermelho e amarelo.,,Não Apresentado,SEM DADOS,DOC055,10,018/2022,
2024-07,M04,3.12 Taxa de ocupação operacional geral e por clínica (não valorado),"Atingir taxa de ocupação operacional igual ou maior que 85,0% dos leitos",,"a) Geral: 157,80% b) Médica: 99,25% c) Card.: 98,74% d) Vascular:99,68% e) C. Geral: 97,58% f) Traumato: 98,14%",INFORMADO,DOC055,12,018/2022,Valores por clínica preservados no texto; não reduzir automaticamente a um percentual.
2024-07,QL01,3.1 Acolhimento com classificação de risco (5% da parte variável – qualidade),Classificar 100% dos Pacientes atendidos na unidade,100.65,"100,65%",INCONSISTÊNCIA NA FONTE,DOC055,12,018/2022,Percentual acima de 100 preservado como publicado; não normalizado nem utilizado na pontuação.
2024-07,QL02,3.2 Índice de satisfação do usuário (10% da parte variável – qualidade),"Atingir valor ≥ a 90,0% de satisfação do usuário, sendo necessário converter, no mínimo, 10,0% do total de atendimentos em pesquisas",92.32,"92,32%",INFORMADO,DOC055,12,018/2022,
2024-07,QL03,3.3 Taxa de aprovação da resolução das queixas recebidas (10% da parte variável – qualidade),"Alcançar aprovação de 80,0% ou mais da resolução das queixas recebidas",41.1,"41,10%",INFORMADO,DOC055,12,018/2022,
2024-07,QL04,3.4 Percentual de glosas referentes a profissionais não cadastrados no CNES (5% da parte variável – qualidade),"0,0% do total de glosas decorrentes da falta de cadastro de profissionais médicos da unidade no CNES",,Análise Impossibilitada,SEM DADOS,DOC055,12,018/2022,
2024-07,QL05,3.5 Percentual de glosas no SIA/SUS (10% da parte variável – qualidade),"Aferir percentual de glosas no SIA/SUS de até 10,0%",,Análise Impossibilitada,SEM DADOS,DOC055,12,018/2022,
2024-07,QL06,3.6 Percentual de glosas no SIH/SUS (10% da parte variável – qualidade),"Aferir percentual de glosas no SIH/SUS de até 10,0%",,Análise Impossibilitada,SEM DADOS,DOC055,12,018/2022,
2024-07,QL07,3.7 Entrega do relatório de prestação de contas mensal (5% da parte variável – qualidade),Envio de relatório de prestação de contas mensal até o dia 25 do mês subsequente à prestação do serviço,,Enviado no Prazo,INFORMADO,DOC055,12,018/2022,
2024-07,QL08,3.8 Qualidade da publicação das informação de transparência (10% da parte variável – qualidade),Atingir o grau “Desejado” da qualidade da publicação das informações de transparência,,“Desejado”,INFORMADO,DOC055,12,018/2022,
2024-07,QL09,3.9 Taxa de revisão de óbitos institucionais (5% da parte variável - qualidade),"Atingir valor ≥ 90,0% revisão dos prontuários de óbitos institucionais",100.0,"100,00%",INFORMADO,DOC055,12,018/2022,
2024-07,QL10,3.10 Taxa de infecção hospitalar (10% da parte variável - qualidade),"Apresentar total ≤ 7,5% de casos de infecções ocorridos no período.",0.73,"0,73%",INFORMADO,DOC055,12,018/2022,
2024-07,QL11,3.11 Número de plantões dos serviços de urgência e emergência restritos/fechados por falta de recursos humanos sem justificativa acolhida (10% da parte variável – qualidade),"Aferir 0 (zero) plantões dos serviços de urgência e emergência restritos/fechados por falta de profissional, sem justificativa acatada",,Análise Impossibilitada,SEM DADOS,DOC055,12,018/2022,
2024-07,QL12,3.13 Taxa de execução do plano de educação permanente (10% da parte variável - qualidade),Atingir valor ≥ 90% das atividades previstas para o plano de educação permanente.,117.5,"117,50%",ALERTA,DOC055,12,018/2022,"Execução acima do planejado, preservada como informada; validar as atividades."
2024-08,M04,3.12 Taxa de ocupação operacional geral e por clínica (não valorado),"Atingir taxa de ocupação operacional igual ou maior que 85,0% dos leitos",,"a) Geral: 146,67% b) Médica: 99,57% c) Card.: 98,74% d) Vascular: 98,71% e) C. Geral: 79,03% f) Traumato: 99,38%",INFORMADO,DOC055,12,018/2022,Valores por clínica preservados no texto; não reduzir automaticamente a um percentual.
2024-08,QL01,3.1 Acolhimento com classificação de risco (5% da parte variável – qualidade),Classificar 100% dos Pacientes atendidos na unidade,100.57,"100,57%",INCONSISTÊNCIA NA FONTE,DOC055,12,018/2022,Percentual acima de 100 preservado como publicado; não normalizado nem utilizado na pontuação.
2024-08,QL02,3.2 Índice de satisfação do usuário (10% da parte variável – qualidade),"Atingir valor ≥ a 90,0% de satisfação do usuário, sendo necessário converter, no mínimo, 10,0% do total de atendimentos em pesquisas",92.92,"92,92%",INFORMADO,DOC055,12,018/2022,
2024-08,QL03,3.3 Taxa de aprovação da resolução das queixas recebidas (10% da parte variável – qualidade),"Alcançar aprovação de 80,0% ou mais da resolução das queixas recebidas",46.75,"46,75%",INFORMADO,DOC055,12,018/2022,
2024-08,QL04,3.4 Percentual de glosas referentes a profissionais não cadastrados no CNES (5% da parte variável – qualidade),"0,0% do total de glosas decorrentes da falta de cadastro de profissionais médicos da unidade no CNES",,Análise Impossibilitada,SEM DADOS,DOC055,12,018/2022,
2024-08,QL05,3.5 Percentual de glosas no SIA/SUS (10% da parte variável – qualidade),"Aferir percentual de glosas no SIA/SUS de até 10,0%",,Análise Impossibilitada,SEM DADOS,DOC055,12,018/2022,
2024-08,QL06,3.6 Percentual de glosas no SIH/SUS (10% da parte variável – qualidade),"Aferir percentual de glosas no SIH/SUS de até 10,0%",,Análise Impossibilitada,SEM DADOS,DOC055,12,018/2022,
2024-08,QL07,3.7 Entrega do relatório de prestação de contas mensal (5% da parte variável – qualidade),Envio de relatório de prestação de contas mensal até o dia 25 do mês subsequente à prestação do serviço,,Enviado no Prazo,INFORMADO,DOC055,12,018/2022,
2024-08,QL08,3.8 Qualidade da publicação das informação de transparência (10% da parte variável – qualidade),Atingir o grau “Desejado” da qualidade da publicação das informações de transparência,,“Desejado”,INFORMADO,DOC055,12,018/2022,
2024-08,QL09,3.9 Taxa de revisão de óbitos institucionais (5% da parte variável - qualidade),"Atingir valor ≥ 90,0% revisão dos prontuários de óbitos institucionais",100.0,"100,00%",INFORMADO,DOC055,12,018/2022,
2024-08,QL10,3.10 Taxa de infecção hospitalar (10% da parte variável - qualidade),"Apresentar total ≤ 7,5% de casos de infecções ocorridos no período.",0.87,"0,87%",INFORMADO,DOC055,12,018/2022,
2024-08,QL11,3.11 Número de plantões dos serviços de urgência e emergência restritos/fechados por falta de recursos humanos sem justificativa acolhida (10% da parte variável – qualidade),"Aferir 0 (zero) plantões dos serviços de urgência e emergência restritos/fechados por falta de profissional, sem justificativa acatada",,Análise Impossibilitada,SEM DADOS,DOC055,12,018/2022,
2024-08,QL12,3.13 Taxa de execução do plano de educação permanente (10% da parte variável - qualidade),Atingir valor ≥ 90% das atividades previstas para o plano de educação permanente.,107.89,"107,89%",ALERTA,DOC055,12,018/2022,"Execução acima do planejado, preservada como informada; validar as atividades."
2024-09,M04,3.12 Taxa de ocupação operacional geral e por clínica (não valorado),"Atingir taxa de ocupação operacional igual ou maior que 85,0% dos leitos",,"a) Geral: 162,78% b) Médica: 99,67% c) Card.: 98,55% d) Vascular: 99,00% e) C. Geral: 97,50% f) Traumato: 95,64%",INFORMADO,DOC055,12,018/2022,Valores por clínica preservados no texto; não reduzir automaticamente a um percentual.
2024-09,QL01,3.1 Acolhimento com classificação de risco (5% da parte variável – qualidade),Classificar 100% dos Pacientes atendidos na unidade,100.24,"100,24%",INCONSISTÊNCIA NA FONTE,DOC055,12,018/2022,Percentual acima de 100 preservado como publicado; não normalizado nem utilizado na pontuação.
2024-09,QL02,3.2 Índice de satisfação do usuário (10% da parte variável – qualidade),"Atingir valor ≥ a 90,0% de satisfação do usuário, sendo necessário converter, no mínimo, 10,0% do total de atendimentos em pesquisas",93.96,"93,96%",INFORMADO,DOC055,12,018/2022,
2024-09,QL03,3.3 Taxa de aprovação da resolução das queixas recebidas (10% da parte variável – qualidade),"Alcançar aprovação de 80,0% ou mais da resolução das queixas recebidas",43.64,"43,64%",INFORMADO,DOC055,12,018/2022,
2024-09,QL04,3.4 Percentual de glosas referentes a profissionais não cadastrados no CNES (5% da parte variável – qualidade),"0,0% do total de glosas decorrentes da falta de cadastro de profissionais médicos da unidade no CNES",,Análise Impossibilitada,SEM DADOS,DOC055,12,018/2022,
2024-09,QL05,3.5 Percentual de glosas no SIA/SUS (10% da parte variável – qualidade),"Aferir percentual de glosas no SIA/SUS de até 10,0%",,Análise Impossibilitada,SEM DADOS,DOC055,12,018/2022,
2024-09,QL06,3.6 Percentual de glosas no SIH/SUS (10% da parte variável – qualidade),"Aferir percentual de glosas no SIH/SUS de até 10,0%",,Análise Impossibilitada,SEM DADOS,DOC055,12,018/2022,
2024-09,QL07,3.7 Entrega do relatório de prestação de contas mensal (5% da parte variável – qualidade),Envio de relatório de prestação de contas mensal até o dia 25 do mês subsequente à prestação do serviço,,Enviado no Prazo,INFORMADO,DOC055,12,018/2022,
2024-09,QL08,3.8 Qualidade da publicação das informação de transparência (10% da parte variável – qualidade),Atingir o grau “Desejado” da qualidade da publicação das informações de transparência,,“Desejado”,INFORMADO,DOC055,12,018/2022,
2024-09,QL09,3.9 Taxa de revisão de óbitos institucionais (5% da parte variável - qualidade),"Atingir valor ≥ 90,0% revisão dos prontuários de óbitos institucionais",100.0,"100,00%",INFORMADO,DOC055,12,018/2022,
2024-09,QL10,3.10 Taxa de infecção hospitalar (10% da parte variável - qualidade),"Apresentar total ≤ 7,5% de casos de infecções ocorridos no período.",0.66,"0,66%",INFORMADO,DOC055,12,018/2022,
2024-09,QL11,3.11 Número de plantões dos serviços de urgência e emergência restritos/fechados por falta de recursos humanos sem justificativa acolhida (10% da parte variável – qualidade),"Aferir 0 (zero) plantões dos serviços de urgência e emergência restritos/fechados por falta de profissional, sem justificativa acatada",,Análise Impossibilitada,SEM DADOS,DOC055,12,018/2022,
2024-09,QL12,3.13 Taxa de execução do plano de educação permanente (10% da parte variável - qualidade),Atingir valor ≥ 90% das atividades previstas para o plano de educação permanente.,118.42,"118,42%",ALERTA,DOC055,12,018/2022,"Execução acima do planejado, preservada como informada; validar as atividades."
2024-10,M04,3.12 Taxa de ocupação operacional geral e por clínica (não valorado),"Atingir taxa de ocupação operacional igual ou maior que 85,0% dos leitos",,"a) Geral: 162,02% b) Médica: 99,57% c) Card.: 99,16% d) Vascular: 99,68% e)C. Geral:100,00% f) Traumato:97,52%",INFORMADO,DOC055,12,018/2022,Valores por clínica preservados no texto; não reduzir automaticamente a um percentual.
2024-10,QL01,3.1 Acolhimento com classificação de risco (5% da parte variável – qualidade),Classificar 100% dos Pacientes atendidos na unidade,99.94,"99,94%",INFORMADO,DOC055,12,018/2022,
2024-10,QL02,3.2 Índice de satisfação do usuário (10% da parte variável – qualidade),"Atingir valor ≥ a 90,0% de satisfação do usuário, sendo necessário converter, no mínimo, 10,0% do total de atendimentos em pesquisas",94.12,"94,12%",INFORMADO,DOC055,12,018/2022,
2024-10,QL03,3.3 Taxa de aprovação da resolução das queixas recebidas (10% da parte variável – qualidade),"Alcançar aprovação de 80,0% ou mais da resolução das queixas recebidas",77.19,"77,19%",INFORMADO,DOC055,12,018/2022,
2024-10,QL04,3.4 Percentual de glosas referentes a profissionais não cadastrados no CNES (5% da parte variável – qualidade),"0,0% do total de glosas decorrentes da falta de cadastro de profissionais médicos da unidade no CNES",,Análise Impossibilitada,SEM DADOS,DOC055,12,018/2022,
2024-10,QL05,3.5 Percentual de glosas no SIA/SUS (10% da parte variável – qualidade),"Aferir percentual de glosas no SIA/SUS de até 10,0%",,Análise Impossibilitada,SEM DADOS,DOC055,12,018/2022,
2024-10,QL06,3.6 Percentual de glosas no SIH/SUS (10% da parte variável – qualidade),"Aferir percentual de glosas no SIH/SUS de até 10,0%",,Análise Impossibilitada,SEM DADOS,DOC055,12,018/2022,
2024-10,QL07,3.7 Entrega do relatório de prestação de contas mensal (5% da parte variável – qualidade),Envio de relatório de prestação de contas mensal até o dia 25 do mês subsequente à prestação do serviço,,Enviado no Prazo,INFORMADO,DOC055,12,018/2022,
2024-10,QL08,3.8 Qualidade da publicação das informação de transparência (10% da parte variável – qualidade),Atingir o grau “Desejado” da qualidade da publicação das informações de transparência,,“Desejado”,INFORMADO,DOC055,12,018/2022,
2024-10,QL09,3.9 Taxa de revisão de óbitos institucionais (5% da parte variável - qualidade),"Atingir valor ≥ 90,0% revisão dos prontuários de óbitos institucionais",100.0,"100,00%",INFORMADO,DOC055,12,018/2022,
2024-10,QL10,3.10 Taxa de infecção hospitalar (10% da parte variável - qualidade),"Apresentar total ≤ 7,5% de casos de infecções ocorridos no período.",0.66,"0,66%",INFORMADO,DOC055,12,018/2022,
2024-10,QL11,3.11 Número de plantões dos serviços de urgência e emergência restritos/fechados por falta de recursos humanos sem justificativa acolhida (10% da parte variável – qualidade),"Aferir 0 (zero) plantões dos serviços de urgência e emergência restritos/fechados por falta de profissional, sem justificativa acatada",,Análise Impossibilitada,SEM DADOS,DOC055,12,018/2022,
2024-10,QL12,3.13 Taxa de execução do plano de educação permanente (10% da parte variável - qualidade),Atingir valor ≥ 90% das atividades previstas para o plano de educação permanente.,105.88,"105,88%",ALERTA,DOC055,12,018/2022,"Execução acima do planejado, preservada como informada; validar as atividades."
2024-11,M04,3.12 Taxa de ocupação operacional geral e por clínica (não valorado),"Atingir taxa de ocupação operacional igual ou maior que 85,0% dos leitos",,"a) Geral: 150,00% b) Médica: 97,67% c) Card.: 99,86% d) Vascular: 99,83% e) C. Geral:99,17% f) Traumato:99,74%",INFORMADO,DOC055,12,018/2022,Valores por clínica preservados no texto; não reduzir automaticamente a um percentual.
2024-11,QL01,3.1 Acolhimento com classificação de risco (5% da parte variável – qualidade),Classificar 100% dos Pacientes atendidos na unidade,100.0,"100,00%",INFORMADO,DOC055,12,018/2022,
2024-11,QL02,3.2 Índice de satisfação do usuário (10% da parte variável – qualidade),"Atingir valor ≥ a 90,0% de satisfação do usuário, sendo necessário converter, no mínimo, 10,0% do total de atendimentos em pesquisas",93.92,"93,92%",INFORMADO,DOC055,12,018/2022,
2024-11,QL03,3.3 Taxa de aprovação da resolução das queixas recebidas (10% da parte variável – qualidade),"Alcançar aprovação de 80,0% ou mais da resolução das queixas recebidas",79.17,"79,17%",INFORMADO,DOC055,12,018/2022,
2024-11,QL04,3.4 Percentual de glosas referentes a profissionais não cadastrados no CNES (5% da parte variável – qualidade),"0,0% do total de glosas decorrentes da falta de cadastro de profissionais médicos da unidade no CNES",,Análise Impossibilitada,SEM DADOS,DOC055,12,018/2022,
2024-11,QL05,3.5 Percentual de glosas no SIA/SUS (10% da parte variável – qualidade),"Aferir percentual de glosas no SIA/SUS de até 10,0%",,Análise Impossibilitada,SEM DADOS,DOC055,12,018/2022,
2024-11,QL06,3.6 Percentual de glosas no SIH/SUS (10% da parte variável – qualidade),"Aferir percentual de glosas no SIH/SUS de até 10,0%",,Análise Impossibilitada,SEM DADOS,DOC055,12,018/2022,
2024-11,QL07,3.7 Entrega do relatório de prestação de contas mensal (5% da parte variável – qualidade),Envio de relatório de prestação de contas mensal até o dia 25 do mês subsequente à prestação do serviço,,Enviado no Prazo,INFORMADO,DOC055,12,018/2022,
2024-11,QL08,3.8 Qualidade da publicação das informação de transparência (10% da parte variável – qualidade),Atingir o grau “Desejado” da qualidade da publicação das informações de transparência,,“Desejado”,INFORMADO,DOC055,12,018/2022,
2024-11,QL09,3.9 Taxa de revisão de óbitos institucionais (5% da parte variável - qualidade),"Atingir valor ≥ 90,0% revisão dos prontuários de óbitos institucionais",100.0,"100,00%",INFORMADO,DOC055,12,018/2022,
2024-11,QL10,3.10 Taxa de infecção hospitalar (10% da parte variável - qualidade),"Apresentar total ≤ 7,5% de casos de infecções ocorridos no período.",0.92,"0,92%",INFORMADO,DOC055,12,018/2022,
2024-11,QL11,3.11 Número de plantões dos serviços de urgência e emergência restritos/fechados por falta de recursos humanos sem justificativa acolhida (10% da parte variável – qualidade),"Aferir 0 (zero) plantões dos serviços de urgência e emergência restritos/fechados por falta de profissional, sem justificativa acatada",,Análise Impossibilitada,SEM DADOS,DOC055,12,018/2022,
2024-11,QL12,3.13 Taxa de execução do plano de educação permanente (10% da parte variável - qualidade),Atingir valor ≥ 90% das atividades previstas para o plano de educação permanente.,102.78,"102,78%",ALERTA,DOC055,12,018/2022,"Execução acima do planejado, preservada como informada; validar as atividades."
2024-12,M04,3.12 Taxa de ocupação operacional geral e por clínica (não valorado),"Atingir taxa de ocupação operacional igual ou maior que 85,0% dos leitos",,"a) Geral: 150,59% b) Médica: 99,57% c) Card.: 98,46% d) Vascular: 99,35% e) C. Geral:99,19% f) Traumato:97,39%",INFORMADO,DOC055,12,018/2022,Valores por clínica preservados no texto; não reduzir automaticamente a um percentual.
2024-12,QL01,3.1 Acolhimento com classificação de risco (5% da parte variável – qualidade),Classificar 100% dos Pacientes atendidos na unidade,100.33,"100,33%",INCONSISTÊNCIA NA FONTE,DOC055,12,018/2022,Percentual acima de 100 preservado como publicado; não normalizado nem utilizado na pontuação.
2024-12,QL02,3.2 Índice de satisfação do usuário (10% da parte variável – qualidade),"Atingir valor ≥ a 90,0% de satisfação do usuário, sendo necessário converter, no mínimo, 10,0% do total de atendimentos em pesquisas",91.96,"91,96%",INFORMADO,DOC055,12,018/2022,
2024-12,QL03,3.3 Taxa de aprovação da resolução das queixas recebidas (10% da parte variável – qualidade),"Alcançar aprovação de 80,0% ou mais da resolução das queixas recebidas",65.0,"65,00%",INFORMADO,DOC055,12,018/2022,
2024-12,QL04,3.4 Percentual de glosas referentes a profissionais não cadastrados no CNES (5% da parte variável – qualidade),"0,0% do total de glosas decorrentes da falta de cadastro de profissionais médicos da unidade no CNES",,Análise Impossibilitada,SEM DADOS,DOC055,12,018/2022,
2024-12,QL05,3.5 Percentual de glosas no SIA/SUS (10% da parte variável – qualidade),"Aferir percentual de glosas no SIA/SUS de até 10,0%",,Análise Impossibilitada,SEM DADOS,DOC055,12,018/2022,
2024-12,QL06,3.6 Percentual de glosas no SIH/SUS (10% da parte variável – qualidade),"Aferir percentual de glosas no SIH/SUS de até 10,0%",,Análise Impossibilitada,SEM DADOS,DOC055,12,018/2022,
2024-12,QL07,3.7 Entrega do relatório de prestação de contas mensal (5% da parte variável – qualidade),Envio de relatório de prestação de contas mensal até o dia 25 do mês subsequente à prestação do serviço,,Enviado no Prazo,INFORMADO,DOC055,12,018/2022,
2024-12,QL08,3.8 Qualidade da publicação das informação de transparência (10% da parte variável – qualidade),Atingir o grau “Desejado” da qualidade da publicação das informações de transparência,,“Desejado”,INFORMADO,DOC055,12,018/2022,
2024-12,QL09,3.9 Taxa de revisão de óbitos institucionais (5% da parte variável - qualidade),"Atingir valor ≥ 90,0% revisão dos prontuários de óbitos institucionais",100.0,"100,00%",INFORMADO,DOC055,12,018/2022,
2024-12,QL10,3.10 Taxa de infecção hospitalar (10% da parte variável - qualidade),"Apresentar total ≤ 7,5% de casos de infecções ocorridos no período.",0.81,"0,81%",INFORMADO,DOC055,12,018/2022,
2024-12,QL11,3.11 Número de plantões dos serviços de urgência e emergência restritos/fechados por falta de recursos humanos sem justificativa acolhida (10% da parte variável – qualidade),"Aferir 0 (zero) plantões dos serviços de urgência e emergência restritos/fechados por falta de profissional, sem justificativa acatada",,Análise Impossibilitada,SEM DADOS,DOC055,12,018/2022,
2024-12,QL12,3.13 Taxa de execução do plano de educação permanente (10% da parte variável - qualidade),Atingir valor ≥ 90% das atividades previstas para o plano de educação permanente.,102.94,"102,94%",ALERTA,DOC055,12,018/2022,"Execução acima do planejado, preservada como informada; validar as atividades."
2025-01,M01,4.2 Serviço de Apoio Diagnóstico e Terapêutico (SADT),Envio das informações até o dia 25 do mês subsequente à execução,,Enviado no Prazo,INFORMADO,DOC061,9,018/2022,
2025-01,M02,4.1 Serviço de atenção domiciliar – equipes EMAD e EMAP (SAD),Envio das informações até o dia 25 do mês subsequente à execução,,Enviado no Prazo,INFORMADO,DOC061,9,018/2022,
2025-01,M04,3.12 Taxa de ocupação operacional geral e por clínica (não valorado),"Atingir taxa de ocupação operacional igual ou maior que 85,0% dos leitos",,"a) Geral: 124,08% b) Médica: 100,00% c) Card.: 101,46% d) Vascular:99,35% e) C. Geral: 8,33% f) Traumato: 105,39%",INFORMADO,DOC061,8,018/2022,Valores por clínica preservados no texto; não reduzir automaticamente a um percentual.
2025-01,QL01,3.1 Acolhimento com classificação de risco (5% da parte variável – qualidade),Classificar 100% dos Pacientes atendidos na unidade,100.19,"100,19%",INCONSISTÊNCIA NA FONTE,DOC061,8,018/2022,Percentual acima de 100 preservado como publicado; não normalizado nem utilizado na pontuação.
2025-01,QL02,3.2 Índice de satisfação do usuário (10% da parte variável – qualidade),"Atingir valor ≥ a 90,0% de satisfação do usuário, sendo necessário converter, no mínimo, 10,0% do total de atendimentos em pesquisas",91.6,"91,60%",INFORMADO,DOC061,8,018/2022,
2025-01,QL03,3.3 Taxa de aprovação da resolução das queixas recebidas (10% da parte variável – qualidade),"Alcançar aprovação de 80,0% ou mais da resolução das queixas recebidas",89.57,"89,57%",INFORMADO,DOC061,8,018/2022,
2025-01,QL04,3.4 Percentual de glosas referentes a profissionais não cadastrados no CNES (5% da parte variável – qualidade),"0,0% do total de glosas decorrentes da falta de cadastro de profissionais médicos da unidade no CNES",,Análise Impossibilitada,SEM DADOS,DOC061,8,018/2022,
2025-01,QL05,3.5 Percentual de glosas no SIA/SUS (10% da parte variável – qualidade),"Aferir percentual de glosas no SIA/SUS de até 10,0%",,Análise Impossibilitada,SEM DADOS,DOC061,8,018/2022,
2025-01,QL06,3.6 Percentual de glosas no SIH/SUS (10% da parte variável – qualidade),"Aferir percentual de glosas no SIH/SUS de até 10,0%",,Análise Impossibilitada,SEM DADOS,DOC061,8,018/2022,
2025-01,QL07,3.7 Entrega do relatório de prestação de contas mensal (5% da parte variável – qualidade),Envio de relatório de prestação de contas mensal até o dia 25 do mês subsequente à prestação do serviço,,Enviado no Prazo,INFORMADO,DOC061,8,018/2022,
2025-01,QL08,3.8 Qualidade da publicação das informação de transparência (10% da parte variável – qualidade),Atingir o grau “Desejado” da qualidade da publicação das informações de transparência,,“Desejado”,INFORMADO,DOC061,8,018/2022,
2025-01,QL09,3.9 Taxa de revisão de óbitos institucionais (5% da parte variável - qualidade),"Atingir valor ≥ 90,0% revisão dos prontuários de óbitos institucionais",,Não Informado,SEM DADOS,DOC061,8,018/2022,
2025-01,QL10,3.10 Taxa de infecção hospitalar (10% da parte variável - qualidade),"Apresentar total ≤ 7,5% de casos de infecções ocorridos no período.",0.86,"0,86%",INFORMADO,DOC061,8,018/2022,
2025-01,QL11,3.11 Número de plantões dos serviços de urgência e emergência restritos/fechados por falta de recursos humanos sem justificativa acolhida (10% da parte variável – qualidade),"Aferir 0 (zero) plantões dos serviços de urgência e emergência restritos/fechados por falta de profissional, sem justificativa acatada",2.0,2,INFORMADO,DOC061,8,018/2022,
2025-01,QL12,3.13 Taxa de execução do plano de educação permanente (10% da parte variável - qualidade),Atingir valor ≥ 90% das atividades previstas para o plano de educação permanente.,122.58,"122,58%",ALERTA,DOC061,8,018/2022,"Execução acima do planejado, preservada como informada; validar as atividades."
2025-02,M01,4.2 Serviço de Apoio Diagnóstico e Terapêutico (SADT),Envio das informações até o dia 25 do mês subsequente à execução,,Enviado no Prazo,INFORMADO,DOC061,9,018/2022,
2025-02,M02,4.1 Serviço de atenção domiciliar – equipes EMAD e EMAP (SAD),Envio das informações até o dia 25 do mês subsequente à execução,,Enviado no Prazo,INFORMADO,DOC061,9,018/2022,
2025-02,M04,3.12 Taxa de ocupação operacional geral e por clínica (não valorado),"Atingir taxa de ocupação operacional igual ou maior que 85,0% dos leitos",,"a) Geral: 175,90% b) Médica: 98,60% c) Card.: 97,50% d) Vascular: 99,46% e) C. Geral: 100,00% f) Traumato: 98,12%",INFORMADO,DOC061,8,018/2022,Valores por clínica preservados no texto; não reduzir automaticamente a um percentual.
2025-02,QL01,3.1 Acolhimento com classificação de risco (5% da parte variável – qualidade),Classificar 100% dos Pacientes atendidos na unidade,100.34,"100,34%",INCONSISTÊNCIA NA FONTE,DOC061,8,018/2022,Percentual acima de 100 preservado como publicado; não normalizado nem utilizado na pontuação.
2025-02,QL02,3.2 Índice de satisfação do usuário (10% da parte variável – qualidade),"Atingir valor ≥ a 90,0% de satisfação do usuário, sendo necessário converter, no mínimo, 10,0% do total de atendimentos em pesquisas",96.01,"96,01%",INFORMADO,DOC061,8,018/2022,
2025-02,QL03,3.3 Taxa de aprovação da resolução das queixas recebidas (10% da parte variável – qualidade),"Alcançar aprovação de 80,0% ou mais da resolução das queixas recebidas",81.82,"81,82%",INFORMADO,DOC061,8,018/2022,
2025-02,QL04,3.4 Percentual de glosas referentes a profissionais não cadastrados no CNES (5% da parte variável – qualidade),"0,0% do total de glosas decorrentes da falta de cadastro de profissionais médicos da unidade no CNES",,Análise Impossibilitada,SEM DADOS,DOC061,8,018/2022,
2025-02,QL05,3.5 Percentual de glosas no SIA/SUS (10% da parte variável – qualidade),"Aferir percentual de glosas no SIA/SUS de até 10,0%",,Análise Impossibilitada,SEM DADOS,DOC061,8,018/2022,
2025-02,QL06,3.6 Percentual de glosas no SIH/SUS (10% da parte variável – qualidade),"Aferir percentual de glosas no SIH/SUS de até 10,0%",,Análise Impossibilitada,SEM DADOS,DOC061,8,018/2022,
2025-02,QL07,3.7 Entrega do relatório de prestação de contas mensal (5% da parte variável – qualidade),Envio de relatório de prestação de contas mensal até o dia 25 do mês subsequente à prestação do serviço,,Enviado no Prazo,INFORMADO,DOC061,8,018/2022,
2025-02,QL08,3.8 Qualidade da publicação das informação de transparência (10% da parte variável – qualidade),Atingir o grau “Desejado” da qualidade da publicação das informações de transparência,,“Desejado”,INFORMADO,DOC061,8,018/2022,
2025-02,QL09,3.9 Taxa de revisão de óbitos institucionais (5% da parte variável - qualidade),"Atingir valor ≥ 90,0% revisão dos prontuários de óbitos institucionais",,Não Informado,SEM DADOS,DOC061,8,018/2022,
2025-02,QL10,3.10 Taxa de infecção hospitalar (10% da parte variável - qualidade),"Apresentar total ≤ 7,5% de casos de infecções ocorridos no período.",1.0,"1,00%",INFORMADO,DOC061,8,018/2022,
2025-02,QL11,3.11 Número de plantões dos serviços de urgência e emergência restritos/fechados por falta de recursos humanos sem justificativa acolhida (10% da parte variável – qualidade),"Aferir 0 (zero) plantões dos serviços de urgência e emergência restritos/fechados por falta de profissional, sem justificativa acatada",2.0,2,INFORMADO,DOC061,8,018/2022,
2025-02,QL12,3.13 Taxa de execução do plano de educação permanente (10% da parte variável - qualidade),Atingir valor ≥ 90% das atividades previstas para o plano de educação permanente.,115.15,"115,15%",ALERTA,DOC061,8,018/2022,"Execução acima do planejado, preservada como informada; validar as atividades."
2025-03,M01,4.2 Serviço de Apoio Diagnóstico e Terapêutico (SADT),Envio das informações até o dia 25 do mês subsequente à execução,,Enviado no Prazo,INFORMADO,DOC061,9,018/2022,
2025-03,M02,4.1 Serviço de atenção domiciliar – equipes EMAD e EMAP (SAD),Envio das informações até o dia 25 do mês subsequente à execução,,Enviado no Prazo,INFORMADO,DOC061,9,018/2022,
2025-03,M04,3.12 Taxa de ocupação operacional geral e por clínica (não valorado),"Atingir taxa de ocupação operacional igual ou maior que 85,0% dos leitos",,"a) Geral: 162,13% b) Médica: 99,72% c) Card.: 98,87% d) Vascular: 98,87% e) C. Geral: 96,77% f) Traumato: 99,23%",INFORMADO,DOC061,8,018/2022,Valores por clínica preservados no texto; não reduzir automaticamente a um percentual.
2025-03,QL01,3.1 Acolhimento com classificação de risco (5% da parte variável – qualidade),Classificar 100% dos Pacientes atendidos na unidade,100.33,"100,33%",INCONSISTÊNCIA NA FONTE,DOC061,8,018/2022,Percentual acima de 100 preservado como publicado; não normalizado nem utilizado na pontuação.
2025-03,QL02,3.2 Índice de satisfação do usuário (10% da parte variável – qualidade),"Atingir valor ≥ a 90,0% de satisfação do usuário, sendo necessário converter, no mínimo, 10,0% do total de atendimentos em pesquisas",92.98,"92,98%",INFORMADO,DOC061,8,018/2022,
2025-03,QL03,3.3 Taxa de aprovação da resolução das queixas recebidas (10% da parte variável – qualidade),"Alcançar aprovação de 80,0% ou mais da resolução das queixas recebidas",94.29,"94,29%",INFORMADO,DOC061,8,018/2022,
2025-03,QL04,3.4 Percentual de glosas referentes a profissionais não cadastrados no CNES (5% da parte variável – qualidade),"0,0% do total de glosas decorrentes da falta de cadastro de profissionais médicos da unidade no CNES",,Análise Impossibilitada,SEM DADOS,DOC061,8,018/2022,
2025-03,QL05,3.5 Percentual de glosas no SIA/SUS (10% da parte variável – qualidade),"Aferir percentual de glosas no SIA/SUS de até 10,0%",,Análise Impossibilitada,SEM DADOS,DOC061,8,018/2022,
2025-03,QL06,3.6 Percentual de glosas no SIH/SUS (10% da parte variável – qualidade),"Aferir percentual de glosas no SIH/SUS de até 10,0%",,Análise Impossibilitada,SEM DADOS,DOC061,8,018/2022,
2025-03,QL07,3.7 Entrega do relatório de prestação de contas mensal (5% da parte variável – qualidade),Envio de relatório de prestação de contas mensal até o dia 25 do mês subsequente à prestação do serviço,,Enviado no Prazo,INFORMADO,DOC061,8,018/2022,
2025-03,QL08,3.8 Qualidade da publicação das informação de transparência (10% da parte variável – qualidade),Atingir o grau “Desejado” da qualidade da publicação das informações de transparência,,“Desejado”,INFORMADO,DOC061,8,018/2022,
2025-03,QL09,3.9 Taxa de revisão de óbitos institucionais (5% da parte variável - qualidade),"Atingir valor ≥ 90,0% revisão dos prontuários de óbitos institucionais",100.0,"100,00%",INFORMADO,DOC061,8,018/2022,
2025-03,QL10,3.10 Taxa de infecção hospitalar (10% da parte variável - qualidade),"Apresentar total ≤ 7,5% de casos de infecções ocorridos no período.",2.01,"2,01%",INFORMADO,DOC061,8,018/2022,
2025-03,QL11,3.11 Número de plantões dos serviços de urgência e emergência restritos/fechados por falta de recursos humanos sem justificativa acolhida (10% da parte variável – qualidade),"Aferir 0 (zero) plantões dos serviços de urgência e emergência restritos/fechados por falta de profissional, sem justificativa acatada",1.0,1,INFORMADO,DOC061,8,018/2022,
2025-03,QL12,3.13 Taxa de execução do plano de educação permanente (10% da parte variável - qualidade),Atingir valor ≥ 90% das atividades previstas para o plano de educação permanente.,120.69,"120,69%",ALERTA,DOC061,8,018/2022,"Execução acima do planejado, preservada como informada; validar as atividades."
2025-04,M01,4.2 Serviço de Apoio Diagnóstico e Terapêutico (SADT),Envio das informações até o dia 25 do mês subsequente à execução,,Enviado no Prazo,INFORMADO,DOC061,9,018/2022,
2025-04,M02,4.1 Serviço de atenção domiciliar – equipes EMAD e EMAP (SAD),Envio das informações até o dia 25 do mês subsequente à execução,,Enviado no Prazo,INFORMADO,DOC061,9,018/2022,
2025-04,M04,3.12 Taxa de ocupação operacional geral e por clínica (não valorado),"Atingir taxa de ocupação operacional igual ou maior que 85,0% dos leitos",,"a) Geral: 163,56% b) Médica: 81,99% c) Card.: 95,97% d) Vascular:98,67% e) C. Geral: 97,50% f) Traumato: 116,41%",INFORMADO,DOC061,8,018/2022,Valores por clínica preservados no texto; não reduzir automaticamente a um percentual.
2025-04,QL01,3.1 Acolhimento com classificação de risco (5% da parte variável – qualidade),Classificar 100% dos Pacientes atendidos na unidade,100.19,"100,19%",INCONSISTÊNCIA NA FONTE,DOC061,8,018/2022,Percentual acima de 100 preservado como publicado; não normalizado nem utilizado na pontuação.
2025-04,QL02,3.2 Índice de satisfação do usuário (10% da parte variável – qualidade),"Atingir valor ≥ a 90,0% de satisfação do usuário, sendo necessário converter, no mínimo, 10,0% do total de atendimentos em pesquisas",94.36,"94,36%",INFORMADO,DOC061,8,018/2022,
2025-04,QL03,3.3 Taxa de aprovação da resolução das queixas recebidas (10% da parte variável – qualidade),"Alcançar aprovação de 80,0% ou mais da resolução das queixas recebidas",80.0,"80,00%",INFORMADO,DOC061,8,018/2022,
2025-04,QL04,3.4 Percentual de glosas referentes a profissionais não cadastrados no CNES (5% da parte variável – qualidade),"0,0% do total de glosas decorrentes da falta de cadastro de profissionais médicos da unidade no CNES",,Análise Impossibilitada,SEM DADOS,DOC061,8,018/2022,
2025-04,QL05,3.5 Percentual de glosas no SIA/SUS (10% da parte variável – qualidade),"Aferir percentual de glosas no SIA/SUS de até 10,0%",,Análise Impossibilitada,SEM DADOS,DOC061,8,018/2022,
2025-04,QL06,3.6 Percentual de glosas no SIH/SUS (10% da parte variável – qualidade),"Aferir percentual de glosas no SIH/SUS de até 10,0%",,Análise Impossibilitada,SEM DADOS,DOC061,8,018/2022,
2025-04,QL07,3.7 Entrega do relatório de prestação de contas mensal (5% da parte variável – qualidade),Envio de relatório de prestação de contas mensal até o dia 25 do mês subsequente à prestação do serviço,,Enviado no Prazo,INFORMADO,DOC061,8,018/2022,
2025-04,QL08,3.8 Qualidade da publicação das informação de transparência (10% da parte variável – qualidade),Atingir o grau “Desejado” da qualidade da publicação das informações de transparência,,“Moderado”,INFORMADO,DOC061,8,018/2022,
2025-04,QL09,3.9 Taxa de revisão de óbitos institucionais (5% da parte variável - qualidade),"Atingir valor ≥ 90,0% revisão dos prontuários de óbitos institucionais",100.0,"100,00%",INFORMADO,DOC061,8,018/2022,
2025-04,QL10,3.10 Taxa de infecção hospitalar (10% da parte variável - qualidade),"Apresentar total ≤ 7,5% de casos de infecções ocorridos no período.",0.98,"0,98%",INFORMADO,DOC061,8,018/2022,
2025-04,QL11,3.11 Número de plantões dos serviços de urgência e emergência restritos/fechados por falta de recursos humanos sem justificativa acolhida (10% da parte variável – qualidade),"Aferir 0 (zero) plantões dos serviços de urgência e emergência restritos/fechados por falta de profissional, sem justificativa acatada",3.0,3,INFORMADO,DOC061,8,018/2022,
2025-04,QL12,3.13 Taxa de execução do plano de educação permanente (10% da parte variável - qualidade),Atingir valor ≥ 90% das atividades previstas para o plano de educação permanente.,135.71,"135,71%",ALERTA,DOC061,8,018/2022,"Execução acima do planejado, preservada como informada; validar as atividades."
2025-05,M01,4.2 Serviço de Apoio Diagnóstico e Terapêutico (SADT),Envio das informações até o dia 25 do mês subsequente à execução,,Enviado no Prazo,INFORMADO,DOC061,9,018/2022,
2025-05,M02,4.1 Serviço de atenção domiciliar – equipes EMAD e EMAP (SAD),Envio das informações até o dia 25 do mês subsequente à execução,,Enviado no Prazo,INFORMADO,DOC061,9,018/2022,
2025-05,M04,3.12 Taxa de ocupação operacional geral e por clínica (não valorado),"Atingir taxa de ocupação operacional igual ou maior que 85,0% dos leitos",,"a) Geral: 156,64% b) Médica: 93,41% c) Card.: 99,52% d) Vascular: 94,19% e) C. Geral: 96,77% f) Traumato: 126,92%",INFORMADO,DOC061,8,018/2022,Valores por clínica preservados no texto; não reduzir automaticamente a um percentual.
2025-05,QL01,3.1 Acolhimento com classificação de risco (5% da parte variável – qualidade),Classificar 100% dos Pacientes atendidos na unidade,100.32,"100,32%",INCONSISTÊNCIA NA FONTE,DOC061,8,018/2022,Percentual acima de 100 preservado como publicado; não normalizado nem utilizado na pontuação.
2025-05,QL02,3.2 Índice de satisfação do usuário (10% da parte variável – qualidade),"Atingir valor ≥ a 90,0% de satisfação do usuário, sendo necessário converter, no mínimo, 10,0% do total de atendimentos em pesquisas",94.68,"94,68%",INFORMADO,DOC061,8,018/2022,
2025-05,QL03,3.3 Taxa de aprovação da resolução das queixas recebidas (10% da parte variável – qualidade),"Alcançar aprovação de 80,0% ou mais da resolução das queixas recebidas",85.18,"85,18%",INFORMADO,DOC061,8,018/2022,
2025-05,QL04,3.4 Percentual de glosas referentes a profissionais não cadastrados no CNES (5% da parte variável – qualidade),"0,0% do total de glosas decorrentes da falta de cadastro de profissionais médicos da unidade no CNES",,Análise Impossibilitada,SEM DADOS,DOC061,8,018/2022,
2025-05,QL05,3.5 Percentual de glosas no SIA/SUS (10% da parte variável – qualidade),"Aferir percentual de glosas no SIA/SUS de até 10,0%",,Análise Impossibilitada,SEM DADOS,DOC061,8,018/2022,
2025-05,QL06,3.6 Percentual de glosas no SIH/SUS (10% da parte variável – qualidade),"Aferir percentual de glosas no SIH/SUS de até 10,0%",,Análise Impossibilitada,SEM DADOS,DOC061,8,018/2022,
2025-05,QL07,3.7 Entrega do relatório de prestação de contas mensal (5% da parte variável – qualidade),Envio de relatório de prestação de contas mensal até o dia 25 do mês subsequente à prestação do serviço,,Enviado no Prazo,INFORMADO,DOC061,8,018/2022,
2025-05,QL08,3.8 Qualidade da publicação das informação de transparência (10% da parte variável – qualidade),Atingir o grau “Desejado” da qualidade da publicação das informações de transparência,,“Moderado”,INFORMADO,DOC061,8,018/2022,
2025-05,QL09,3.9 Taxa de revisão de óbitos institucionais (5% da parte variável - qualidade),"Atingir valor ≥ 90,0% revisão dos prontuários de óbitos institucionais",100.0,"100,00%",INFORMADO,DOC061,8,018/2022,
2025-05,QL10,3.10 Taxa de infecção hospitalar (10% da parte variável - qualidade),"Apresentar total ≤ 7,5% de casos de infecções ocorridos no período.",1.62,"1,62%",INFORMADO,DOC061,8,018/2022,
2025-05,QL11,3.11 Número de plantões dos serviços de urgência e emergência restritos/fechados por falta de recursos humanos sem justificativa acolhida (10% da parte variável – qualidade),"Aferir 0 (zero) plantões dos serviços de urgência e emergência restritos/fechados por falta de profissional, sem justificativa acatada",5.0,5,INFORMADO,DOC061,8,018/2022,
2025-05,QL12,3.13 Taxa de execução do plano de educação permanente (10% da parte variável - qualidade),Atingir valor ≥ 90% das atividades previstas para o plano de educação permanente.,113.33,"113,33%",ALERTA,DOC061,8,018/2022,"Execução acima do planejado, preservada como informada; validar as atividades."
2025-06,M01,4.2 Serviço de Apoio Diagnóstico e Terapêutico (SADT),Envio das informações até o dia 25 do mês subsequente à execução,,Enviado no Prazo,INFORMADO,DOC061,9,018/2022,
2025-06,M02,4.1 Serviço de atenção domiciliar – equipes EMAD e EMAP (SAD),Envio das informações até o dia 25 do mês subsequente à execução,,Enviado no Prazo,INFORMADO,DOC061,9,018/2022,
2025-06,M04,3.12 Taxa de ocupação operacional geral e por clínica (não valorado),"Atingir taxa de ocupação operacional igual ou maior que 85,0% dos leitos",,"a) Geral: 129,86% b) Médica: 98,33% c) Card.: 97,33% d) Vascular: 87,33% e) C. Geral: 93,33% f) Traumato: 98,18%",INFORMADO,DOC061,8,018/2022,Valores por clínica preservados no texto; não reduzir automaticamente a um percentual.
2025-06,QL01,3.1 Acolhimento com classificação de risco (5% da parte variável – qualidade),Classificar 100% dos Pacientes atendidos na unidade,100.0,"100,00%",INFORMADO,DOC061,8,018/2022,
2025-06,QL02,3.2 Índice de satisfação do usuário (10% da parte variável – qualidade),"Atingir valor ≥ a 90,0% de satisfação do usuário, sendo necessário converter, no mínimo, 10,0% do total de atendimentos em pesquisas",92.63,"92,63%",INFORMADO,DOC061,8,018/2022,
2025-06,QL03,3.3 Taxa de aprovação da resolução das queixas recebidas (10% da parte variável – qualidade),"Alcançar aprovação de 80,0% ou mais da resolução das queixas recebidas",80.65,"80,65%",INFORMADO,DOC061,8,018/2022,
2025-06,QL04,3.4 Percentual de glosas referentes a profissionais não cadastrados no CNES (5% da parte variável – qualidade),"0,0% do total de glosas decorrentes da falta de cadastro de profissionais médicos da unidade no CNES",,Análise Impossibilitada,SEM DADOS,DOC061,8,018/2022,
2025-06,QL05,3.5 Percentual de glosas no SIA/SUS (10% da parte variável – qualidade),"Aferir percentual de glosas no SIA/SUS de até 10,0%",,Análise Impossibilitada,SEM DADOS,DOC061,8,018/2022,
2025-06,QL06,3.6 Percentual de glosas no SIH/SUS (10% da parte variável – qualidade),"Aferir percentual de glosas no SIH/SUS de até 10,0%",,Análise Impossibilitada,SEM DADOS,DOC061,8,018/2022,
2025-06,QL07,3.7 Entrega do relatório de prestação de contas mensal (5% da parte variável – qualidade),Envio de relatório de prestação de contas mensal até o dia 25 do mês subsequente à prestação do serviço,,Enviado no Prazo,INFORMADO,DOC061,8,018/2022,
2025-06,QL08,3.8 Qualidade da publicação das informação de transparência (10% da parte variável – qualidade),Atingir o grau “Desejado” da qualidade da publicação das informações de transparência,,“Moderado”,INFORMADO,DOC061,8,018/2022,
2025-06,QL09,3.9 Taxa de revisão de óbitos institucionais (5% da parte variável - qualidade),"Atingir valor ≥ 90,0% revisão dos prontuários de óbitos institucionais",100.0,"100,00%",INFORMADO,DOC061,8,018/2022,
2025-06,QL10,3.10 Taxa de infecção hospitalar (10% da parte variável - qualidade),"Apresentar total ≤ 7,5% de casos de infecções ocorridos no período.",1.71,"1,71%",INFORMADO,DOC061,8,018/2022,
2025-06,QL11,3.11 Número de plantões dos serviços de urgência e emergência restritos/fechados por falta de recursos humanos sem justificativa acolhida (10% da parte variável – qualidade),"Aferir 0 (zero) plantões dos serviços de urgência e emergência restritos/fechados por falta de profissional, sem justificativa acatada",0.0,0,INFORMADO,DOC061,8,018/2022,
2025-06,QL12,3.13 Taxa de execução do plano de educação permanente (10% da parte variável - qualidade),Atingir valor ≥ 90% das atividades previstas para o plano de educação permanente.,123.08,"123,08%",ALERTA,DOC061,8,018/2022,"Execução acima do planejado, preservada como informada; validar as atividades."
2025-07,M01,4.2 Serviço de Apoio Diagnóstico e Terapêutico (SADT),Envio das informações até o dia 25 do mês subsequente à execução,,Enviado no Prazo,INFORMADO,DOC061,9,018/2022,
2025-07,M02,4.1 Serviço de atenção domiciliar – equipes EMAD e EMAP (SAD),Envio das informações até o dia 25 do mês subsequente à execução,,Enviado no Prazo,INFORMADO,DOC061,9,018/2022,
2025-07,M04,3.12 Taxa de ocupação operacional geral e por clínica (não valorado),"Atingir taxa de ocupação operacional igual ou maior que 85,0% dos leitos",,"a) Geral: 138,54% b) Médica: 99,38% c) Card.: 98,71% d) Vascular:97,26% e) C. Geral: 98,39% f) Traumato: 98,24%",INFORMADO,DOC061,8,018/2022,Valores por clínica preservados no texto; não reduzir automaticamente a um percentual.
2025-07,QL01,3.1 Acolhimento com classificação de risco (5% da parte variável – qualidade),Classificar 100% dos Pacientes atendidos na unidade,100.28,"100,28%",INCONSISTÊNCIA NA FONTE,DOC061,8,018/2022,Percentual acima de 100 preservado como publicado; não normalizado nem utilizado na pontuação.
2025-07,QL02,3.2 Índice de satisfação do usuário (10% da parte variável – qualidade),"Atingir valor ≥ a 90,0% de satisfação do usuário, sendo necessário converter, no mínimo, 10,0% do total de atendimentos em pesquisas",98.92,"98,92%",INFORMADO,DOC061,8,018/2022,
2025-07,QL03,3.3 Taxa de aprovação da resolução das queixas recebidas (10% da parte variável – qualidade),"Alcançar aprovação de 80,0% ou mais da resolução das queixas recebidas",69.05,"69,05%",INFORMADO,DOC061,8,018/2022,
2025-07,QL04,3.4 Percentual de glosas referentes a profissionais não cadastrados no CNES (5% da parte variável – qualidade),"0,0% do total de glosas decorrentes da falta de cadastro de profissionais médicos da unidade no CNES",,Análise Impossibilitada,SEM DADOS,DOC061,8,018/2022,
2025-07,QL05,3.5 Percentual de glosas no SIA/SUS (10% da parte variável – qualidade),"Aferir percentual de glosas no SIA/SUS de até 10,0%",,Análise Impossibilitada,SEM DADOS,DOC061,8,018/2022,
2025-07,QL06,3.6 Percentual de glosas no SIH/SUS (10% da parte variável – qualidade),"Aferir percentual de glosas no SIH/SUS de até 10,0%",,Análise Impossibilitada,SEM DADOS,DOC061,8,018/2022,
2025-07,QL07,3.7 Entrega do relatório de prestação de contas mensal (5% da parte variável – qualidade),Envio de relatório de prestação de contas mensal até o dia 25 do mês subsequente à prestação do serviço,,Enviado no Prazo,INFORMADO,DOC061,8,018/2022,
2025-07,QL08,3.8 Qualidade da publicação das informação de transparência (10% da parte variável – qualidade),Atingir o grau “Desejado” da qualidade da publicação das informações de transparência,,“Desejado”,INFORMADO,DOC061,8,018/2022,
2025-07,QL09,3.9 Taxa de revisão de óbitos institucionais (5% da parte variável - qualidade),"Atingir valor ≥ 90,0% revisão dos prontuários de óbitos institucionais",,Não Informado,SEM DADOS,DOC061,8,018/2022,
2025-07,QL10,3.10 Taxa de infecção hospitalar (10% da parte variável - qualidade),"Apresentar total ≤ 7,5% de casos de infecções ocorridos no período.",1.87,"1,87%",INFORMADO,DOC061,8,018/2022,
2025-07,QL11,3.11 Número de plantões dos serviços de urgência e emergência restritos/fechados por falta de recursos humanos sem justificativa acolhida (10% da parte variável – qualidade),"Aferir 0 (zero) plantões dos serviços de urgência e emergência restritos/fechados por falta de profissional, sem justificativa acatada",0.0,0,INFORMADO,DOC061,8,018/2022,
2025-07,QL12,3.13 Taxa de execução do plano de educação permanente (10% da parte variável - qualidade),Atingir valor ≥ 90% das atividades previstas para o plano de educação permanente.,113.33,"113,33%",ALERTA,DOC061,8,018/2022,"Execução acima do planejado, preservada como informada; validar as atividades."
2025-08,M01,4.2 Serviço de Apoio Diagnóstico e Terapêutico (SADT),Envio das informações até o dia 25 do mês subsequente à execução,,Enviado no Prazo,INFORMADO,DOC061,9,018/2022,
2025-08,M02,4.1 Serviço de atenção domiciliar – equipes EMAD e EMAP (SAD),Envio das informações até o dia 25 do mês subsequente à execução,,Enviado no Prazo,INFORMADO,DOC061,9,018/2022,
2025-08,M04,3.12 Taxa de ocupação operacional geral e por clínica (não valorado),"Atingir taxa de ocupação operacional igual ou maior que 85,0% dos leitos",,"a) Geral: 156,36% b) Médica: 97,77% c) Card.: 96,94% d) Vascular: 85,00% e) C. Geral: 98,39% f) Traumato: 99,02%",INFORMADO,DOC061,8,018/2022,Valores por clínica preservados no texto; não reduzir automaticamente a um percentual.
2025-08,QL01,3.1 Acolhimento com classificação de risco (5% da parte variável – qualidade),Classificar 100% dos Pacientes atendidos na unidade,99.93,"99,93%",INFORMADO,DOC061,8,018/2022,
2025-08,QL02,3.2 Índice de satisfação do usuário (10% da parte variável – qualidade),"Atingir valor ≥ a 90,0% de satisfação do usuário, sendo necessário converter, no mínimo, 10,0% do total de atendimentos em pesquisas",97.39,"97,39%",INFORMADO,DOC061,8,018/2022,
2025-08,QL03,3.3 Taxa de aprovação da resolução das queixas recebidas (10% da parte variável – qualidade),"Alcançar aprovação de 80,0% ou mais da resolução das queixas recebidas",95.06,"95,06%",INFORMADO,DOC061,8,018/2022,
2025-08,QL04,3.4 Percentual de glosas referentes a profissionais não cadastrados no CNES (5% da parte variável – qualidade),"0,0% do total de glosas decorrentes da falta de cadastro de profissionais médicos da unidade no CNES",,Análise Impossibilitada,SEM DADOS,DOC061,8,018/2022,
2025-08,QL05,3.5 Percentual de glosas no SIA/SUS (10% da parte variável – qualidade),"Aferir percentual de glosas no SIA/SUS de até 10,0%",,Análise Impossibilitada,SEM DADOS,DOC061,8,018/2022,
2025-08,QL06,3.6 Percentual de glosas no SIH/SUS (10% da parte variável – qualidade),"Aferir percentual de glosas no SIH/SUS de até 10,0%",,Análise Impossibilitada,SEM DADOS,DOC061,8,018/2022,
2025-08,QL07,3.7 Entrega do relatório de prestação de contas mensal (5% da parte variável – qualidade),Envio de relatório de prestação de contas mensal até o dia 25 do mês subsequente à prestação do serviço,,Enviado no Prazo,INFORMADO,DOC061,8,018/2022,
2025-08,QL08,3.8 Qualidade da publicação das informação de transparência (10% da parte variável – qualidade),Atingir o grau “Desejado” da qualidade da publicação das informações de transparência,,“Desejado”,INFORMADO,DOC061,8,018/2022,
2025-08,QL09,3.9 Taxa de revisão de óbitos institucionais (5% da parte variável - qualidade),"Atingir valor ≥ 90,0% revisão dos prontuários de óbitos institucionais",,Não Informado,SEM DADOS,DOC061,8,018/2022,
2025-08,QL10,3.10 Taxa de infecção hospitalar (10% da parte variável - qualidade),"Apresentar total ≤ 7,5% de casos de infecções ocorridos no período.",1.67,"1,67%",INFORMADO,DOC061,8,018/2022,
2025-08,QL11,3.11 Número de plantões dos serviços de urgência e emergência restritos/fechados por falta de recursos humanos sem justificativa acolhida (10% da parte variável – qualidade),"Aferir 0 (zero) plantões dos serviços de urgência e emergência restritos/fechados por falta de profissional, sem justificativa acatada",3.0,3,INFORMADO,DOC061,8,018/2022,
2025-08,QL12,3.13 Taxa de execução do plano de educação permanente (10% da parte variável - qualidade),Atingir valor ≥ 90% das atividades previstas para o plano de educação permanente.,122.22,"122,22%",ALERTA,DOC061,8,018/2022,"Execução acima do planejado, preservada como informada; validar as atividades."
2025-09,M01,4.2 Serviço de Apoio Diagnóstico e Terapêutico (SADT),Envio das informações até o dia 25 do mês subsequente à execução,,Enviado no Prazo,INFORMADO,DOC061,9,018/2022,
2025-09,M02,4.1 Serviço de atenção domiciliar – equipes EMAD e EMAP (SAD),Envio das informações até o dia 25 do mês subsequente à execução,,Enviado no Prazo,INFORMADO,DOC061,9,018/2022,
2025-09,M04,3.12 Taxa de ocupação operacional geral e por clínica (não valorado),"Atingir taxa de ocupação operacional igual ou maior que 85,0% dos leitos",,"a) Geral: 145,37% b) Médica: 84,62% c) Card.: 93,50% d) Vascular: 93,33% e) C. Geral: 97,50% f) Traumato: 84,65%",INFORMADO,DOC061,8,018/2022,Valores por clínica preservados no texto; não reduzir automaticamente a um percentual.
2025-09,QL01,3.1 Acolhimento com classificação de risco (5% da parte variável – qualidade),Classificar 100% dos Pacientes atendidos na unidade,100.85,"100,85%",INCONSISTÊNCIA NA FONTE,DOC061,8,018/2022,Percentual acima de 100 preservado como publicado; não normalizado nem utilizado na pontuação.
2025-09,QL02,3.2 Índice de satisfação do usuário (10% da parte variável – qualidade),"Atingir valor ≥ a 90,0% de satisfação do usuário, sendo necessário converter, no mínimo, 10,0% do total de atendimentos em pesquisas",96.4,"96,40%",INFORMADO,DOC061,8,018/2022,
2025-09,QL03,3.3 Taxa de aprovação da resolução das queixas recebidas (10% da parte variável – qualidade),"Alcançar aprovação de 80,0% ou mais da resolução das queixas recebidas",94.83,"94,83%",INFORMADO,DOC061,8,018/2022,
2025-09,QL04,3.4 Percentual de glosas referentes a profissionais não cadastrados no CNES (5% da parte variável – qualidade),"0,0% do total de glosas decorrentes da falta de cadastro de profissionais médicos da unidade no CNES",,Análise Impossibilitada,SEM DADOS,DOC061,8,018/2022,
2025-09,QL05,3.5 Percentual de glosas no SIA/SUS (10% da parte variável – qualidade),"Aferir percentual de glosas no SIA/SUS de até 10,0%",,Análise Impossibilitada,SEM DADOS,DOC061,8,018/2022,
2025-09,QL06,3.6 Percentual de glosas no SIH/SUS (10% da parte variável – qualidade),"Aferir percentual de glosas no SIH/SUS de até 10,0%",,Análise Impossibilitada,SEM DADOS,DOC061,8,018/2022,
2025-09,QL07,3.7 Entrega do relatório de prestação de contas mensal (5% da parte variável – qualidade),Envio de relatório de prestação de contas mensal até o dia 25 do mês subsequente à prestação do serviço,,Enviado no Prazo,INFORMADO,DOC061,8,018/2022,
2025-09,QL08,3.8 Qualidade da publicação das informação de transparência (10% da parte variável – qualidade),Atingir o grau “Desejado” da qualidade da publicação das informações de transparência,,“Desejado”,INFORMADO,DOC061,8,018/2022,
2025-09,QL09,3.9 Taxa de revisão de óbitos institucionais (5% da parte variável - qualidade),"Atingir valor ≥ 90,0% revisão dos prontuários de óbitos institucionais",,Não Informado,SEM DADOS,DOC061,8,018/2022,
2025-09,QL10,3.10 Taxa de infecção hospitalar (10% da parte variável - qualidade),"Apresentar total ≤ 7,5% de casos de infecções ocorridos no período.",2.38,"2,38%",INFORMADO,DOC061,8,018/2022,
2025-09,QL11,3.11 Número de plantões dos serviços de urgência e emergência restritos/fechados por falta de recursos humanos sem justificativa acolhida (10% da parte variável – qualidade),"Aferir 0 (zero) plantões dos serviços de urgência e emergência restritos/fechados por falta de profissional, sem justificativa acatada",1.0,1,INFORMADO,DOC061,8,018/2022,
2025-09,QL12,3.13 Taxa de execução do plano de educação permanente (10% da parte variável - qualidade),Atingir valor ≥ 90% das atividades previstas para o plano de educação permanente.,114.29,"114,29%",ALERTA,DOC061,8,018/2022,"Execução acima do planejado, preservada como informada; validar as atividades."
2025-10,M01,4.2 Serviço de Apoio Diagnóstico e Terapêutico (SADT),Envio das informações até o dia 25 do mês subsequente à execução,,Enviado no Prazo,INFORMADO,DOC061,9,018/2022,
2025-10,M02,4.1 Serviço de atenção domiciliar – equipes EMAD e EMAP (SAD),Envio das informações até o dia 25 do mês subsequente à execução,,Enviado no Prazo,INFORMADO,DOC061,9,018/2022,
2025-10,M04,3.12 Taxa de ocupação operacional geral e por clínica (não valorado),"Atingir taxa de ocupação operacional igual ou maior que 85,0% dos leitos",,"a) Geral: 163,93% b) Médica: 98,99% c) Card.: 77,45% d) Vascular:98,87% e) C. Geral: 97,58% f) Traumato: 97,94%",INFORMADO,DOC061,8,018/2022,Valores por clínica preservados no texto; não reduzir automaticamente a um percentual.
2025-10,QL01,3.1 Acolhimento com classificação de risco (5% da parte variável – qualidade),Classificar 100% dos Pacientes atendidos na unidade,100.28,"100,28%",INCONSISTÊNCIA NA FONTE,DOC061,8,018/2022,Percentual acima de 100 preservado como publicado; não normalizado nem utilizado na pontuação.
2025-10,QL02,3.2 Índice de satisfação do usuário (10% da parte variável – qualidade),"Atingir valor ≥ a 90,0% de satisfação do usuário, sendo necessário converter, no mínimo, 10,0% do total de atendimentos em pesquisas",98.45,"98,45%",INFORMADO,DOC061,8,018/2022,
2025-10,QL03,3.3 Taxa de aprovação da resolução das queixas recebidas (10% da parte variável – qualidade),"Alcançar aprovação de 80,0% ou mais da resolução das queixas recebidas",78.48,"78,48%",INFORMADO,DOC061,8,018/2022,
2025-10,QL04,3.4 Percentual de glosas referentes a profissionais não cadastrados no CNES (5% da parte variável – qualidade),"0,0% do total de glosas decorrentes da falta de cadastro de profissionais médicos da unidade no CNES",,Análise Impossibilitada,SEM DADOS,DOC061,8,018/2022,
2025-10,QL05,3.5 Percentual de glosas no SIA/SUS (10% da parte variável – qualidade),"Aferir percentual de glosas no SIA/SUS de até 10,0%",,Análise Impossibilitada,SEM DADOS,DOC061,8,018/2022,
2025-10,QL06,3.6 Percentual de glosas no SIH/SUS (10% da parte variável – qualidade),"Aferir percentual de glosas no SIH/SUS de até 10,0%",,Análise Impossibilitada,SEM DADOS,DOC061,8,018/2022,
2025-10,QL07,3.7 Entrega do relatório de prestação de contas mensal (5% da parte variável – qualidade),Envio de relatório de prestação de contas mensal até o dia 25 do mês subsequente à prestação do serviço,,Enviado no Prazo,INFORMADO,DOC061,8,018/2022,
2025-10,QL08,3.8 Qualidade da publicação das informação de transparência (10% da parte variável – qualidade),Atingir o grau “Desejado” da qualidade da publicação das informações de transparência,,“Desejado”,INFORMADO,DOC061,8,018/2022,
2025-10,QL09,3.9 Taxa de revisão de óbitos institucionais (5% da parte variável - qualidade),"Atingir valor ≥ 90,0% revisão dos prontuários de óbitos institucionais",,Não Informado,SEM DADOS,DOC061,8,018/2022,
2025-10,QL10,3.10 Taxa de infecção hospitalar (10% da parte variável - qualidade),"Apresentar total ≤ 7,5% de casos de infecções ocorridos no período.",1.93,"1,93%",INFORMADO,DOC061,8,018/2022,
2025-10,QL11,3.11 Número de plantões dos serviços de urgência e emergência restritos/fechados por falta de recursos humanos sem justificativa acolhida (10% da parte variável – qualidade),"Aferir 0 (zero) plantões dos serviços de urgência e emergência restritos/fechados por falta de profissional, sem justificativa acatada",2.0,2,INFORMADO,DOC061,8,018/2022,
2025-10,QL12,3.13 Taxa de execução do plano de educação permanente (10% da parte variável - qualidade),Atingir valor ≥ 90% das atividades previstas para o plano de educação permanente.,97.3,"97,30%",INFORMADO,DOC061,8,018/2022,
2025-11,M01,4.2 Serviço de Apoio Diagnóstico e Terapêutico (SADT),Envio das informações até o dia 25 do mês subsequente à execução,,Enviado no Prazo,INFORMADO,DOC061,9,018/2022,
2025-11,M02,4.1 Serviço de atenção domiciliar – equipes EMAD e EMAP (SAD),Envio das informações até o dia 25 do mês subsequente à execução,,Enviado no Prazo,INFORMADO,DOC061,9,018/2022,
2025-11,M04,3.12 Taxa de ocupação operacional geral e por clínica (não valorado),"Atingir taxa de ocupação operacional igual ou maior que 85,0% dos leitos",,"a) Geral: 170,72% b) Médica: 98,75% c) Card.: 97,83% d) Vascular: 98,83% e) C. Geral: 92,50% f) Traumato: 85,27%",INFORMADO,DOC061,8,018/2022,Valores por clínica preservados no texto; não reduzir automaticamente a um percentual.
2025-11,QL01,3.1 Acolhimento com classificação de risco (5% da parte variável – qualidade),Classificar 100% dos Pacientes atendidos na unidade,99.93,"99,93%",INFORMADO,DOC061,8,018/2022,
2025-11,QL02,3.2 Índice de satisfação do usuário (10% da parte variável – qualidade),"Atingir valor ≥ a 90,0% de satisfação do usuário, sendo necessário converter, no mínimo, 10,0% do total de atendimentos em pesquisas",92.91,"92,91%",INFORMADO,DOC061,8,018/2022,
2025-11,QL03,3.3 Taxa de aprovação da resolução das queixas recebidas (10% da parte variável – qualidade),"Alcançar aprovação de 80,0% ou mais da resolução das queixas recebidas",78.05,"78,05%",INFORMADO,DOC061,8,018/2022,
2025-11,QL04,3.4 Percentual de glosas referentes a profissionais não cadastrados no CNES (5% da parte variável – qualidade),"0,0% do total de glosas decorrentes da falta de cadastro de profissionais médicos da unidade no CNES",,Análise Impossibilitada,SEM DADOS,DOC061,8,018/2022,
2025-11,QL05,3.5 Percentual de glosas no SIA/SUS (10% da parte variável – qualidade),"Aferir percentual de glosas no SIA/SUS de até 10,0%",,Análise Impossibilitada,SEM DADOS,DOC061,8,018/2022,
2025-11,QL06,3.6 Percentual de glosas no SIH/SUS (10% da parte variável – qualidade),"Aferir percentual de glosas no SIH/SUS de até 10,0%",,Análise Impossibilitada,SEM DADOS,DOC061,8,018/2022,
2025-11,QL07,3.7 Entrega do relatório de prestação de contas mensal (5% da parte variável – qualidade),Envio de relatório de prestação de contas mensal até o dia 25 do mês subsequente à prestação do serviço,,Enviado no Prazo,INFORMADO,DOC061,8,018/2022,
2025-11,QL08,3.8 Qualidade da publicação das informação de transparência (10% da parte variável – qualidade),Atingir o grau “Desejado” da qualidade da publicação das informações de transparência,,“Desejado”,INFORMADO,DOC061,8,018/2022,
2025-11,QL09,3.9 Taxa de revisão de óbitos institucionais (5% da parte variável - qualidade),"Atingir valor ≥ 90,0% revisão dos prontuários de óbitos institucionais",,Não Informado,SEM DADOS,DOC061,8,018/2022,
2025-11,QL10,3.10 Taxa de infecção hospitalar (10% da parte variável - qualidade),"Apresentar total ≤ 7,5% de casos de infecções ocorridos no período.",1.59,"1,59%",INFORMADO,DOC061,8,018/2022,
2025-11,QL11,3.11 Número de plantões dos serviços de urgência e emergência restritos/fechados por falta de recursos humanos sem justificativa acolhida (10% da parte variável – qualidade),"Aferir 0 (zero) plantões dos serviços de urgência e emergência restritos/fechados por falta de profissional, sem justificativa acatada",3.0,3,INFORMADO,DOC061,8,018/2022,
2025-11,QL12,3.13 Taxa de execução do plano de educação permanente (10% da parte variável - qualidade),Atingir valor ≥ 90% das atividades previstas para o plano de educação permanente.,177.27,"177,27%",ALERTA,DOC061,8,018/2022,"Execução acima do planejado, preservada como informada; validar as atividades."
2025-12,M01,4.2 Serviço de Apoio Diagnóstico e Terapêutico (SADT),Envio das informações até o dia 25 do mês subsequente à execução,,Enviado no Prazo,INFORMADO,DOC061,9,018/2022,
2025-12,M02,4.1 Serviço de atenção domiciliar – equipes EMAD e EMAP (SAD),Envio das informações até o dia 25 do mês subsequente à execução,,Enviado no Prazo,INFORMADO,DOC061,9,018/2022,
2025-12,M04,3.12 Taxa de ocupação operacional geral e por clínica (não valorado),"Atingir taxa de ocupação operacional igual ou maior que 85,0% dos leitos",,"a) Geral: 165,71% b) Médica: 97,38% c) Card.: 97,74% d) Vascular: 98,71% e) C. Geral: 98,39% f) Traumato: 87,47%",INFORMADO,DOC061,8,018/2022,Valores por clínica preservados no texto; não reduzir automaticamente a um percentual.
2025-12,QL01,3.1 Acolhimento com classificação de risco (5% da parte variável – qualidade),Classificar 100% dos Pacientes atendidos na unidade,100.22,"100,22%",INCONSISTÊNCIA NA FONTE,DOC061,8,018/2022,Percentual acima de 100 preservado como publicado; não normalizado nem utilizado na pontuação.
2025-12,QL02,3.2 Índice de satisfação do usuário (10% da parte variável – qualidade),"Atingir valor ≥ a 90,0% de satisfação do usuário, sendo necessário converter, no mínimo, 10,0% do total de atendimentos em pesquisas",93.46,"93,46%",INFORMADO,DOC061,8,018/2022,
2025-12,QL03,3.3 Taxa de aprovação da resolução das queixas recebidas (10% da parte variável – qualidade),"Alcançar aprovação de 80,0% ou mais da resolução das queixas recebidas",64.29,"64,29%",INFORMADO,DOC061,8,018/2022,
2025-12,QL04,3.4 Percentual de glosas referentes a profissionais não cadastrados no CNES (5% da parte variável – qualidade),"0,0% do total de glosas decorrentes da falta de cadastro de profissionais médicos da unidade no CNES",,Análise Impossibilitada,SEM DADOS,DOC061,8,018/2022,
2025-12,QL05,3.5 Percentual de glosas no SIA/SUS (10% da parte variável – qualidade),"Aferir percentual de glosas no SIA/SUS de até 10,0%",,Análise Impossibilitada,SEM DADOS,DOC061,8,018/2022,
2025-12,QL06,3.6 Percentual de glosas no SIH/SUS (10% da parte variável – qualidade),"Aferir percentual de glosas no SIH/SUS de até 10,0%",,Análise Impossibilitada,SEM DADOS,DOC061,8,018/2022,
2025-12,QL07,3.7 Entrega do relatório de prestação de contas mensal (5% da parte variável – qualidade),Envio de relatório de prestação de contas mensal até o dia 25 do mês subsequente à prestação do serviço,,Enviado no Prazo,INFORMADO,DOC061,8,018/2022,
2025-12,QL08,3.8 Qualidade da publicação das informação de transparência (10% da parte variável – qualidade),Atingir o grau “Desejado” da qualidade da publicação das informações de transparência,,“Desejado”,INFORMADO,DOC061,8,018/2022,
2025-12,QL09,3.9 Taxa de revisão de óbitos institucionais (5% da parte variável - qualidade),"Atingir valor ≥ 90,0% revisão dos prontuários de óbitos institucionais",,Não Informado,SEM DADOS,DOC061,8,018/2022,
2025-12,QL10,3.10 Taxa de infecção hospitalar (10% da parte variável - qualidade),"Apresentar total ≤ 7,5% de casos de infecções ocorridos no período.",0.76,"0,76%",INFORMADO,DOC061,8,018/2022,
2025-12,QL11,3.11 Número de plantões dos serviços de urgência e emergência restritos/fechados por falta de recursos humanos sem justificativa acolhida (10% da parte variável – qualidade),"Aferir 0 (zero) plantões dos serviços de urgência e emergência restritos/fechados por falta de profissional, sem justificativa acatada",13.0,13,INFORMADO,DOC061,8,018/2022,
2025-12,QL12,3.13 Taxa de execução do plano de educação permanente (10% da parte variável - qualidade),Atingir valor ≥ 90% das atividades previstas para o plano de educação permanente.,103.03,"103,03%",ALERTA,DOC061,8,018/2022,"Execução acima do planejado, preservada como informada; validar as atividades."
2026-01,QL01,QL01,Ver anexo rerratificado,100.28,100.28%,INCONSISTÊNCIA NA FONTE,DOC065,6,018/2022,Percentual acima de 100 na fonte.
2026-01,QL02,QL02,Ver anexo rerratificado,97.13,97.13%,INFORMADO,DOC065,6,018/2022,
2026-01,QL03,QL03,Ver anexo rerratificado,70.83,70.83%,INFORMADO,DOC065,6,018/2022,
2026-01,QL04,QL04,Ver anexo rerratificado,,Não informado / análise impossibilitada,SEM DADOS,DOC065,6,018/2022,
2026-01,QL05,QL05,Ver anexo rerratificado,,Não informado / análise impossibilitada,SEM DADOS,DOC065,6,018/2022,
2026-01,QL06,QL06,Ver anexo rerratificado,,Não informado / análise impossibilitada,SEM DADOS,DOC065,6,018/2022,
2026-01,QL07,QL07,Ver anexo rerratificado,,Enviado fora do prazo,INFORMADO,DOC065,6,018/2022,
2026-01,QL08,QL08,Ver anexo rerratificado,,Desejado,INFORMADO,DOC065,6,018/2022,
2026-01,QL09,QL09,Ver anexo rerratificado,,Não informado / análise impossibilitada,SEM DADOS,DOC065,6,018/2022,
2026-01,QL10,QL10,Ver anexo rerratificado,0.54,0.54%,INFORMADO,DOC065,6,018/2022,
2026-01,QL11,QL11,Ver anexo rerratificado,10.0,10%,INFORMADO,DOC065,6,018/2022,
2026-01,QL12,QL12,Ver anexo rerratificado,,Não informado / análise impossibilitada,SEM DADOS,DOC065,6,018/2022,
2026-02,QL01,QL01,Ver anexo rerratificado,100.08,100.08%,INCONSISTÊNCIA NA FONTE,DOC065,6,018/2022,Percentual acima de 100 na fonte.
2026-02,QL02,QL02,Ver anexo rerratificado,97.34,97.34%,INFORMADO,DOC065,6,018/2022,
2026-02,QL03,QL03,Ver anexo rerratificado,86.05,86.05%,INFORMADO,DOC065,6,018/2022,
2026-02,QL04,QL04,Ver anexo rerratificado,,Não informado / análise impossibilitada,SEM DADOS,DOC065,6,018/2022,
2026-02,QL05,QL05,Ver anexo rerratificado,,Não informado / análise impossibilitada,SEM DADOS,DOC065,6,018/2022,
2026-02,QL06,QL06,Ver anexo rerratificado,,Não informado / análise impossibilitada,SEM DADOS,DOC065,6,018/2022,
2026-02,QL07,QL07,Ver anexo rerratificado,,Enviado no Prazo,INFORMADO,DOC065,6,018/2022,
2026-02,QL08,QL08,Ver anexo rerratificado,,Desejado,INFORMADO,DOC065,6,018/2022,
2026-02,QL09,QL09,Ver anexo rerratificado,,Não informado / análise impossibilitada,SEM DADOS,DOC065,6,018/2022,
2026-02,QL10,QL10,Ver anexo rerratificado,0.9,0.9%,INFORMADO,DOC065,6,018/2022,
2026-02,QL11,QL11,Ver anexo rerratificado,5.0,5%,INFORMADO,DOC065,6,018/2022,
2026-02,QL12,QL12,Ver anexo rerratificado,,Não informado / análise impossibilitada,SEM DADOS,DOC065,6,018/2022,
2026-03,QL01,QL01,Ver anexo rerratificado,100.42,100.42%,INCONSISTÊNCIA NA FONTE,DOC065,6,018/2022,Percentual acima de 100 na fonte.
2026-03,QL02,QL02,Ver anexo rerratificado,96.63,96.63%,INFORMADO,DOC065,6,018/2022,
2026-03,QL03,QL03,Ver anexo rerratificado,78.57,78.57%,INFORMADO,DOC065,6,018/2022,
2026-03,QL04,QL04,Ver anexo rerratificado,,Não informado / análise impossibilitada,SEM DADOS,DOC065,6,018/2022,
2026-03,QL05,QL05,Ver anexo rerratificado,,Não informado / análise impossibilitada,SEM DADOS,DOC065,6,018/2022,
2026-03,QL06,QL06,Ver anexo rerratificado,,Não informado / análise impossibilitada,SEM DADOS,DOC065,6,018/2022,
2026-03,QL07,QL07,Ver anexo rerratificado,,Enviado no Prazo,INFORMADO,DOC065,6,018/2022,
2026-03,QL08,QL08,Ver anexo rerratificado,,Desejado,INFORMADO,DOC065,6,018/2022,
2026-03,QL09,QL09,Ver anexo rerratificado,,Não informado / análise impossibilitada,SEM DADOS,DOC065,6,018/2022,
2026-03,QL10,QL10,Ver anexo rerratificado,1.14,1.14%,INFORMADO,DOC065,6,018/2022,
2026-03,QL11,QL11,Ver anexo rerratificado,3.0,3%,INFORMADO,DOC065,6,018/2022,
2026-03,QL12,QL12,Ver anexo rerratificado,,Não informado / análise impossibilitada,SEM DADOS,DOC065,6,018/2022,
